user_id,uid,timestamp,status,punch,type,poll_time
550196,17084,2025-09-08 15:31:07,1,255,check-in,2026-02-10 12:11:03
550241,17085,2025-09-08 17:27:02,1,255,check-in,2026-02-10 12:11:03
550185,17086,2025-09-08 17:27:12,15,255,check-in,2026-02-10 12:11:03
550185,17087,2025-09-08 17:27:14,1,255,check-in,2026-02-10 12:11:03
550082,17088,2025-09-08 17:27:17,1,255,check-in,2026-02-10 12:11:03
550220,17089,2025-09-08 17:27:30,1,255,check-in,2026-02-10 12:11:03
550049,17090,2025-09-08 17:27:59,1,255,check-in,2026-02-10 12:11:03
550199,17091,2025-09-08 17:28:10,1,255,check-in,2026-02-10 12:11:03
550038,17092,2025-09-08 17:28:15,1,255,check-in,2026-02-10 12:11:03
550153,17093,2025-09-08 17:28:30,1,255,check-in,2026-02-10 12:11:03
550044,17094,2025-09-08 17:28:34,1,255,check-in,2026-02-10 12:11:03
660038,17095,2025-09-08 17:28:38,1,255,check-in,2026-02-10 12:11:03
660038,17096,2025-09-08 17:28:43,1,255,check-in,2026-02-10 12:11:03
660106,17097,2025-09-08 17:28:46,1,255,check-in,2026-02-10 12:11:03
550207,17098,2025-09-08 17:29:25,1,255,check-in,2026-02-10 12:11:03
550193,17099,2025-09-08 17:29:32,1,255,check-in,2026-02-10 12:11:03
550194,17100,2025-09-08 17:29:47,1,255,check-in,2026-02-10 12:11:03
000444,17101,2025-09-08 17:29:53,1,255,check-in,2026-02-10 12:11:03
550182,17102,2025-09-08 17:29:57,1,255,check-in,2026-02-10 12:11:03
550182,17103,2025-09-08 17:29:59,15,255,check-in,2026-02-10 12:11:03
550210,17104,2025-09-08 17:30:05,1,255,check-in,2026-02-10 12:11:03
550226,17105,2025-09-08 17:30:11,1,255,check-in,2026-02-10 12:11:03
550202,17106,2025-09-08 17:30:34,1,255,check-in,2026-02-10 12:11:03
550203,17107,2025-09-08 17:30:48,1,255,check-in,2026-02-10 12:11:03
000446,17108,2025-09-08 17:30:57,1,255,check-in,2026-02-10 12:11:03
550179,17109,2025-09-08 17:31:08,1,255,check-in,2026-02-10 12:11:03
550201,17110,2025-09-08 17:31:38,1,255,check-in,2026-02-10 12:11:03
550160,17111,2025-09-08 17:35:42,1,255,check-in,2026-02-10 12:11:03
000487,17112,2025-09-08 17:43:04,1,255,check-in,2026-02-10 12:11:03
550209,17113,2025-09-08 18:11:16,1,255,check-in,2026-02-10 12:11:03
550209,17114,2025-09-09 06:20:44,1,255,check-in,2026-02-10 12:11:03
550241,17115,2025-09-09 06:49:55,1,255,check-in,2026-02-10 12:11:03
550232,17116,2025-09-09 06:58:46,1,255,check-in,2026-02-10 12:11:03
550232,17117,2025-09-09 06:58:48,15,255,check-in,2026-02-10 12:11:03
550185,17118,2025-09-09 07:00:49,1,255,check-in,2026-02-10 12:11:03
550044,17119,2025-09-09 07:07:45,1,255,check-in,2026-02-10 12:11:03
550153,17120,2025-09-09 07:09:47,15,255,check-in,2026-02-10 12:11:03
000446,17121,2025-09-09 07:12:45,1,255,check-in,2026-02-10 12:11:03
550226,17122,2025-09-09 07:13:18,1,255,check-in,2026-02-10 12:11:03
550210,17123,2025-09-09 07:13:26,1,255,check-in,2026-02-10 12:11:03
550179,17124,2025-09-09 07:14:04,1,255,check-in,2026-02-10 12:11:03
550038,17125,2025-09-09 07:16:45,1,255,check-in,2026-02-10 12:11:03
550193,17126,2025-09-09 07:16:49,1,255,check-in,2026-02-10 12:11:03
550199,17127,2025-09-09 07:18:45,1,255,check-in,2026-02-10 12:11:03
550207,17128,2025-09-09 07:20:25,1,255,check-in,2026-02-10 12:11:03
550042,17129,2025-09-09 07:22:32,1,255,check-in,2026-02-10 12:11:03
550205,17130,2025-09-09 07:23:33,1,255,check-in,2026-02-10 12:11:03
550194,17131,2025-09-09 07:23:44,1,255,check-in,2026-02-10 12:11:03
000444,17132,2025-09-09 07:23:50,1,255,check-in,2026-02-10 12:11:03
550201,17133,2025-09-09 07:24:12,1,255,check-in,2026-02-10 12:11:03
550203,17134,2025-09-09 07:24:59,1,255,check-in,2026-02-10 12:11:03
550049,17135,2025-09-09 07:26:28,1,255,check-in,2026-02-10 12:11:03
550082,17136,2025-09-09 07:26:43,1,255,check-in,2026-02-10 12:11:03
660106,17137,2025-09-09 07:28:42,1,255,check-in,2026-02-10 12:11:03
550196,17138,2025-09-09 07:28:53,1,255,check-in,2026-02-10 12:11:03
000487,17139,2025-09-09 07:29:16,1,255,check-in,2026-02-10 12:11:03
550220,17140,2025-09-09 07:29:34,1,255,check-in,2026-02-10 12:11:03
550202,17141,2025-09-09 07:31:28,1,255,check-in,2026-02-10 12:11:03
550182,17142,2025-09-09 07:32:34,1,255,check-in,2026-02-10 12:11:03
550160,17143,2025-09-09 07:40:11,1,255,check-in,2026-02-10 12:11:03
660038,17144,2025-09-09 07:41:31,1,255,check-in,2026-02-10 12:11:03
000474,17145,2025-09-09 07:42:37,1,255,check-in,2026-02-10 12:11:03
000474,17146,2025-09-09 09:41:32,1,255,check-in,2026-02-10 12:11:03
550241,17147,2025-09-09 17:26:38,1,255,check-in,2026-02-10 12:11:03
550220,17148,2025-09-09 17:26:49,1,255,check-in,2026-02-10 12:11:03
550082,17149,2025-09-09 17:26:58,1,255,check-in,2026-02-10 12:11:03
550185,17150,2025-09-09 17:27:09,1,255,check-in,2026-02-10 12:11:03
550049,17151,2025-09-09 17:27:25,1,255,check-in,2026-02-10 12:11:03
550199,17152,2025-09-09 17:27:34,1,255,check-in,2026-02-10 12:11:03
550038,17153,2025-09-09 17:27:44,1,255,check-in,2026-02-10 12:11:03
000444,17154,2025-09-09 17:27:47,1,255,check-in,2026-02-10 12:11:03
550205,17155,2025-09-09 17:27:51,1,255,check-in,2026-02-10 12:11:03
000446,17156,2025-09-09 17:27:59,1,255,check-in,2026-02-10 12:11:03
550207,17157,2025-09-09 17:28:08,1,255,check-in,2026-02-10 12:11:03
550042,17158,2025-09-09 17:28:10,1,255,check-in,2026-02-10 12:11:03
550153,17159,2025-09-09 17:28:14,1,255,check-in,2026-02-10 12:11:03
550044,17160,2025-09-09 17:28:26,1,255,check-in,2026-02-10 12:11:03
550193,17161,2025-09-09 17:28:29,1,255,check-in,2026-02-10 12:11:03
550232,17162,2025-09-09 17:28:31,1,255,check-in,2026-02-10 12:11:03
550194,17163,2025-09-09 17:28:33,1,255,check-in,2026-02-10 12:11:03
660038,17164,2025-09-09 17:28:37,1,255,check-in,2026-02-10 12:11:03
550182,17165,2025-09-09 17:28:43,1,255,check-in,2026-02-10 12:11:03
550210,17166,2025-09-09 17:28:49,1,255,check-in,2026-02-10 12:11:03
550226,17167,2025-09-09 17:28:54,1,255,check-in,2026-02-10 12:11:03
550196,17168,2025-09-09 17:28:58,1,255,check-in,2026-02-10 12:11:03
550202,17169,2025-09-09 17:29:03,15,255,check-in,2026-02-10 12:11:03
550202,17170,2025-09-09 17:29:05,1,255,check-in,2026-02-10 12:11:03
550160,17171,2025-09-09 17:29:19,1,255,check-in,2026-02-10 12:11:03
550203,17172,2025-09-09 17:29:38,1,255,check-in,2026-02-10 12:11:03
550179,17173,2025-09-09 17:30:20,1,255,check-in,2026-02-10 12:11:03
660106,17174,2025-09-09 17:32:49,1,255,check-in,2026-02-10 12:11:03
000487,17175,2025-09-09 17:37:03,1,255,check-in,2026-02-10 12:11:03
550201,17176,2025-09-09 17:48:53,15,255,check-in,2026-02-10 12:11:03
550201,17177,2025-09-09 17:48:55,15,255,check-in,2026-02-10 12:11:03
550209,17178,2025-09-09 18:04:55,1,255,check-in,2026-02-10 12:11:03
550209,17179,2025-09-10 06:21:09,1,255,check-in,2026-02-10 12:11:03
550241,17180,2025-09-10 06:53:21,1,255,check-in,2026-02-10 12:11:03
000446,17181,2025-09-10 07:07:18,1,255,check-in,2026-02-10 12:11:03
550232,17182,2025-09-10 07:07:28,1,255,check-in,2026-02-10 12:11:03
550044,17183,2025-09-10 07:09:24,1,255,check-in,2026-02-10 12:11:03
550185,17184,2025-09-10 07:10:13,1,255,check-in,2026-02-10 12:11:03
550153,17185,2025-09-10 07:13:13,1,255,check-in,2026-02-10 12:11:03
550038,17186,2025-09-10 07:17:15,1,255,check-in,2026-02-10 12:11:03
550042,17187,2025-09-10 07:19:21,1,255,check-in,2026-02-10 12:11:03
550201,17188,2025-09-10 07:20:24,1,255,check-in,2026-02-10 12:11:03
550049,17189,2025-09-10 07:21:38,1,255,check-in,2026-02-10 12:11:03
550207,17190,2025-09-10 07:21:48,1,255,check-in,2026-02-10 12:11:03
550210,17191,2025-09-10 07:21:57,1,255,check-in,2026-02-10 12:11:03
550194,17192,2025-09-10 07:22:51,1,255,check-in,2026-02-10 12:11:03
550179,17193,2025-09-10 07:23:12,1,255,check-in,2026-02-10 12:11:03
550226,17194,2025-09-10 07:24:15,1,255,check-in,2026-02-10 12:11:03
550203,17195,2025-09-10 07:24:36,1,255,check-in,2026-02-10 12:11:03
550199,17196,2025-09-10 07:25:02,1,255,check-in,2026-02-10 12:11:03
550199,17197,2025-09-10 07:25:03,1,255,check-in,2026-02-10 12:11:03
550193,17198,2025-09-10 07:25:14,1,255,check-in,2026-02-10 12:11:03
550205,17199,2025-09-10 07:25:32,1,255,check-in,2026-02-10 12:11:03
000444,17200,2025-09-10 07:25:38,1,255,check-in,2026-02-10 12:11:03
550082,17201,2025-09-10 07:26:06,1,255,check-in,2026-02-10 12:11:03
550196,17202,2025-09-10 07:27:34,1,255,check-in,2026-02-10 12:11:03
550202,17203,2025-09-10 07:32:04,1,255,check-in,2026-02-10 12:11:03
660106,17204,2025-09-10 07:32:59,1,255,check-in,2026-02-10 12:11:03
000487,17205,2025-09-10 07:33:30,1,255,check-in,2026-02-10 12:11:03
660038,17206,2025-09-10 07:40:44,1,255,check-in,2026-02-10 12:11:03
550160,17207,2025-09-10 07:42:17,1,255,check-in,2026-02-10 12:11:03
550182,17208,2025-09-10 09:24:13,1,255,check-in,2026-02-10 12:11:03
550226,17209,2025-09-10 12:43:25,1,255,check-in,2026-02-10 12:11:03
550082,17210,2025-09-10 17:27:08,1,255,check-in,2026-02-10 12:11:03
550241,17211,2025-09-10 17:27:18,1,255,check-in,2026-02-10 12:11:03
550185,17212,2025-09-10 17:27:49,15,255,check-in,2026-02-10 12:11:03
550049,17213,2025-09-10 17:27:53,1,255,check-in,2026-02-10 12:11:03
550038,17214,2025-09-10 17:28:05,1,255,check-in,2026-02-10 12:11:03
550207,17215,2025-09-10 17:28:35,1,255,check-in,2026-02-10 12:11:03
550199,17216,2025-09-10 17:28:38,1,255,check-in,2026-02-10 12:11:03
550042,17217,2025-09-10 17:28:41,1,255,check-in,2026-02-10 12:11:03
550194,17218,2025-09-10 17:28:44,1,255,check-in,2026-02-10 12:11:03
550205,17219,2025-09-10 17:28:48,1,255,check-in,2026-02-10 12:11:03
660038,17220,2025-09-10 17:28:51,1,255,check-in,2026-02-10 12:11:03
000444,17221,2025-09-10 17:28:54,1,255,check-in,2026-02-10 12:11:03
550193,17222,2025-09-10 17:29:11,1,255,check-in,2026-02-10 12:11:03
000446,17223,2025-09-10 17:29:20,1,255,check-in,2026-02-10 12:11:03
550160,17224,2025-09-10 17:29:27,1,255,check-in,2026-02-10 12:11:03
550210,17225,2025-09-10 17:29:37,1,255,check-in,2026-02-10 12:11:03
550203,17226,2025-09-10 17:29:41,1,255,check-in,2026-02-10 12:11:03
660106,17227,2025-09-10 17:29:56,1,255,check-in,2026-02-10 12:11:03
550202,17228,2025-09-10 17:30:02,15,255,check-in,2026-02-10 12:11:03
550202,17229,2025-09-10 17:30:04,1,255,check-in,2026-02-10 12:11:03
550182,17230,2025-09-10 17:30:08,1,255,check-in,2026-02-10 12:11:03
550044,17231,2025-09-10 17:30:12,1,255,check-in,2026-02-10 12:11:03
550179,17232,2025-09-10 17:30:44,1,255,check-in,2026-02-10 12:11:03
000487,17233,2025-09-10 17:36:24,1,255,check-in,2026-02-10 12:11:03
550201,17234,2025-09-10 17:37:46,1,255,check-in,2026-02-10 12:11:03
550201,17235,2025-09-10 17:37:48,15,255,check-in,2026-02-10 12:11:03
550232,17236,2025-09-10 17:39:20,1,255,check-in,2026-02-10 12:11:03
550209,17237,2025-09-10 18:18:22,1,255,check-in,2026-02-10 12:11:03
550153,17238,2025-09-10 18:57:32,1,255,check-in,2026-02-10 12:11:03
550196,17239,2025-09-10 19:00:36,1,255,check-in,2026-02-10 12:11:03
550209,17240,2025-09-11 06:17:18,1,255,check-in,2026-02-10 12:11:03
550241,17241,2025-09-11 06:51:14,1,255,check-in,2026-02-10 12:11:03
550044,17242,2025-09-11 06:56:02,1,255,check-in,2026-02-10 12:11:03
550185,17243,2025-09-11 06:58:21,1,255,check-in,2026-02-10 12:11:03
550232,17244,2025-09-11 06:58:41,1,255,check-in,2026-02-10 12:11:03
550038,17245,2025-09-11 07:03:24,1,255,check-in,2026-02-10 12:11:03
000446,17246,2025-09-11 07:09:45,1,255,check-in,2026-02-10 12:11:03
550153,17247,2025-09-11 07:11:51,1,255,check-in,2026-02-10 12:11:03
550201,17248,2025-09-11 07:12:50,1,255,check-in,2026-02-10 12:11:03
550193,17249,2025-09-11 07:14:57,1,255,check-in,2026-02-10 12:11:03
550210,17250,2025-09-11 07:16:24,1,255,check-in,2026-02-10 12:11:03
550082,17251,2025-09-11 07:25:08,1,255,check-in,2026-02-10 12:11:03
000444,17252,2025-09-11 07:25:12,1,255,check-in,2026-02-10 12:11:03
660038,17253,2025-09-11 07:26:34,1,255,check-in,2026-02-10 12:11:03
550049,17254,2025-09-11 07:26:40,1,255,check-in,2026-02-10 12:11:03
550207,17255,2025-09-11 07:26:46,1,255,check-in,2026-02-10 12:11:03
550220,17256,2025-09-11 07:26:52,1,255,check-in,2026-02-10 12:11:03
550199,17257,2025-09-11 07:26:56,1,255,check-in,2026-02-10 12:11:03
550203,17258,2025-09-11 07:27:29,1,255,check-in,2026-02-10 12:11:03
000487,17259,2025-09-11 07:29:28,1,255,check-in,2026-02-10 12:11:03
550179,17260,2025-09-11 07:30:59,1,255,check-in,2026-02-10 12:11:03
550196,17261,2025-09-11 07:32:19,1,255,check-in,2026-02-10 12:11:03
550205,17262,2025-09-11 07:32:34,1,255,check-in,2026-02-10 12:11:03
550202,17263,2025-09-11 07:32:44,1,255,check-in,2026-02-10 12:11:03
550182,17264,2025-09-11 07:34:18,1,255,check-in,2026-02-10 12:11:03
550160,17265,2025-09-11 07:40:58,1,255,check-in,2026-02-10 12:11:03
660106,17266,2025-09-11 07:42:41,1,255,check-in,2026-02-10 12:11:03
550042,17267,2025-09-11 09:02:43,1,255,check-in,2026-02-10 12:11:03
550194,17268,2025-09-11 12:33:36,1,255,check-in,2026-02-10 12:11:03
550182,17269,2025-09-11 15:30:15,1,255,check-in,2026-02-10 12:11:03
550202,17270,2025-09-11 15:30:26,1,255,check-in,2026-02-10 12:11:03
550082,17271,2025-09-11 17:26:12,1,255,check-in,2026-02-10 12:11:03
550241,17272,2025-09-11 17:26:22,1,255,check-in,2026-02-10 12:11:03
550220,17273,2025-09-11 17:26:44,1,255,check-in,2026-02-10 12:11:03
550196,17274,2025-09-11 17:26:49,1,255,check-in,2026-02-10 12:11:03
550038,17275,2025-09-11 17:26:51,1,255,check-in,2026-02-10 12:11:03
550049,17276,2025-09-11 17:27:03,1,255,check-in,2026-02-10 12:11:03
550199,17277,2025-09-11 17:27:06,1,255,check-in,2026-02-10 12:11:03
550205,17278,2025-09-11 17:27:12,1,255,check-in,2026-02-10 12:11:03
000444,17279,2025-09-11 17:27:15,1,255,check-in,2026-02-10 12:11:03
550207,17280,2025-09-11 17:27:18,1,255,check-in,2026-02-10 12:11:03
000446,17281,2025-09-11 17:27:26,1,255,check-in,2026-02-10 12:11:03
550042,17282,2025-09-11 17:27:41,1,255,check-in,2026-02-10 12:11:03
550194,17283,2025-09-11 17:27:50,1,255,check-in,2026-02-10 12:11:03
550232,17284,2025-09-11 17:27:54,1,255,check-in,2026-02-10 12:11:03
550232,17285,2025-09-11 17:27:56,15,255,check-in,2026-02-10 12:11:03
550153,17286,2025-09-11 17:28:04,1,255,check-in,2026-02-10 12:11:03
550044,17287,2025-09-11 17:28:17,1,255,check-in,2026-02-10 12:11:03
550193,17288,2025-09-11 17:28:21,1,255,check-in,2026-02-10 12:11:03
550210,17289,2025-09-11 17:28:27,1,255,check-in,2026-02-10 12:11:03
550203,17290,2025-09-11 17:28:43,1,255,check-in,2026-02-10 12:11:03
550179,17291,2025-09-11 17:29:07,1,255,check-in,2026-02-10 12:11:03
550160,17292,2025-09-11 17:29:12,1,255,check-in,2026-02-10 12:11:03
660106,17293,2025-09-11 17:29:20,1,255,check-in,2026-02-10 12:11:03
660038,17294,2025-09-11 17:29:32,1,255,check-in,2026-02-10 12:11:03
550201,17295,2025-09-11 17:34:27,1,255,check-in,2026-02-10 12:11:03
000487,17296,2025-09-11 17:37:05,1,255,check-in,2026-02-10 12:11:03
550209,17297,2025-09-11 18:06:36,1,255,check-in,2026-02-10 12:11:03
550201,17298,2025-09-12 06:30:36,1,255,check-in,2026-02-10 12:11:03
550201,17299,2025-09-12 06:30:38,15,255,check-in,2026-02-10 12:11:03
550241,17300,2025-09-12 06:51:31,1,255,check-in,2026-02-10 12:11:03
550044,17301,2025-09-12 07:09:50,1,255,check-in,2026-02-10 12:11:03
550153,17302,2025-09-12 07:11:21,1,255,check-in,2026-02-10 12:11:03
000444,17303,2025-09-12 07:15:11,1,255,check-in,2026-02-10 12:11:03
000446,17304,2025-09-12 07:15:34,1,255,check-in,2026-02-10 12:11:03
550226,17305,2025-09-12 07:15:41,1,255,check-in,2026-02-10 12:11:03
550038,17306,2025-09-12 07:16:06,1,255,check-in,2026-02-10 12:11:03
550179,17307,2025-09-12 07:16:11,1,255,check-in,2026-02-10 12:11:03
550199,17308,2025-09-12 07:19:47,1,255,check-in,2026-02-10 12:11:03
550205,17309,2025-09-12 07:22:02,1,255,check-in,2026-02-10 12:11:03
550207,17310,2025-09-12 07:22:13,1,255,check-in,2026-02-10 12:11:03
550203,17311,2025-09-12 07:22:48,15,255,check-in,2026-02-10 12:11:03
550203,17312,2025-09-12 07:22:50,15,255,check-in,2026-02-10 12:11:03
550193,17313,2025-09-12 07:23:43,1,255,check-in,2026-02-10 12:11:03
550082,17314,2025-09-12 07:25:08,1,255,check-in,2026-02-10 12:11:03
550042,17315,2025-09-12 07:25:15,1,255,check-in,2026-02-10 12:11:03
550196,17316,2025-09-12 07:27:16,1,255,check-in,2026-02-10 12:11:03
550220,17317,2025-09-12 07:28:49,1,255,check-in,2026-02-10 12:11:03
550202,17318,2025-09-12 07:31:12,1,255,check-in,2026-02-10 12:11:03
550194,17319,2025-09-12 07:31:16,1,255,check-in,2026-02-10 12:11:03
000487,17320,2025-09-12 07:31:57,1,255,check-in,2026-02-10 12:11:03
550049,17321,2025-09-12 07:32:31,1,255,check-in,2026-02-10 12:11:03
660106,17322,2025-09-12 07:36:15,1,255,check-in,2026-02-10 12:11:03
550210,17323,2025-09-12 09:51:27,1,255,check-in,2026-02-10 12:11:03
550082,17324,2025-09-12 17:27:35,1,255,check-in,2026-02-10 12:11:03
660038,17325,2025-09-12 17:27:42,1,255,check-in,2026-02-10 12:11:03
550241,17326,2025-09-12 17:27:50,1,255,check-in,2026-02-10 12:11:03
550196,17327,2025-09-12 17:27:56,1,255,check-in,2026-02-10 12:11:03
550205,17328,2025-09-12 17:28:03,1,255,check-in,2026-02-10 12:11:03
000444,17329,2025-09-12 17:28:06,1,255,check-in,2026-02-10 12:11:03
550220,17330,2025-09-12 17:28:15,1,255,check-in,2026-02-10 12:11:03
550044,17331,2025-09-12 17:28:24,1,255,check-in,2026-02-10 12:11:03
550042,17332,2025-09-12 17:28:25,15,255,check-in,2026-02-10 12:11:03
550042,17333,2025-09-12 17:28:30,1,255,check-in,2026-02-10 12:11:03
660106,17334,2025-09-12 17:28:33,1,255,check-in,2026-02-10 12:11:03
000446,17335,2025-09-12 17:28:43,1,255,check-in,2026-02-10 12:11:03
550049,17336,2025-09-12 17:28:49,1,255,check-in,2026-02-10 12:11:03
550194,17337,2025-09-12 17:28:54,1,255,check-in,2026-02-10 12:11:03
550038,17338,2025-09-12 17:28:57,1,255,check-in,2026-02-10 12:11:03
550185,17339,2025-09-12 17:29:02,1,255,check-in,2026-02-10 12:11:03
550207,17340,2025-09-12 17:29:05,1,255,check-in,2026-02-10 12:11:03
550199,17341,2025-09-12 17:29:12,1,255,check-in,2026-02-10 12:11:03
550179,17342,2025-09-12 17:29:16,1,255,check-in,2026-02-10 12:11:03
550203,17343,2025-09-12 17:29:21,1,255,check-in,2026-02-10 12:11:03
550153,17344,2025-09-12 17:29:24,1,255,check-in,2026-02-10 12:11:03
550226,17345,2025-09-12 17:29:33,1,255,check-in,2026-02-10 12:11:03
550210,17346,2025-09-12 17:30:27,1,255,check-in,2026-02-10 12:11:03
550202,17347,2025-09-12 17:30:32,15,255,check-in,2026-02-10 12:11:03
550202,17348,2025-09-12 17:30:35,15,255,check-in,2026-02-10 12:11:03
550202,17349,2025-09-12 17:30:37,1,255,check-in,2026-02-10 12:11:03
550201,17350,2025-09-12 17:30:52,15,255,check-in,2026-02-10 12:11:03
550201,17351,2025-09-12 17:30:54,15,255,check-in,2026-02-10 12:11:03
000487,17352,2025-09-12 17:33:28,1,255,check-in,2026-02-10 12:11:03
550193,17353,2025-09-12 17:34:55,1,255,check-in,2026-02-10 12:11:03
550044,17354,2025-09-14 07:44:40,1,255,check-in,2026-02-10 12:11:03
550241,17355,2025-09-15 06:49:04,1,255,check-in,2026-02-10 12:11:03
550232,17356,2025-09-15 06:58:07,1,255,check-in,2026-02-10 12:11:03
550232,17357,2025-09-15 06:58:09,15,255,check-in,2026-02-10 12:11:03
550044,17358,2025-09-15 07:05:10,1,255,check-in,2026-02-10 12:11:03
550038,17359,2025-09-15 07:13:43,1,255,check-in,2026-02-10 12:11:03
550194,17360,2025-09-15 07:13:56,1,255,check-in,2026-02-10 12:11:03
550207,17361,2025-09-15 07:16:04,1,255,check-in,2026-02-10 12:11:03
550201,17362,2025-09-15 07:17:22,1,255,check-in,2026-02-10 12:11:03
550226,17363,2025-09-15 07:20:05,1,255,check-in,2026-02-10 12:11:03
550179,17364,2025-09-15 07:22:00,1,255,check-in,2026-02-10 12:11:03
550082,17365,2025-09-15 07:22:38,1,255,check-in,2026-02-10 12:11:03
550203,17366,2025-09-15 07:22:59,1,255,check-in,2026-02-10 12:11:03
550196,17367,2025-09-15 07:24:46,1,255,check-in,2026-02-10 12:11:03
550220,17368,2025-09-15 07:26:37,1,255,check-in,2026-02-10 12:11:03
550193,17369,2025-09-15 07:27:27,1,255,check-in,2026-02-10 12:11:03
550182,17370,2025-09-15 07:28:46,1,255,check-in,2026-02-10 12:11:03
550049,17371,2025-09-15 07:31:49,1,255,check-in,2026-02-10 12:11:03
550202,17372,2025-09-15 07:31:53,1,255,check-in,2026-02-10 12:11:03
550199,17373,2025-09-15 07:31:57,1,255,check-in,2026-02-10 12:11:03
550042,17374,2025-09-15 07:33:48,1,255,check-in,2026-02-10 12:11:03
660038,17375,2025-09-15 07:34:07,1,255,check-in,2026-02-10 12:11:03
660106,17376,2025-09-15 07:37:23,1,255,check-in,2026-02-10 12:11:03
550160,17377,2025-09-15 07:40:30,1,255,check-in,2026-02-10 12:11:03
550160,17378,2025-09-15 07:40:37,1,255,check-in,2026-02-10 12:11:03
550209,17379,2025-09-15 07:54:14,1,255,check-in,2026-02-10 12:11:03
550210,17380,2025-09-15 09:30:37,1,255,check-in,2026-02-10 12:11:03
550241,17381,2025-09-15 17:27:12,1,255,check-in,2026-02-10 12:11:03
550082,17382,2025-09-15 17:27:16,1,255,check-in,2026-02-10 12:11:03
550185,17383,2025-09-15 17:27:22,15,255,check-in,2026-02-10 12:11:03
550185,17384,2025-09-15 17:27:24,1,255,check-in,2026-02-10 12:11:03
550220,17385,2025-09-15 17:27:27,1,255,check-in,2026-02-10 12:11:03
550196,17386,2025-09-15 17:27:38,1,255,check-in,2026-02-10 12:11:03
550049,17387,2025-09-15 17:27:41,1,255,check-in,2026-02-10 12:11:03
550207,17388,2025-09-15 17:28:03,1,255,check-in,2026-02-10 12:11:03
550199,17389,2025-09-15 17:28:13,1,255,check-in,2026-02-10 12:11:03
550038,17390,2025-09-15 17:28:21,1,255,check-in,2026-02-10 12:11:03
550194,17391,2025-09-15 17:28:32,1,255,check-in,2026-02-10 12:11:03
550044,17392,2025-09-15 17:28:38,1,255,check-in,2026-02-10 12:11:03
660106,17393,2025-09-15 17:28:43,1,255,check-in,2026-02-10 12:11:03
550042,17394,2025-09-15 17:28:47,1,255,check-in,2026-02-10 12:11:03
660038,17395,2025-09-15 17:28:51,1,255,check-in,2026-02-10 12:11:03
550210,17396,2025-09-15 17:28:57,1,255,check-in,2026-02-10 12:11:03
550182,17397,2025-09-15 17:29:00,1,255,check-in,2026-02-10 12:11:03
550232,17398,2025-09-15 17:29:06,1,255,check-in,2026-02-10 12:11:03
550202,17399,2025-09-15 17:29:15,1,255,check-in,2026-02-10 12:11:03
550179,17400,2025-09-15 17:29:49,1,255,check-in,2026-02-10 12:11:03
550226,17401,2025-09-15 17:29:57,1,255,check-in,2026-02-10 12:11:03
550203,17402,2025-09-15 17:30:11,1,255,check-in,2026-02-10 12:11:03
550193,17403,2025-09-15 17:30:29,1,255,check-in,2026-02-10 12:11:03
550160,17404,2025-09-15 17:33:03,1,255,check-in,2026-02-10 12:11:03
550201,17405,2025-09-15 17:34:05,1,255,check-in,2026-02-10 12:11:03
550209,17406,2025-09-15 18:06:31,1,255,check-in,2026-02-10 12:11:03
550209,17407,2025-09-16 06:15:52,1,255,check-in,2026-02-10 12:11:03
550241,17408,2025-09-16 06:37:44,1,255,check-in,2026-02-10 12:11:03
550232,17409,2025-09-16 07:00:10,1,255,check-in,2026-02-10 12:11:03
550185,17410,2025-09-16 07:03:11,1,255,check-in,2026-02-10 12:11:03
550194,17411,2025-09-16 07:11:30,1,255,check-in,2026-02-10 12:11:03
000446,17412,2025-09-16 07:11:49,1,255,check-in,2026-02-10 12:11:03
550153,17413,2025-09-16 07:12:32,1,255,check-in,2026-02-10 12:11:03
550199,17414,2025-09-16 07:12:56,1,255,check-in,2026-02-10 12:11:03
550201,17415,2025-09-16 07:14:53,1,255,check-in,2026-02-10 12:11:03
550038,17416,2025-09-16 07:16:26,1,255,check-in,2026-02-10 12:11:03
550226,17417,2025-09-16 07:17:43,1,255,check-in,2026-02-10 12:11:03
550179,17418,2025-09-16 07:20:24,1,255,check-in,2026-02-10 12:11:03
550044,17419,2025-09-16 07:20:37,1,255,check-in,2026-02-10 12:11:03
000474,17420,2025-09-16 07:22:27,15,255,check-in,2026-02-10 12:11:03
000474,17421,2025-09-16 07:22:49,1,255,check-in,2026-02-10 12:11:03
550193,17422,2025-09-16 07:23:37,1,255,check-in,2026-02-10 12:11:03
550182,17423,2025-09-16 07:24:48,1,255,check-in,2026-02-10 12:11:03
550220,17424,2025-09-16 07:24:53,1,255,check-in,2026-02-10 12:11:03
550203,17425,2025-09-16 07:27:31,1,255,check-in,2026-02-10 12:11:03
000444,17426,2025-09-16 07:29:18,1,255,check-in,2026-02-10 12:11:03
550196,17427,2025-09-16 07:29:28,1,255,check-in,2026-02-10 12:11:03
550042,17428,2025-09-16 07:30:24,1,255,check-in,2026-02-10 12:11:03
550202,17429,2025-09-16 07:30:30,1,255,check-in,2026-02-10 12:11:03
660038,17430,2025-09-16 07:32:07,1,255,check-in,2026-02-10 12:11:03
550210,17431,2025-09-16 07:34:31,1,255,check-in,2026-02-10 12:11:03
000487,17432,2025-09-16 07:35:01,1,255,check-in,2026-02-10 12:11:03
550207,17433,2025-09-16 07:36:21,1,255,check-in,2026-02-10 12:11:03
550160,17434,2025-09-16 07:42:03,1,255,check-in,2026-02-10 12:11:03
550082,17435,2025-09-16 11:29:48,1,255,check-in,2026-02-10 12:11:03
550082,17436,2025-09-16 17:27:38,1,255,check-in,2026-02-10 12:11:03
550241,17437,2025-09-16 17:27:46,1,255,check-in,2026-02-10 12:11:03
550196,17438,2025-09-16 17:27:55,1,255,check-in,2026-02-10 12:11:03
550232,17439,2025-09-16 17:28:04,1,255,check-in,2026-02-10 12:11:03
000444,17440,2025-09-16 17:28:08,1,255,check-in,2026-02-10 12:11:03
660038,17441,2025-09-16 17:28:11,1,255,check-in,2026-02-10 12:11:03
550220,17442,2025-09-16 17:28:15,1,255,check-in,2026-02-10 12:11:03
550194,17443,2025-09-16 17:28:17,1,255,check-in,2026-02-10 12:11:03
550207,17444,2025-09-16 17:28:21,1,255,check-in,2026-02-10 12:11:03
550044,17445,2025-09-16 17:28:26,1,255,check-in,2026-02-10 12:11:03
550042,17446,2025-09-16 17:28:29,1,255,check-in,2026-02-10 12:11:03
550038,17447,2025-09-16 17:28:32,1,255,check-in,2026-02-10 12:11:03
000446,17448,2025-09-16 17:28:36,1,255,check-in,2026-02-10 12:11:03
550199,17449,2025-09-16 17:28:48,1,255,check-in,2026-02-10 12:11:03
550153,17450,2025-09-16 17:28:53,1,255,check-in,2026-02-10 12:11:03
000474,17451,2025-09-16 17:29:13,1,255,check-in,2026-02-10 12:11:03
550182,17452,2025-09-16 17:29:33,1,255,check-in,2026-02-10 12:11:03
550182,17453,2025-09-16 17:29:35,15,255,check-in,2026-02-10 12:11:03
550202,17454,2025-09-16 17:29:40,15,255,check-in,2026-02-10 12:11:03
550202,17455,2025-09-16 17:29:48,1,255,check-in,2026-02-10 12:11:03
550210,17456,2025-09-16 17:29:53,1,255,check-in,2026-02-10 12:11:03
550203,17457,2025-09-16 17:29:57,15,255,check-in,2026-02-10 12:11:03
550203,17458,2025-09-16 17:29:59,1,255,check-in,2026-02-10 12:11:03
550179,17459,2025-09-16 17:30:03,1,255,check-in,2026-02-10 12:11:03
550179,17460,2025-09-16 17:30:05,15,255,check-in,2026-02-10 12:11:03
550226,17461,2025-09-16 17:31:12,1,255,check-in,2026-02-10 12:11:03
550201,17462,2025-09-16 17:32:44,1,255,check-in,2026-02-10 12:11:03
550160,17463,2025-09-16 17:34:23,1,255,check-in,2026-02-10 12:11:03
550193,17464,2025-09-16 17:35:27,1,255,check-in,2026-02-10 12:11:03
000487,17465,2025-09-16 17:43:52,1,255,check-in,2026-02-10 12:11:03
550209,17466,2025-09-16 18:03:51,1,255,check-in,2026-02-10 12:11:03
550209,17467,2025-09-17 06:19:39,1,255,check-in,2026-02-10 12:11:03
550241,17468,2025-09-17 06:41:43,1,255,check-in,2026-02-10 12:11:03
550241,17469,2025-09-17 06:41:50,1,255,check-in,2026-02-10 12:11:03
550185,17470,2025-09-17 07:05:07,1,255,check-in,2026-02-10 12:11:03
550232,17471,2025-09-17 07:06:15,15,255,check-in,2026-02-10 12:11:03
550232,17472,2025-09-17 07:06:17,1,255,check-in,2026-02-10 12:11:03
000446,17473,2025-09-17 07:15:18,1,255,check-in,2026-02-10 12:11:03
000474,17474,2025-09-17 07:19:18,15,255,check-in,2026-02-10 12:11:03
000474,17475,2025-09-17 07:19:21,15,255,check-in,2026-02-10 12:11:03
000444,17476,2025-09-17 07:19:31,1,255,check-in,2026-02-10 12:11:03
550153,17477,2025-09-17 07:19:59,1,255,check-in,2026-02-10 12:11:03
550193,17478,2025-09-17 07:20:06,1,255,check-in,2026-02-10 12:11:03
550038,17479,2025-09-17 07:20:53,1,255,check-in,2026-02-10 12:11:03
550082,17480,2025-09-17 07:22:49,1,255,check-in,2026-02-10 12:11:03
550201,17481,2025-09-17 07:24:54,1,255,check-in,2026-02-10 12:11:03
550044,17482,2025-09-17 07:25:13,1,255,check-in,2026-02-10 12:11:03
550203,17483,2025-09-17 07:25:40,1,255,check-in,2026-02-10 12:11:03
550049,17484,2025-09-17 07:25:50,1,255,check-in,2026-02-10 12:11:03
550179,17485,2025-09-17 07:26:00,1,255,check-in,2026-02-10 12:11:03
550194,17486,2025-09-17 07:26:14,1,255,check-in,2026-02-10 12:11:03
550070,17487,2025-09-17 07:26:27,1,255,check-in,2026-02-10 12:11:03
550196,17488,2025-09-17 07:26:35,1,255,check-in,2026-02-10 12:11:03
550210,17489,2025-09-17 07:29:01,1,255,check-in,2026-02-10 12:11:03
550042,17490,2025-09-17 07:32:06,1,255,check-in,2026-02-10 12:11:03
550220,17491,2025-09-17 07:32:13,1,255,check-in,2026-02-10 12:11:03
550202,17492,2025-09-17 07:33:53,1,255,check-in,2026-02-10 12:11:03
000487,17493,2025-09-17 07:34:31,1,255,check-in,2026-02-10 12:11:03
550207,17494,2025-09-17 07:35:48,1,255,check-in,2026-02-10 12:11:03
550199,17495,2025-09-17 07:36:57,1,255,check-in,2026-02-10 12:11:03
660106,17496,2025-09-17 07:38:18,1,255,check-in,2026-02-10 12:11:03
660038,17497,2025-09-17 07:39:21,1,255,check-in,2026-02-10 12:11:03
550160,17498,2025-09-17 07:43:44,1,255,check-in,2026-02-10 12:11:03
550182,17499,2025-09-17 07:57:51,1,255,check-in,2026-02-10 12:11:03
550038,17500,2025-09-17 15:33:23,1,255,check-in,2026-02-10 12:11:03
550220,17501,2025-09-17 15:36:39,1,255,check-in,2026-02-10 12:11:03
550082,17502,2025-09-17 17:27:23,1,255,check-in,2026-02-10 12:11:03
550232,17503,2025-09-17 17:27:30,1,255,check-in,2026-02-10 12:11:03
550241,17504,2025-09-17 17:27:38,1,255,check-in,2026-02-10 12:11:03
550185,17505,2025-09-17 17:27:43,1,255,check-in,2026-02-10 12:11:03
550049,17506,2025-09-17 17:27:46,1,255,check-in,2026-02-10 12:11:03
550070,17507,2025-09-17 17:27:49,1,255,check-in,2026-02-10 12:11:03
000444,17508,2025-09-17 17:28:04,1,255,check-in,2026-02-10 12:11:03
000446,17509,2025-09-17 17:28:15,1,255,check-in,2026-02-10 12:11:03
000474,17510,2025-09-17 17:28:23,1,255,check-in,2026-02-10 12:11:03
550199,17511,2025-09-17 17:28:27,1,255,check-in,2026-02-10 12:11:03
550196,17512,2025-09-17 17:28:31,1,255,check-in,2026-02-10 12:11:03
550042,17513,2025-09-17 17:28:55,1,255,check-in,2026-02-10 12:11:03
550194,17514,2025-09-17 17:28:58,1,255,check-in,2026-02-10 12:11:03
550044,17515,2025-09-17 17:29:01,1,255,check-in,2026-02-10 12:11:03
550193,17516,2025-09-17 17:29:06,1,255,check-in,2026-02-10 12:11:03
660106,17517,2025-09-17 17:29:15,1,255,check-in,2026-02-10 12:11:03
660038,17518,2025-09-17 17:29:21,1,255,check-in,2026-02-10 12:11:03
550203,17519,2025-09-17 17:29:37,1,255,check-in,2026-02-10 12:11:03
550153,17520,2025-09-17 17:29:44,1,255,check-in,2026-02-10 12:11:03
550182,17521,2025-09-17 17:29:52,1,255,check-in,2026-02-10 12:11:03
550202,17522,2025-09-17 17:29:58,1,255,check-in,2026-02-10 12:11:03
550179,17523,2025-09-17 17:30:44,1,255,check-in,2026-02-10 12:11:03
550201,17524,2025-09-17 17:30:54,1,255,check-in,2026-02-10 12:11:03
550160,17525,2025-09-17 17:31:29,1,255,check-in,2026-02-10 12:11:03
000487,17526,2025-09-17 17:32:55,1,255,check-in,2026-02-10 12:11:03
550209,17527,2025-09-17 17:58:08,1,255,check-in,2026-02-10 12:11:03
550209,17528,2025-09-18 06:22:42,1,255,check-in,2026-02-10 12:11:03
550209,17529,2025-09-18 06:22:44,15,255,check-in,2026-02-10 12:11:03
550209,17530,2025-09-18 06:22:52,1,255,check-in,2026-02-10 12:11:03
550241,17531,2025-09-18 06:44:06,1,255,check-in,2026-02-10 12:11:03
550185,17532,2025-09-18 07:02:19,1,255,check-in,2026-02-10 12:11:03
550232,17533,2025-09-18 07:09:37,1,255,check-in,2026-02-10 12:11:03
550153,17534,2025-09-18 07:10:24,1,255,check-in,2026-02-10 12:11:03
550038,17535,2025-09-18 07:14:44,1,255,check-in,2026-02-10 12:11:03
550226,17536,2025-09-18 07:18:23,15,255,check-in,2026-02-10 12:11:03
550193,17537,2025-09-18 07:20:33,1,255,check-in,2026-02-10 12:11:03
550205,17538,2025-09-18 07:21:12,1,255,check-in,2026-02-10 12:11:03
550194,17539,2025-09-18 07:22:23,1,255,check-in,2026-02-10 12:11:03
550201,17540,2025-09-18 07:22:47,1,255,check-in,2026-02-10 12:11:03
550044,17541,2025-09-18 07:23:32,1,255,check-in,2026-02-10 12:11:03
000444,17542,2025-09-18 07:23:38,1,255,check-in,2026-02-10 12:11:03
550196,17543,2025-09-18 07:23:42,1,255,check-in,2026-02-10 12:11:03
550082,17544,2025-09-18 07:24:00,1,255,check-in,2026-02-10 12:11:03
550220,17545,2025-09-18 07:24:07,1,255,check-in,2026-02-10 12:11:03
550210,17546,2025-09-18 07:24:54,1,255,check-in,2026-02-10 12:11:03
550199,17547,2025-09-18 07:25:06,1,255,check-in,2026-02-10 12:11:03
550203,17548,2025-09-18 07:25:18,1,255,check-in,2026-02-10 12:11:03
550179,17549,2025-09-18 07:26:39,1,255,check-in,2026-02-10 12:11:03
550182,17550,2025-09-18 07:29:49,1,255,check-in,2026-02-10 12:11:03
000474,17551,2025-09-18 07:29:54,15,255,check-in,2026-02-10 12:11:03
550042,17552,2025-09-18 07:29:59,1,255,check-in,2026-02-10 12:11:03
000474,17553,2025-09-18 07:30:13,15,255,check-in,2026-02-10 12:11:03
000474,17554,2025-09-18 07:30:15,15,255,check-in,2026-02-10 12:11:03
550207,17555,2025-09-18 07:30:48,1,255,check-in,2026-02-10 12:11:03
550049,17556,2025-09-18 07:30:56,1,255,check-in,2026-02-10 12:11:03
550070,17557,2025-09-18 07:31:44,1,255,check-in,2026-02-10 12:11:03
660106,17558,2025-09-18 07:32:19,1,255,check-in,2026-02-10 12:11:03
550202,17559,2025-09-18 07:32:36,1,255,check-in,2026-02-10 12:11:03
000487,17560,2025-09-18 07:35:49,1,255,check-in,2026-02-10 12:11:03
660038,17561,2025-09-18 07:43:50,1,255,check-in,2026-02-10 12:11:03
000446,17562,2025-09-18 09:32:09,1,255,check-in,2026-02-10 12:11:03
550160,17563,2025-09-18 12:29:41,1,255,check-in,2026-02-10 12:11:03
550241,17564,2025-09-18 17:27:57,1,255,check-in,2026-02-10 12:11:03
550082,17565,2025-09-18 17:28:00,1,255,check-in,2026-02-10 12:11:03
550070,17566,2025-09-18 17:28:09,1,255,check-in,2026-02-10 12:11:03
550049,17567,2025-09-18 17:28:31,1,255,check-in,2026-02-10 12:11:03
550185,17568,2025-09-18 17:28:36,1,255,check-in,2026-02-10 12:11:03
550038,17569,2025-09-18 17:28:50,1,255,check-in,2026-02-10 12:11:03
550220,17570,2025-09-18 17:28:58,1,255,check-in,2026-02-10 12:11:03
550042,17571,2025-09-18 17:29:01,1,255,check-in,2026-02-10 12:11:03
000444,17572,2025-09-18 17:29:04,1,255,check-in,2026-02-10 12:11:03
550232,17573,2025-09-18 17:29:08,1,255,check-in,2026-02-10 12:11:03
550207,17574,2025-09-18 17:29:12,1,255,check-in,2026-02-10 12:11:03
550205,17575,2025-09-18 17:29:16,1,255,check-in,2026-02-10 12:11:03
550194,17576,2025-09-18 17:29:19,1,255,check-in,2026-02-10 12:11:03
660106,17577,2025-09-18 17:29:24,1,255,check-in,2026-02-10 12:11:03
660038,17578,2025-09-18 17:29:27,1,255,check-in,2026-02-10 12:11:03
550199,17579,2025-09-18 17:29:30,1,255,check-in,2026-02-10 12:11:03
550153,17580,2025-09-18 17:29:34,1,255,check-in,2026-02-10 12:11:03
000474,17581,2025-09-18 17:29:43,15,255,check-in,2026-02-10 12:11:03
000474,17582,2025-09-18 17:29:45,1,255,check-in,2026-02-10 12:11:03
000446,17583,2025-09-18 17:29:49,1,255,check-in,2026-02-10 12:11:03
550044,17584,2025-09-18 17:30:02,1,255,check-in,2026-02-10 12:11:03
550182,17585,2025-09-18 17:30:22,1,255,check-in,2026-02-10 12:11:03
550203,17586,2025-09-18 17:30:26,1,255,check-in,2026-02-10 12:11:03
550226,17587,2025-09-18 17:30:30,1,255,check-in,2026-02-10 12:11:03
550193,17588,2025-09-18 17:30:34,1,255,check-in,2026-02-10 12:11:03
550210,17589,2025-09-18 17:30:50,1,255,check-in,2026-02-10 12:11:03
550160,17590,2025-09-18 17:31:14,1,255,check-in,2026-02-10 12:11:03
550202,17591,2025-09-18 17:31:17,15,255,check-in,2026-02-10 12:11:03
550160,17592,2025-09-18 17:31:25,1,255,check-in,2026-02-10 12:11:03
550179,17593,2025-09-18 17:32:23,1,255,check-in,2026-02-10 12:11:03
550201,17594,2025-09-18 17:33:36,15,255,check-in,2026-02-10 12:11:03
550209,17595,2025-09-18 18:05:41,1,255,check-in,2026-02-10 12:11:03
000487,17596,2025-09-18 18:08:20,1,255,check-in,2026-02-10 12:11:03
550209,17597,2025-09-19 06:28:00,1,255,check-in,2026-02-10 12:11:03
550209,17598,2025-09-19 06:28:02,15,255,check-in,2026-02-10 12:11:03
550209,17599,2025-09-19 06:28:09,1,255,check-in,2026-02-10 12:11:03
550241,17600,2025-09-19 06:46:05,1,255,check-in,2026-02-10 12:11:03
550232,17601,2025-09-19 07:00:06,1,255,check-in,2026-02-10 12:11:03
550232,17602,2025-09-19 07:00:07,15,255,check-in,2026-02-10 12:11:03
550038,17603,2025-09-19 07:08:54,1,255,check-in,2026-02-10 12:11:03
550153,17604,2025-09-19 07:08:57,1,255,check-in,2026-02-10 12:11:03
550185,17605,2025-09-19 07:12:02,1,255,check-in,2026-02-10 12:11:03
550185,17606,2025-09-19 07:12:05,15,255,check-in,2026-02-10 12:11:03
550201,17607,2025-09-19 07:17:09,1,255,check-in,2026-02-10 12:11:03
000444,17608,2025-09-19 07:18:26,1,255,check-in,2026-02-10 12:11:03
550226,17609,2025-09-19 07:21:09,1,255,check-in,2026-02-10 12:11:03
550220,17610,2025-09-19 07:23:36,1,255,check-in,2026-02-10 12:11:03
550205,17611,2025-09-19 07:24:23,1,255,check-in,2026-02-10 12:11:03
550194,17612,2025-09-19 07:25:18,1,255,check-in,2026-02-10 12:11:03
550193,17613,2025-09-19 07:25:35,1,255,check-in,2026-02-10 12:11:03
550049,17614,2025-09-19 07:26:08,1,255,check-in,2026-02-10 12:11:03
550044,17615,2025-09-19 07:27:21,1,255,check-in,2026-02-10 12:11:03
550196,17616,2025-09-19 07:28:13,1,255,check-in,2026-02-10 12:11:03
550082,17617,2025-09-19 07:31:34,1,255,check-in,2026-02-10 12:11:03
550203,17618,2025-09-19 07:31:51,1,255,check-in,2026-02-10 12:11:03
550182,17619,2025-09-19 07:32:19,1,255,check-in,2026-02-10 12:11:03
550202,17620,2025-09-19 07:33:32,15,255,check-in,2026-02-10 12:11:03
550202,17621,2025-09-19 07:33:34,15,255,check-in,2026-02-10 12:11:03
550042,17622,2025-09-19 07:35:36,1,255,check-in,2026-02-10 12:11:03
660106,17623,2025-09-19 07:35:57,1,255,check-in,2026-02-10 12:11:03
000446,17624,2025-09-19 07:36:14,1,255,check-in,2026-02-10 12:11:03
000487,17625,2025-09-19 07:37:56,1,255,check-in,2026-02-10 12:11:03
000474,17626,2025-09-19 07:39:58,15,255,check-in,2026-02-10 12:11:03
000474,17627,2025-09-19 07:40:01,15,255,check-in,2026-02-10 12:11:03
550070,17628,2025-09-19 07:40:33,1,255,check-in,2026-02-10 12:11:03
550070,17629,2025-09-19 07:40:35,1,255,check-in,2026-02-10 12:11:03
550179,17630,2025-09-19 07:41:41,1,255,check-in,2026-02-10 12:11:03
550160,17631,2025-09-19 07:43:35,1,255,check-in,2026-02-10 12:11:03
550199,17632,2025-09-19 07:45:33,1,255,check-in,2026-02-10 12:11:03
550207,17633,2025-09-19 10:14:03,1,255,check-in,2026-02-10 12:11:03
550241,17634,2025-09-19 17:27:09,1,255,check-in,2026-02-10 12:11:03
550220,17635,2025-09-19 17:27:17,1,255,check-in,2026-02-10 12:11:03
550070,17636,2025-09-19 17:27:26,1,255,check-in,2026-02-10 12:11:03
550082,17637,2025-09-19 17:27:30,1,255,check-in,2026-02-10 12:11:03
550196,17638,2025-09-19 17:27:33,1,255,check-in,2026-02-10 12:11:03
550199,17639,2025-09-19 17:27:37,1,255,check-in,2026-02-10 12:11:03
550049,17640,2025-09-19 17:27:40,1,255,check-in,2026-02-10 12:11:03
550038,17641,2025-09-19 17:27:46,1,255,check-in,2026-02-10 12:11:03
550185,17642,2025-09-19 17:27:48,15,255,check-in,2026-02-10 12:11:03
550185,17643,2025-09-19 17:27:50,15,255,check-in,2026-02-10 12:11:03
550185,17644,2025-09-19 17:27:52,15,255,check-in,2026-02-10 12:11:03
550205,17645,2025-09-19 17:27:57,1,255,check-in,2026-02-10 12:11:03
550194,17646,2025-09-19 17:28:00,1,255,check-in,2026-02-10 12:11:03
000444,17647,2025-09-19 17:28:03,1,255,check-in,2026-02-10 12:11:03
550207,17648,2025-09-19 17:28:16,1,255,check-in,2026-02-10 12:11:03
550209,17649,2025-09-19 17:28:21,1,255,check-in,2026-02-10 12:11:03
550044,17650,2025-09-19 17:28:29,1,255,check-in,2026-02-10 12:11:03
660106,17651,2025-09-19 17:28:41,1,255,check-in,2026-02-10 12:11:03
550153,17652,2025-09-19 17:28:50,1,255,check-in,2026-02-10 12:11:03
550232,17653,2025-09-19 17:28:53,1,255,check-in,2026-02-10 12:11:03
550042,17654,2025-09-19 17:28:58,1,255,check-in,2026-02-10 12:11:03
550182,17655,2025-09-19 17:29:04,1,255,check-in,2026-02-10 12:11:03
550160,17656,2025-09-19 17:29:29,1,255,check-in,2026-02-10 12:11:03
550226,17657,2025-09-19 17:29:51,1,255,check-in,2026-02-10 12:11:03
550202,17658,2025-09-19 17:30:00,1,255,check-in,2026-02-10 12:11:03
550201,17659,2025-09-19 17:30:25,1,255,check-in,2026-02-10 12:11:03
000474,17660,2025-09-19 17:31:45,15,255,check-in,2026-02-10 12:11:03
550203,17661,2025-09-19 17:32:33,15,255,check-in,2026-02-10 12:11:03
550193,17662,2025-09-19 17:32:40,1,255,check-in,2026-02-10 12:11:03
550179,17663,2025-09-19 17:33:39,1,255,check-in,2026-02-10 12:11:03
000487,17664,2025-09-19 17:42:47,1,255,check-in,2026-02-10 12:11:03
550241,17665,2025-09-22 06:45:29,1,255,check-in,2026-02-10 12:11:03
550185,17666,2025-09-22 07:04:36,1,255,check-in,2026-02-10 12:11:03
550179,17667,2025-09-22 07:05:59,1,255,check-in,2026-02-10 12:11:03
000446,17668,2025-09-22 07:08:21,1,255,check-in,2026-02-10 12:11:03
550193,17669,2025-09-22 07:10:29,1,255,check-in,2026-02-10 12:11:03
550153,17670,2025-09-22 07:13:27,1,255,check-in,2026-02-10 12:11:03
550194,17671,2025-09-22 07:19:25,1,255,check-in,2026-02-10 12:11:03
550203,17672,2025-09-22 07:20:23,15,255,check-in,2026-02-10 12:11:03
550205,17673,2025-09-22 07:20:48,1,255,check-in,2026-02-10 12:11:03
000444,17674,2025-09-22 07:20:54,1,255,check-in,2026-02-10 12:11:03
550201,17675,2025-09-22 07:21:58,15,255,check-in,2026-02-10 12:11:03
550182,17676,2025-09-22 07:24:14,1,255,check-in,2026-02-10 12:11:03
550082,17677,2025-09-22 07:24:17,1,255,check-in,2026-02-10 12:11:03
550220,17678,2025-09-22 07:24:26,1,255,check-in,2026-02-10 12:11:03
550042,17679,2025-09-22 07:27:10,15,255,check-in,2026-02-10 12:11:03
550042,17680,2025-09-22 07:27:12,15,255,check-in,2026-02-10 12:11:03
000474,17681,2025-09-22 07:29:19,15,255,check-in,2026-02-10 12:11:03
000474,17682,2025-09-22 07:29:21,15,255,check-in,2026-02-10 12:11:03
550207,17683,2025-09-22 07:29:26,1,255,check-in,2026-02-10 12:11:03
550049,17684,2025-09-22 07:31:59,1,255,check-in,2026-02-10 12:11:03
550199,17685,2025-09-22 07:32:05,1,255,check-in,2026-02-10 12:11:03
550196,17686,2025-09-22 07:32:16,1,255,check-in,2026-02-10 12:11:03
550202,17687,2025-09-22 07:34:51,1,255,check-in,2026-02-10 12:11:03
550160,17688,2025-09-22 07:43:06,1,255,check-in,2026-02-10 12:11:03
660038,17689,2025-09-22 07:44:03,1,255,check-in,2026-02-10 12:11:03
000487,17690,2025-09-22 07:47:09,1,255,check-in,2026-02-10 12:11:03
660106,17691,2025-09-22 07:58:32,1,255,check-in,2026-02-10 12:11:03
550204,17692,2025-09-22 08:20:55,1,255,check-in,2026-02-10 12:11:03
550209,17693,2025-09-22 08:33:40,1,255,check-in,2026-02-10 12:11:03
550082,17694,2025-09-22 17:26:45,1,255,check-in,2026-02-10 12:11:03
550220,17695,2025-09-22 17:26:48,1,255,check-in,2026-02-10 12:11:03
550241,17696,2025-09-22 17:26:56,1,255,check-in,2026-02-10 12:11:03
550049,17697,2025-09-22 17:27:35,1,255,check-in,2026-02-10 12:11:03
550205,17698,2025-09-22 17:27:48,1,255,check-in,2026-02-10 12:11:03
550199,17699,2025-09-22 17:27:51,1,255,check-in,2026-02-10 12:11:03
550185,17700,2025-09-22 17:27:58,15,255,check-in,2026-02-10 12:11:03
550185,17701,2025-09-22 17:28:01,15,255,check-in,2026-02-10 12:11:03
550196,17702,2025-09-22 17:28:05,1,255,check-in,2026-02-10 12:11:03
000444,17703,2025-09-22 17:28:24,1,255,check-in,2026-02-10 12:11:03
550042,17704,2025-09-22 17:28:27,1,255,check-in,2026-02-10 12:11:03
550194,17705,2025-09-22 17:28:30,1,255,check-in,2026-02-10 12:11:03
000446,17706,2025-09-22 17:28:35,1,255,check-in,2026-02-10 12:11:03
550182,17707,2025-09-22 17:28:38,1,255,check-in,2026-02-10 12:11:03
550207,17708,2025-09-22 17:28:42,1,255,check-in,2026-02-10 12:11:03
550153,17709,2025-09-22 17:28:45,1,255,check-in,2026-02-10 12:11:03
660038,17710,2025-09-22 17:28:49,1,255,check-in,2026-02-10 12:11:03
000474,17711,2025-09-22 17:28:58,15,255,check-in,2026-02-10 12:11:03
000474,17712,2025-09-22 17:29:00,15,255,check-in,2026-02-10 12:11:03
550203,17713,2025-09-22 17:29:52,1,255,check-in,2026-02-10 12:11:03
550204,17714,2025-09-22 17:30:11,15,255,check-in,2026-02-10 12:11:03
550204,17715,2025-09-22 17:30:13,1,255,check-in,2026-02-10 12:11:03
550179,17716,2025-09-22 17:30:21,1,255,check-in,2026-02-10 12:11:03
660106,17717,2025-09-22 17:30:37,1,255,check-in,2026-02-10 12:11:03
550202,17718,2025-09-22 17:30:42,1,255,check-in,2026-02-10 12:11:03
000487,17719,2025-09-22 17:31:03,1,255,check-in,2026-02-10 12:11:03
550193,17720,2025-09-22 17:31:10,1,255,check-in,2026-02-10 12:11:03
550201,17721,2025-09-22 17:31:33,15,255,check-in,2026-02-10 12:11:03
550160,17722,2025-09-22 17:37:49,1,255,check-in,2026-02-10 12:11:03
550209,17723,2025-09-22 18:13:26,1,255,check-in,2026-02-10 12:11:03
550209,17724,2025-09-23 06:16:17,15,255,check-in,2026-02-10 12:11:03
550241,17725,2025-09-23 06:44:11,1,255,check-in,2026-02-10 12:11:03
550232,17726,2025-09-23 06:52:49,1,255,check-in,2026-02-10 12:11:03
550204,17727,2025-09-23 06:55:44,1,255,check-in,2026-02-10 12:11:03
550185,17728,2025-09-23 06:57:24,1,255,check-in,2026-02-10 12:11:03
550044,17729,2025-09-23 07:05:29,1,255,check-in,2026-02-10 12:11:03
550226,17730,2025-09-23 07:10:50,1,255,check-in,2026-02-10 12:11:03
000446,17731,2025-09-23 07:11:49,1,255,check-in,2026-02-10 12:11:03
550199,17732,2025-09-23 07:13:33,1,255,check-in,2026-02-10 12:11:03
550153,17733,2025-09-23 07:14:25,1,255,check-in,2026-02-10 12:11:03
550193,17734,2025-09-23 07:16:20,1,255,check-in,2026-02-10 12:11:03
550179,17735,2025-09-23 07:18:19,1,255,check-in,2026-02-10 12:11:03
550210,17736,2025-09-23 07:19:32,1,255,check-in,2026-02-10 12:11:03
550038,17737,2025-09-23 07:20:07,1,255,check-in,2026-02-10 12:11:03
550082,17738,2025-09-23 07:20:43,1,255,check-in,2026-02-10 12:11:03
000474,17739,2025-09-23 07:22:52,15,255,check-in,2026-02-10 12:11:03
550049,17740,2025-09-23 07:24:03,1,255,check-in,2026-02-10 12:11:03
550196,17741,2025-09-23 07:24:29,1,255,check-in,2026-02-10 12:11:03
000444,17742,2025-09-23 07:24:35,1,255,check-in,2026-02-10 12:11:03
550201,17743,2025-09-23 07:25:44,15,255,check-in,2026-02-10 12:11:03
550182,17744,2025-09-23 07:25:51,1,255,check-in,2026-02-10 12:11:03
550203,17745,2025-09-23 07:26:00,1,255,check-in,2026-02-10 12:11:03
550205,17746,2025-09-23 07:26:14,1,255,check-in,2026-02-10 12:11:03
550220,17747,2025-09-23 07:27:53,1,255,check-in,2026-02-10 12:11:03
550042,17748,2025-09-23 07:32:07,1,255,check-in,2026-02-10 12:11:03
550202,17749,2025-09-23 07:33:42,1,255,check-in,2026-02-10 12:11:03
550202,17750,2025-09-23 07:33:53,1,255,check-in,2026-02-10 12:11:03
550207,17751,2025-09-23 07:35:19,1,255,check-in,2026-02-10 12:11:03
660106,17752,2025-09-23 07:35:26,1,255,check-in,2026-02-10 12:11:03
660106,17753,2025-09-23 07:36:49,1,255,check-in,2026-02-10 12:11:03
660038,17754,2025-09-23 07:41:29,1,255,check-in,2026-02-10 12:11:03
550160,17755,2025-09-23 07:43:56,1,255,check-in,2026-02-10 12:11:03
550160,17756,2025-09-23 07:44:35,1,255,check-in,2026-02-10 12:11:03
550194,17757,2025-09-23 10:09:59,1,255,check-in,2026-02-10 12:11:03
000487,17758,2025-09-23 12:12:13,1,255,check-in,2026-02-10 12:11:03
550196,17759,2025-09-23 15:31:51,1,255,check-in,2026-02-10 12:11:03
550038,17760,2025-09-23 17:27:24,1,255,check-in,2026-02-10 12:11:03
550082,17761,2025-09-23 17:27:27,1,255,check-in,2026-02-10 12:11:03
550049,17762,2025-09-23 17:27:30,1,255,check-in,2026-02-10 12:11:03
550241,17763,2025-09-23 17:27:36,1,255,check-in,2026-02-10 12:11:03
550207,17764,2025-09-23 17:27:40,1,255,check-in,2026-02-10 12:11:03
550185,17765,2025-09-23 17:27:50,15,255,check-in,2026-02-10 12:11:03
550205,17766,2025-09-23 17:27:54,1,255,check-in,2026-02-10 12:11:03
000444,17767,2025-09-23 17:27:56,1,255,check-in,2026-02-10 12:11:03
550220,17768,2025-09-23 17:28:00,1,255,check-in,2026-02-10 12:11:03
550220,17769,2025-09-23 17:28:02,1,255,check-in,2026-02-10 12:11:03
550042,17770,2025-09-23 17:28:04,1,255,check-in,2026-02-10 12:11:03
550232,17771,2025-09-23 17:28:08,1,255,check-in,2026-02-10 12:11:03
660038,17772,2025-09-23 17:28:11,1,255,check-in,2026-02-10 12:11:03
550194,17773,2025-09-23 17:28:17,1,255,check-in,2026-02-10 12:11:03
550199,17774,2025-09-23 17:28:21,1,255,check-in,2026-02-10 12:11:03
550044,17775,2025-09-23 17:28:24,1,255,check-in,2026-02-10 12:11:03
000446,17776,2025-09-23 17:28:26,1,255,check-in,2026-02-10 12:11:03
550182,17777,2025-09-23 17:28:36,1,255,check-in,2026-02-10 12:11:03
550203,17778,2025-09-23 17:28:59,1,255,check-in,2026-02-10 12:11:03
550193,17779,2025-09-23 17:29:03,1,255,check-in,2026-02-10 12:11:03
660106,17780,2025-09-23 17:29:05,1,255,check-in,2026-02-10 12:11:03
000474,17781,2025-09-23 17:29:13,15,255,check-in,2026-02-10 12:11:03
550226,17782,2025-09-23 17:29:19,1,255,check-in,2026-02-10 12:11:03
550153,17783,2025-09-23 17:29:24,1,255,check-in,2026-02-10 12:11:03
550202,17784,2025-09-23 17:29:29,15,255,check-in,2026-02-10 12:11:03
550202,17785,2025-09-23 17:29:31,1,255,check-in,2026-02-10 12:11:03
550202,17786,2025-09-23 17:29:32,1,255,check-in,2026-02-10 12:11:03
550210,17787,2025-09-23 17:29:58,1,255,check-in,2026-02-10 12:11:03
550179,17788,2025-09-23 17:30:04,1,255,check-in,2026-02-10 12:11:03
000474,17789,2025-09-23 17:30:21,15,255,check-in,2026-02-10 12:11:03
000474,17790,2025-09-23 17:30:27,15,255,check-in,2026-02-10 12:11:03
550201,17791,2025-09-23 17:33:00,15,255,check-in,2026-02-10 12:11:03
550201,17792,2025-09-23 17:33:02,15,255,check-in,2026-02-10 12:11:03
550160,17793,2025-09-23 17:34:29,1,255,check-in,2026-02-10 12:11:03
550204,17794,2025-09-23 17:37:39,1,255,check-in,2026-02-10 12:11:03
000487,17795,2025-09-23 17:40:26,1,255,check-in,2026-02-10 12:11:03
550209,17796,2025-09-23 18:13:49,1,255,check-in,2026-02-10 12:11:03
550209,17797,2025-09-24 06:19:08,1,255,check-in,2026-02-10 12:11:03
550241,17798,2025-09-24 06:43:41,1,255,check-in,2026-02-10 12:11:03
550232,17799,2025-09-24 06:54:28,1,255,check-in,2026-02-10 12:11:03
550179,17800,2025-09-24 06:59:42,1,255,check-in,2026-02-10 12:11:03
550185,17801,2025-09-24 07:07:53,1,255,check-in,2026-02-10 12:11:03
000446,17802,2025-09-24 07:08:18,1,255,check-in,2026-02-10 12:11:03
550153,17803,2025-09-24 07:09:42,1,255,check-in,2026-02-10 12:11:03
550194,17804,2025-09-24 07:10:04,1,255,check-in,2026-02-10 12:11:03
550226,17805,2025-09-24 07:12:08,1,255,check-in,2026-02-10 12:11:03
550207,17806,2025-09-24 07:13:08,1,255,check-in,2026-02-10 12:11:03
550199,17807,2025-09-24 07:13:22,1,255,check-in,2026-02-10 12:11:03
550193,17808,2025-09-24 07:14:56,1,255,check-in,2026-02-10 12:11:03
550044,17809,2025-09-24 07:16:51,1,255,check-in,2026-02-10 12:11:03
550042,17810,2025-09-24 07:18:22,1,255,check-in,2026-02-10 12:11:03
550205,17811,2025-09-24 07:19:22,1,255,check-in,2026-02-10 12:11:03
000444,17812,2025-09-24 07:19:26,1,255,check-in,2026-02-10 12:11:03
550196,17813,2025-09-24 07:19:31,1,255,check-in,2026-02-10 12:11:03
550201,17814,2025-09-24 07:20:55,1,255,check-in,2026-02-10 12:11:03
550210,17815,2025-09-24 07:22:04,1,255,check-in,2026-02-10 12:11:03
550038,17816,2025-09-24 07:22:49,1,255,check-in,2026-02-10 12:11:03
550082,17817,2025-09-24 07:22:53,1,255,check-in,2026-02-10 12:11:03
550049,17818,2025-09-24 07:24:41,1,255,check-in,2026-02-10 12:11:03
550182,17819,2025-09-24 07:24:54,1,255,check-in,2026-02-10 12:11:03
550203,17820,2025-09-24 07:26:56,1,255,check-in,2026-02-10 12:11:03
550070,17821,2025-09-24 07:29:35,1,255,check-in,2026-02-10 12:11:03
000487,17822,2025-09-24 07:29:41,1,255,check-in,2026-02-10 12:11:03
550202,17823,2025-09-24 07:31:48,1,255,check-in,2026-02-10 12:11:03
550220,17824,2025-09-24 07:34:26,1,255,check-in,2026-02-10 12:11:03
660106,17825,2025-09-24 07:34:54,1,255,check-in,2026-02-10 12:11:03
660038,17826,2025-09-24 07:40:50,1,255,check-in,2026-02-10 12:11:03
550160,17827,2025-09-24 07:46:28,1,255,check-in,2026-02-10 12:11:03
550204,17828,2025-09-24 09:53:24,1,255,check-in,2026-02-10 12:11:03
474,17829,2025-09-24 16:01:44,1,255,check-in,2026-02-10 12:11:03
474,17830,2025-09-24 16:01:45,15,255,check-in,2026-02-10 12:11:03
474,17831,2025-09-24 16:01:48,15,255,check-in,2026-02-10 12:11:03
474,17832,2025-09-24 16:01:56,15,255,check-in,2026-02-10 12:11:03
474,17833,2025-09-24 16:01:58,15,255,check-in,2026-02-10 12:11:03
550241,17834,2025-09-24 17:26:44,1,255,check-in,2026-02-10 12:11:03
550082,17835,2025-09-24 17:26:48,1,255,check-in,2026-02-10 12:11:03
550049,17836,2025-09-24 17:26:52,1,255,check-in,2026-02-10 12:11:03
550070,17837,2025-09-24 17:27:02,1,255,check-in,2026-02-10 12:11:03
550207,17838,2025-09-24 17:27:06,1,255,check-in,2026-02-10 12:11:03
550185,17839,2025-09-24 17:27:12,15,255,check-in,2026-02-10 12:11:03
550205,17840,2025-09-24 17:27:24,1,255,check-in,2026-02-10 12:11:03
550199,17841,2025-09-24 17:27:32,1,255,check-in,2026-02-10 12:11:03
550220,17842,2025-09-24 17:27:36,1,255,check-in,2026-02-10 12:11:03
550044,17843,2025-09-24 17:27:40,1,255,check-in,2026-02-10 12:11:03
550232,17844,2025-09-24 17:27:48,1,255,check-in,2026-02-10 12:11:03
474,17845,2025-09-24 17:28:00,15,255,check-in,2026-02-10 12:11:03
000444,17846,2025-09-24 17:28:05,1,255,check-in,2026-02-10 12:11:03
550196,17847,2025-09-24 17:28:26,1,255,check-in,2026-02-10 12:11:03
550042,17848,2025-09-24 17:28:29,1,255,check-in,2026-02-10 12:11:03
550182,17849,2025-09-24 17:28:36,1,255,check-in,2026-02-10 12:11:03
000446,17850,2025-09-24 17:28:40,1,255,check-in,2026-02-10 12:11:03
550153,17851,2025-09-24 17:28:44,1,255,check-in,2026-02-10 12:11:03
550194,17852,2025-09-24 17:28:46,1,255,check-in,2026-02-10 12:11:03
550202,17853,2025-09-24 17:29:06,1,255,check-in,2026-02-10 12:11:03
660106,17854,2025-09-24 17:29:41,1,255,check-in,2026-02-10 12:11:03
550210,17855,2025-09-24 17:29:50,1,255,check-in,2026-02-10 12:11:03
550226,17856,2025-09-24 17:30:17,1,255,check-in,2026-02-10 12:11:03
550179,17857,2025-09-24 17:30:21,1,255,check-in,2026-02-10 12:11:03
550203,17858,2025-09-24 17:30:24,1,255,check-in,2026-02-10 12:11:03
550204,17859,2025-09-24 17:30:30,1,255,check-in,2026-02-10 12:11:03
550038,17860,2025-09-24 17:30:49,1,255,check-in,2026-02-10 12:11:03
550193,17861,2025-09-24 17:31:03,1,255,check-in,2026-02-10 12:11:03
550201,17862,2025-09-24 17:31:14,15,255,check-in,2026-02-10 12:11:03
550201,17863,2025-09-24 17:31:16,15,255,check-in,2026-02-10 12:11:03
550201,17864,2025-09-24 17:31:18,1,255,check-in,2026-02-10 12:11:03
550160,17865,2025-09-24 17:31:52,1,255,check-in,2026-02-10 12:11:03
000487,17866,2025-09-24 17:33:16,1,255,check-in,2026-02-10 12:11:03
660038,17867,2025-09-24 17:42:19,1,255,check-in,2026-02-10 12:11:03
550209,17868,2025-09-24 18:11:53,1,255,check-in,2026-02-10 12:11:03
550209,17869,2025-09-25 06:23:36,1,255,check-in,2026-02-10 12:11:03
550241,17870,2025-09-25 06:44:23,1,255,check-in,2026-02-10 12:11:03
550185,17871,2025-09-25 07:03:27,1,255,check-in,2026-02-10 12:11:03
550185,17872,2025-09-25 07:03:29,15,255,check-in,2026-02-10 12:11:03
550232,17873,2025-09-25 07:06:21,1,255,check-in,2026-02-10 12:11:03
000446,17874,2025-09-25 07:11:50,1,255,check-in,2026-02-10 12:11:03
550199,17875,2025-09-25 07:12:55,1,255,check-in,2026-02-10 12:11:03
550179,17876,2025-09-25 07:13:36,1,255,check-in,2026-02-10 12:11:03
550179,17877,2025-09-25 07:13:37,15,255,check-in,2026-02-10 12:11:03
000444,17878,2025-09-25 07:15:33,1,255,check-in,2026-02-10 12:11:03
550153,17879,2025-09-25 07:17:24,1,255,check-in,2026-02-10 12:11:03
550038,17880,2025-09-25 07:17:32,1,255,check-in,2026-02-10 12:11:03
550044,17881,2025-09-25 07:19:05,1,255,check-in,2026-02-10 12:11:03
550182,17882,2025-09-25 07:21:16,1,255,check-in,2026-02-10 12:11:03
550196,17883,2025-09-25 07:22:28,1,255,check-in,2026-02-10 12:11:03
550210,17884,2025-09-25 07:22:54,1,255,check-in,2026-02-10 12:11:03
550193,17885,2025-09-25 07:23:12,1,255,check-in,2026-02-10 12:11:03
550194,17886,2025-09-25 07:23:51,1,255,check-in,2026-02-10 12:11:03
550049,17887,2025-09-25 07:24:03,1,255,check-in,2026-02-10 12:11:03
550201,17888,2025-09-25 07:24:34,1,255,check-in,2026-02-10 12:11:03
550082,17889,2025-09-25 07:25:07,1,255,check-in,2026-02-10 12:11:03
474,17890,2025-09-25 07:25:25,1,255,check-in,2026-02-10 12:11:03
550220,17891,2025-09-25 07:25:43,1,255,check-in,2026-02-10 12:11:03
550207,17892,2025-09-25 07:26:04,1,255,check-in,2026-02-10 12:11:03
550203,17893,2025-09-25 07:27:13,1,255,check-in,2026-02-10 12:11:03
550205,17894,2025-09-25 07:27:17,1,255,check-in,2026-02-10 12:11:03
550042,17895,2025-09-25 07:33:19,1,255,check-in,2026-02-10 12:11:03
550202,17896,2025-09-25 07:34:14,1,255,check-in,2026-02-10 12:11:03
000487,17897,2025-09-25 07:34:56,1,255,check-in,2026-02-10 12:11:03
660106,17898,2025-09-25 07:35:39,1,255,check-in,2026-02-10 12:11:03
550160,17899,2025-09-25 07:42:18,1,255,check-in,2026-02-10 12:11:03
660038,17900,2025-09-25 07:42:31,1,255,check-in,2026-02-10 12:11:03
550153,17901,2025-09-25 15:25:48,1,255,check-in,2026-02-10 12:11:03
550082,17902,2025-09-25 15:31:53,1,255,check-in,2026-02-10 12:11:03
550241,17903,2025-09-25 17:26:40,1,255,check-in,2026-02-10 12:11:03
550185,17904,2025-09-25 17:26:47,15,255,check-in,2026-02-10 12:11:03
550185,17905,2025-09-25 17:26:49,15,255,check-in,2026-02-10 12:11:03
550220,17906,2025-09-25 17:26:57,1,255,check-in,2026-02-10 12:11:03
550038,17907,2025-09-25 17:27:01,1,255,check-in,2026-02-10 12:11:03
550196,17908,2025-09-25 17:27:09,1,255,check-in,2026-02-10 12:11:03
550049,17909,2025-09-25 17:27:26,1,255,check-in,2026-02-10 12:11:03
550199,17910,2025-09-25 17:27:29,1,255,check-in,2026-02-10 12:11:03
550207,17911,2025-09-25 17:27:32,1,255,check-in,2026-02-10 12:11:03
550194,17912,2025-09-25 17:27:38,1,255,check-in,2026-02-10 12:11:03
550193,17913,2025-09-25 17:27:40,1,255,check-in,2026-02-10 12:11:03
550042,17914,2025-09-25 17:27:43,1,255,check-in,2026-02-10 12:11:03
000444,17915,2025-09-25 17:27:46,1,255,check-in,2026-02-10 12:11:03
550205,17916,2025-09-25 17:27:52,1,255,check-in,2026-02-10 12:11:03
660106,17917,2025-09-25 17:28:00,1,255,check-in,2026-02-10 12:11:03
660038,17918,2025-09-25 17:28:03,1,255,check-in,2026-02-10 12:11:03
000446,17919,2025-09-25 17:28:08,1,255,check-in,2026-02-10 12:11:03
550044,17920,2025-09-25 17:28:11,1,255,check-in,2026-02-10 12:11:03
550182,17921,2025-09-25 17:28:16,15,255,check-in,2026-02-10 12:11:03
550182,17922,2025-09-25 17:28:18,1,255,check-in,2026-02-10 12:11:03
550182,17923,2025-09-25 17:28:19,15,255,check-in,2026-02-10 12:11:03
550232,17924,2025-09-25 17:28:22,1,255,check-in,2026-02-10 12:11:03
550210,17925,2025-09-25 17:28:27,1,255,check-in,2026-02-10 12:11:03
550203,17926,2025-09-25 17:28:32,1,255,check-in,2026-02-10 12:11:03
550179,17927,2025-09-25 17:28:59,1,255,check-in,2026-02-10 12:11:03
474,17928,2025-09-25 17:29:09,15,255,check-in,2026-02-10 12:11:03
550202,17929,2025-09-25 17:29:17,15,255,check-in,2026-02-10 12:11:03
550202,17930,2025-09-25 17:29:18,1,255,check-in,2026-02-10 12:11:03
550202,17931,2025-09-25 17:29:20,1,255,check-in,2026-02-10 12:11:03
550201,17932,2025-09-25 17:29:45,1,255,check-in,2026-02-10 12:11:03
550160,17933,2025-09-25 17:32:11,1,255,check-in,2026-02-10 12:11:03
000487,17934,2025-09-25 17:34:48,1,255,check-in,2026-02-10 12:11:03
550209,17935,2025-09-25 18:16:37,1,255,check-in,2026-02-10 12:11:03
550204,17936,2025-09-26 06:37:36,1,255,check-in,2026-02-10 12:11:03
550209,17937,2025-09-26 06:39:00,1,255,check-in,2026-02-10 12:11:03
550241,17938,2025-09-26 06:44:34,1,255,check-in,2026-02-10 12:11:03
550044,17939,2025-09-26 06:49:54,1,255,check-in,2026-02-10 12:11:03
550185,17940,2025-09-26 07:09:31,15,255,check-in,2026-02-10 12:11:03
000446,17941,2025-09-26 07:10:54,1,255,check-in,2026-02-10 12:11:03
550226,17942,2025-09-26 07:11:07,1,255,check-in,2026-02-10 12:11:03
550038,17943,2025-09-26 07:15:42,1,255,check-in,2026-02-10 12:11:03
550193,17944,2025-09-26 07:16:25,1,255,check-in,2026-02-10 12:11:03
550082,17945,2025-09-26 07:19:10,1,255,check-in,2026-02-10 12:11:03
550205,17946,2025-09-26 07:19:20,1,255,check-in,2026-02-10 12:11:03
000444,17947,2025-09-26 07:19:24,1,255,check-in,2026-02-10 12:11:03
550196,17948,2025-09-26 07:20:09,1,255,check-in,2026-02-10 12:11:03
550194,17949,2025-09-26 07:20:34,1,255,check-in,2026-02-10 12:11:03
550153,17950,2025-09-26 07:21:39,1,255,check-in,2026-02-10 12:11:03
550203,17951,2025-09-26 07:22:38,1,255,check-in,2026-02-10 12:11:03
474,17952,2025-09-26 07:23:03,15,255,check-in,2026-02-10 12:11:03
550201,17953,2025-09-26 07:24:30,1,255,check-in,2026-02-10 12:11:03
550049,17954,2025-09-26 07:25:22,1,255,check-in,2026-02-10 12:11:03
550220,17955,2025-09-26 07:26:50,1,255,check-in,2026-02-10 12:11:03
660106,17956,2025-09-26 07:29:55,1,255,check-in,2026-02-10 12:11:03
550202,17957,2025-09-26 07:31:51,1,255,check-in,2026-02-10 12:11:03
550042,17958,2025-09-26 07:39:04,1,255,check-in,2026-02-10 12:11:03
550182,17959,2025-09-26 07:39:36,1,255,check-in,2026-02-10 12:11:03
550199,17960,2025-09-26 07:40:00,1,255,check-in,2026-02-10 12:11:03
000487,17961,2025-09-26 07:41:40,1,255,check-in,2026-02-10 12:11:03
550070,17962,2025-09-26 07:48:32,1,255,check-in,2026-02-10 12:11:03
550207,17963,2025-09-26 07:49:47,1,255,check-in,2026-02-10 12:11:03
550160,17964,2025-09-26 07:53:00,1,255,check-in,2026-02-10 12:11:03
660038,17965,2025-09-26 08:02:03,1,255,check-in,2026-02-10 12:11:03
550209,17966,2025-09-26 14:57:37,1,255,check-in,2026-02-10 12:11:03
550049,17967,2025-09-26 15:28:09,15,255,check-in,2026-02-10 12:11:03
000444,17968,2025-09-26 15:28:25,15,255,check-in,2026-02-10 12:11:03
550070,17969,2025-09-26 15:28:34,15,255,check-in,2026-02-10 12:11:03
550070,17970,2025-09-26 15:28:36,15,255,check-in,2026-02-10 12:11:03
550070,17971,2025-09-26 15:28:38,1,255,check-in,2026-02-10 12:11:03
550185,17972,2025-09-26 17:27:03,1,255,check-in,2026-02-10 12:11:03
550082,17973,2025-09-26 17:27:06,1,255,check-in,2026-02-10 12:11:03
550241,17974,2025-09-26 17:27:10,1,255,check-in,2026-02-10 12:11:03
550199,17975,2025-09-26 17:27:14,1,255,check-in,2026-02-10 12:11:03
550220,17976,2025-09-26 17:27:17,1,255,check-in,2026-02-10 12:11:03
550038,17977,2025-09-26 17:27:47,1,255,check-in,2026-02-10 12:11:03
550207,17978,2025-09-26 17:27:55,1,255,check-in,2026-02-10 12:11:03
550196,17979,2025-09-26 17:27:59,1,255,check-in,2026-02-10 12:11:03
550205,17980,2025-09-26 17:28:04,1,255,check-in,2026-02-10 12:11:03
550044,17981,2025-09-26 17:28:07,1,255,check-in,2026-02-10 12:11:03
550042,17982,2025-09-26 17:28:12,15,255,check-in,2026-02-10 12:11:03
550194,17983,2025-09-26 17:28:20,1,255,check-in,2026-02-10 12:11:03
550182,17984,2025-09-26 17:28:23,1,255,check-in,2026-02-10 12:11:03
474,17985,2025-09-26 17:28:30,15,255,check-in,2026-02-10 12:11:03
474,17986,2025-09-26 17:28:36,1,255,check-in,2026-02-10 12:11:03
550202,17987,2025-09-26 17:28:51,15,255,check-in,2026-02-10 12:11:03
550202,17988,2025-09-26 17:28:53,1,255,check-in,2026-02-10 12:11:03
550153,17989,2025-09-26 17:28:56,1,255,check-in,2026-02-10 12:11:03
660106,17990,2025-09-26 17:29:10,1,255,check-in,2026-02-10 12:11:03
000446,17991,2025-09-26 17:29:47,1,255,check-in,2026-02-10 12:11:03
550226,17992,2025-09-26 17:30:06,1,255,check-in,2026-02-10 12:11:03
660038,17993,2025-09-26 17:30:57,1,255,check-in,2026-02-10 12:11:03
550204,17994,2025-09-26 17:31:02,1,255,check-in,2026-02-10 12:11:03
550201,17995,2025-09-26 17:31:18,15,255,check-in,2026-02-10 12:11:03
550160,17996,2025-09-26 17:31:33,1,255,check-in,2026-02-10 12:11:03
550193,17997,2025-09-26 17:32:01,1,255,check-in,2026-02-10 12:11:03
000487,17998,2025-09-26 17:32:37,1,255,check-in,2026-02-10 12:11:03
550203,17999,2025-09-26 17:33:40,1,255,check-in,2026-02-10 12:11:03
550179,18000,2025-09-26 17:35:24,1,255,check-in,2026-02-10 12:11:03
660038,18001,2025-09-27 08:04:24,1,255,check-in,2026-02-10 12:11:03
660038,18002,2025-09-27 16:41:13,1,255,check-in,2026-02-10 12:11:03
550204,18003,2025-09-29 06:40:03,1,255,check-in,2026-02-10 12:11:03
550241,18004,2025-09-29 06:50:46,1,255,check-in,2026-02-10 12:11:03
550232,18005,2025-09-29 07:01:32,1,255,check-in,2026-02-10 12:11:03
550153,18006,2025-09-29 07:03:22,1,255,check-in,2026-02-10 12:11:03
550185,18007,2025-09-29 07:03:31,1,255,check-in,2026-02-10 12:11:03
550241,18008,2025-09-29 07:03:37,1,255,check-in,2026-02-10 12:11:03
550199,18009,2025-09-29 07:06:42,1,255,check-in,2026-02-10 12:11:03
550194,18010,2025-09-29 07:12:23,1,255,check-in,2026-02-10 12:11:03
550179,18011,2025-09-29 07:15:41,1,255,check-in,2026-02-10 12:11:03
550201,18012,2025-09-29 07:18:52,1,255,check-in,2026-02-10 12:11:03
550038,18013,2025-09-29 07:19:06,1,255,check-in,2026-02-10 12:11:03
550205,18014,2025-09-29 07:19:34,1,255,check-in,2026-02-10 12:11:03
000444,18015,2025-09-29 07:19:39,1,255,check-in,2026-02-10 12:11:03
550196,18016,2025-09-29 07:20:11,1,255,check-in,2026-02-10 12:11:03
550226,18017,2025-09-29 07:20:36,1,255,check-in,2026-02-10 12:11:03
550082,18018,2025-09-29 07:21:26,1,255,check-in,2026-02-10 12:11:03
550044,18019,2025-09-29 07:24:04,1,255,check-in,2026-02-10 12:11:03
550182,18020,2025-09-29 07:25:10,1,255,check-in,2026-02-10 12:11:03
550220,18021,2025-09-29 07:27:07,1,255,check-in,2026-02-10 12:11:03
550049,18022,2025-09-29 07:29:21,1,255,check-in,2026-02-10 12:11:03
474,18023,2025-09-29 07:29:27,1,255,check-in,2026-02-10 12:11:03
660106,18024,2025-09-29 07:30:37,1,255,check-in,2026-02-10 12:11:03
660038,18025,2025-09-29 07:30:53,1,255,check-in,2026-02-10 12:11:03
000487,18026,2025-09-29 07:33:13,1,255,check-in,2026-02-10 12:11:03
550042,18027,2025-09-29 07:33:17,1,255,check-in,2026-02-10 12:11:03
550207,18028,2025-09-29 07:38:40,1,255,check-in,2026-02-10 12:11:03
550160,18029,2025-09-29 07:39:01,1,255,check-in,2026-02-10 12:11:03
550160,18030,2025-09-29 07:39:31,1,255,check-in,2026-02-10 12:11:03
550209,18031,2025-09-29 07:59:36,1,255,check-in,2026-02-10 12:11:03
550201,18032,2025-09-29 12:17:43,1,255,check-in,2026-02-10 12:11:03
550203,18033,2025-09-29 14:20:41,1,255,check-in,2026-02-10 12:11:03
550220,18034,2025-09-29 17:27:42,1,255,check-in,2026-02-10 12:11:03
550241,18035,2025-09-29 17:27:47,1,255,check-in,2026-02-10 12:11:03
550082,18036,2025-09-29 17:27:50,1,255,check-in,2026-02-10 12:11:03
550185,18037,2025-09-29 17:27:57,15,255,check-in,2026-02-10 12:11:03
550232,18038,2025-09-29 17:28:03,1,255,check-in,2026-02-10 12:11:03
550232,18039,2025-09-29 17:28:05,15,255,check-in,2026-02-10 12:11:03
550207,18040,2025-09-29 17:28:27,1,255,check-in,2026-02-10 12:11:03
550049,18041,2025-09-29 17:28:30,1,255,check-in,2026-02-10 12:11:03
550205,18042,2025-09-29 17:28:35,1,255,check-in,2026-02-10 12:11:03
000444,18043,2025-09-29 17:28:41,1,255,check-in,2026-02-10 12:11:03
550199,18044,2025-09-29 17:28:45,1,255,check-in,2026-02-10 12:11:03
550194,18045,2025-09-29 17:28:52,1,255,check-in,2026-02-10 12:11:03
550182,18046,2025-09-29 17:28:56,1,255,check-in,2026-02-10 12:11:03
550044,18047,2025-09-29 17:29:03,1,255,check-in,2026-02-10 12:11:03
550038,18048,2025-09-29 17:29:05,1,255,check-in,2026-02-10 12:11:03
550042,18049,2025-09-29 17:29:11,1,255,check-in,2026-02-10 12:11:03
474,18050,2025-09-29 17:29:16,15,255,check-in,2026-02-10 12:11:03
474,18051,2025-09-29 17:29:18,1,255,check-in,2026-02-10 12:11:03
660106,18052,2025-09-29 17:29:27,1,255,check-in,2026-02-10 12:11:03
550204,18053,2025-09-29 17:30:00,1,255,check-in,2026-02-10 12:11:03
550179,18054,2025-09-29 17:30:23,1,255,check-in,2026-02-10 12:11:03
550203,18055,2025-09-29 17:30:43,1,255,check-in,2026-02-10 12:11:03
550160,18056,2025-09-29 17:31:16,1,255,check-in,2026-02-10 12:11:03
550226,18057,2025-09-29 17:31:35,1,255,check-in,2026-02-10 12:11:03
660038,18058,2025-09-29 17:32:30,1,255,check-in,2026-02-10 12:11:03
000487,18059,2025-09-29 17:34:10,1,255,check-in,2026-02-10 12:11:03
550209,18060,2025-09-29 18:11:34,1,255,check-in,2026-02-10 12:11:03
550153,18061,2025-09-29 19:00:06,1,255,check-in,2026-02-10 12:11:03
550196,18062,2025-09-29 19:01:48,1,255,check-in,2026-02-10 12:11:03
550209,18063,2025-09-30 06:17:13,1,255,check-in,2026-02-10 12:11:03
550241,18064,2025-09-30 06:54:54,1,255,check-in,2026-02-10 12:11:03
550232,18065,2025-09-30 06:57:00,1,255,check-in,2026-02-10 12:11:03
550232,18066,2025-09-30 06:57:02,15,255,check-in,2026-02-10 12:11:03
550185,18067,2025-09-30 06:58:25,1,255,check-in,2026-02-10 12:11:03
550241,18068,2025-09-30 07:00:49,1,255,check-in,2026-02-10 12:11:03
000446,18069,2025-09-30 07:03:36,1,255,check-in,2026-02-10 12:11:03
550226,18070,2025-09-30 07:07:40,1,255,check-in,2026-02-10 12:11:03
550153,18071,2025-09-30 07:08:58,1,255,check-in,2026-02-10 12:11:03
550179,18072,2025-09-30 07:10:33,1,255,check-in,2026-02-10 12:11:03
550194,18073,2025-09-30 07:13:44,1,255,check-in,2026-02-10 12:11:03
550193,18074,2025-09-30 07:16:11,1,255,check-in,2026-02-10 12:11:03
550201,18075,2025-09-30 07:18:47,1,255,check-in,2026-02-10 12:11:03
550044,18076,2025-09-30 07:21:56,1,255,check-in,2026-02-10 12:11:03
000444,18077,2025-09-30 07:22:09,1,255,check-in,2026-02-10 12:11:03
550203,18078,2025-09-30 07:24:35,1,255,check-in,2026-02-10 12:11:03
550182,18079,2025-09-30 07:25:25,1,255,check-in,2026-02-10 12:11:03
550220,18080,2025-09-30 07:26:02,1,255,check-in,2026-02-10 12:11:03
550199,18081,2025-09-30 07:26:29,1,255,check-in,2026-02-10 12:11:03
550049,18082,2025-09-30 07:27:24,1,255,check-in,2026-02-10 12:11:03
660106,18083,2025-09-30 07:29:22,1,255,check-in,2026-02-10 12:11:03
550196,18084,2025-09-30 07:29:28,1,255,check-in,2026-02-10 12:11:03
550202,18085,2025-09-30 07:29:39,1,255,check-in,2026-02-10 12:11:03
550042,18086,2025-09-30 07:30:49,1,255,check-in,2026-02-10 12:11:03
550207,18087,2025-09-30 07:36:47,1,255,check-in,2026-02-10 12:11:03
550205,18088,2025-09-30 07:36:53,1,255,check-in,2026-02-10 12:11:03
660038,18089,2025-09-30 07:37:22,1,255,check-in,2026-02-10 12:11:03
550160,18090,2025-09-30 07:47:30,1,255,check-in,2026-02-10 12:11:03
000487,18091,2025-09-30 11:19:34,1,255,check-in,2026-02-10 12:11:03
550199,18092,2025-09-30 13:26:39,1,255,check-in,2026-02-10 12:11:03
550153,18093,2025-09-30 15:26:12,1,255,check-in,2026-02-10 12:11:03
550241,18094,2025-09-30 17:27:37,1,255,check-in,2026-02-10 12:11:03
550220,18095,2025-09-30 17:27:58,1,255,check-in,2026-02-10 12:11:03
550185,18096,2025-09-30 17:28:22,1,255,check-in,2026-02-10 12:11:03
550232,18097,2025-09-30 17:28:26,1,255,check-in,2026-02-10 12:11:03
550232,18098,2025-09-30 17:28:28,15,255,check-in,2026-02-10 12:11:03
550205,18099,2025-09-30 17:28:39,1,255,check-in,2026-02-10 12:11:03
000444,18100,2025-09-30 17:28:41,1,255,check-in,2026-02-10 12:11:03
550049,18101,2025-09-30 17:28:44,1,255,check-in,2026-02-10 12:11:03
550196,18102,2025-09-30 17:28:48,1,255,check-in,2026-02-10 12:11:03
000446,18103,2025-09-30 17:29:04,1,255,check-in,2026-02-10 12:11:03
550042,18104,2025-09-30 17:29:18,1,255,check-in,2026-02-10 12:11:03
660106,18105,2025-09-30 17:29:22,1,255,check-in,2026-02-10 12:11:03
550207,18106,2025-09-30 17:29:35,1,255,check-in,2026-02-10 12:11:03
550044,18107,2025-09-30 17:29:38,1,255,check-in,2026-02-10 12:11:03
550194,18108,2025-09-30 17:29:40,1,255,check-in,2026-02-10 12:11:03
660038,18109,2025-09-30 17:29:43,1,255,check-in,2026-02-10 12:11:03
550203,18110,2025-09-30 17:29:59,1,255,check-in,2026-02-10 12:11:03
550193,18111,2025-09-30 17:30:07,1,255,check-in,2026-02-10 12:11:03
550182,18112,2025-09-30 17:30:11,1,255,check-in,2026-02-10 12:11:03
550201,18113,2025-09-30 17:31:48,1,255,check-in,2026-02-10 12:11:03
550179,18114,2025-09-30 17:32:22,1,255,check-in,2026-02-10 12:11:03
550226,18115,2025-09-30 17:33:26,1,255,check-in,2026-02-10 12:11:03
000487,18116,2025-09-30 17:34:52,1,255,check-in,2026-02-10 12:11:03
550202,18117,2025-09-30 17:35:01,1,255,check-in,2026-02-10 12:11:03
550160,18118,2025-09-30 17:42:24,1,255,check-in,2026-02-10 12:11:03
550209,18119,2025-09-30 18:09:03,1,255,check-in,2026-02-10 12:11:03
550209,18120,2025-10-01 06:22:09,1,255,check-in,2026-02-10 12:11:03
550241,18121,2025-10-01 06:43:17,1,255,check-in,2026-02-10 12:11:03
550204,18122,2025-10-01 06:44:33,1,255,check-in,2026-02-10 12:11:03
550232,18123,2025-10-01 06:58:51,1,255,check-in,2026-02-10 12:11:03
000446,18124,2025-10-01 07:06:12,1,255,check-in,2026-02-10 12:11:03
550185,18125,2025-10-01 07:10:18,1,255,check-in,2026-02-10 12:11:03
550153,18126,2025-10-01 07:14:13,1,255,check-in,2026-02-10 12:11:03
550226,18127,2025-10-01 07:14:19,1,255,check-in,2026-02-10 12:11:03
550194,18128,2025-10-01 07:17:57,1,255,check-in,2026-02-10 12:11:03
550193,18129,2025-10-01 07:19:44,1,255,check-in,2026-02-10 12:11:03
660038,18130,2025-10-01 07:20:04,1,255,check-in,2026-02-10 12:11:03
550044,18131,2025-10-01 07:20:39,1,255,check-in,2026-02-10 12:11:03
550082,18132,2025-10-01 07:22:18,1,255,check-in,2026-02-10 12:11:03
550151,18133,2025-10-01 07:22:25,1,255,check-in,2026-02-10 12:11:03
550196,18134,2025-10-01 07:24:05,1,255,check-in,2026-02-10 12:11:03
000444,18135,2025-10-01 07:24:37,1,255,check-in,2026-02-10 12:11:03
550201,18136,2025-10-01 07:25:05,1,255,check-in,2026-02-10 12:11:03
550070,18137,2025-10-01 07:31:15,1,255,check-in,2026-02-10 12:11:03
550049,18138,2025-10-01 07:31:23,1,255,check-in,2026-02-10 12:11:03
550220,18139,2025-10-01 07:32:09,1,255,check-in,2026-02-10 12:11:03
550182,18140,2025-10-01 07:32:44,1,255,check-in,2026-02-10 12:11:03
550042,18141,2025-10-01 07:32:55,1,255,check-in,2026-02-10 12:11:03
550202,18142,2025-10-01 07:33:01,1,255,check-in,2026-02-10 12:11:03
000487,18143,2025-10-01 07:35:55,1,255,check-in,2026-02-10 12:11:03
660106,18144,2025-10-01 07:36:15,1,255,check-in,2026-02-10 12:11:03
474,18145,2025-10-01 07:37:19,1,255,check-in,2026-02-10 12:11:03
550203,18146,2025-10-01 07:39:32,1,255,check-in,2026-02-10 12:11:03
550160,18147,2025-10-01 07:43:01,1,255,check-in,2026-02-10 12:11:03
550207,18148,2025-10-01 08:53:01,1,255,check-in,2026-02-10 12:11:03
550241,18149,2025-10-01 17:26:49,1,255,check-in,2026-02-10 12:11:03
550070,18150,2025-10-01 17:27:05,1,255,check-in,2026-02-10 12:11:03
550082,18151,2025-10-01 17:27:11,1,255,check-in,2026-02-10 12:11:03
550049,18152,2025-10-01 17:27:21,1,255,check-in,2026-02-10 12:11:03
550220,18153,2025-10-01 17:27:30,1,255,check-in,2026-02-10 12:11:03
550185,18154,2025-10-01 17:27:43,15,255,check-in,2026-02-10 12:11:03
000444,18155,2025-10-01 17:27:46,1,255,check-in,2026-02-10 12:11:03
550207,18156,2025-10-01 17:28:16,1,255,check-in,2026-02-10 12:11:03
550042,18157,2025-10-01 17:28:19,1,255,check-in,2026-02-10 12:11:03
550044,18158,2025-10-01 17:28:22,1,255,check-in,2026-02-10 12:11:03
474,18159,2025-10-01 17:28:28,1,255,check-in,2026-02-10 12:11:03
550194,18160,2025-10-01 17:28:31,1,255,check-in,2026-02-10 12:11:03
550151,18161,2025-10-01 17:28:35,1,255,check-in,2026-02-10 12:11:03
550182,18162,2025-10-01 17:28:42,15,255,check-in,2026-02-10 12:11:03
550182,18163,2025-10-01 17:28:43,1,255,check-in,2026-02-10 12:11:03
000446,18164,2025-10-01 17:28:46,1,255,check-in,2026-02-10 12:11:03
660106,18165,2025-10-01 17:28:51,1,255,check-in,2026-02-10 12:11:03
550226,18166,2025-10-01 17:29:09,1,255,check-in,2026-02-10 12:11:03
550203,18167,2025-10-01 17:29:14,1,255,check-in,2026-02-10 12:11:03
550193,18168,2025-10-01 17:30:37,1,255,check-in,2026-02-10 12:11:03
660038,18169,2025-10-01 17:30:39,1,255,check-in,2026-02-10 12:11:03
550202,18170,2025-10-01 17:32:16,1,255,check-in,2026-02-10 12:11:03
550202,18171,2025-10-01 17:32:18,15,255,check-in,2026-02-10 12:11:03
550160,18172,2025-10-01 17:32:28,1,255,check-in,2026-02-10 12:11:03
550232,18173,2025-10-01 17:32:31,1,255,check-in,2026-02-10 12:11:03
550232,18174,2025-10-01 17:32:32,15,255,check-in,2026-02-10 12:11:03
550201,18175,2025-10-01 17:32:54,1,255,check-in,2026-02-10 12:11:03
550204,18176,2025-10-01 17:35:34,1,255,check-in,2026-02-10 12:11:03
000487,18177,2025-10-01 17:36:40,1,255,check-in,2026-02-10 12:11:03
550209,18178,2025-10-01 18:29:41,1,255,check-in,2026-02-10 12:11:03
550153,18179,2025-10-01 19:00:03,1,255,check-in,2026-02-10 12:11:03
550196,18180,2025-10-01 19:00:22,1,255,check-in,2026-02-10 12:11:03
550209,18181,2025-10-02 06:19:02,15,255,check-in,2026-02-10 12:11:03
550241,18182,2025-10-02 06:38:15,1,255,check-in,2026-02-10 12:11:03
550204,18183,2025-10-02 06:43:39,1,255,check-in,2026-02-10 12:11:03
550241,18184,2025-10-02 06:46:33,1,255,check-in,2026-02-10 12:11:03
550241,18185,2025-10-02 06:46:39,1,255,check-in,2026-02-10 12:11:03
550232,18186,2025-10-02 06:48:20,15,255,check-in,2026-02-10 12:11:03
550232,18187,2025-10-02 06:48:22,15,255,check-in,2026-02-10 12:11:03
550232,18188,2025-10-02 06:48:23,1,255,check-in,2026-02-10 12:11:03
550185,18189,2025-10-02 07:04:12,1,255,check-in,2026-02-10 12:11:03
550153,18190,2025-10-02 07:12:33,1,255,check-in,2026-02-10 12:11:03
550199,18191,2025-10-02 07:12:43,1,255,check-in,2026-02-10 12:11:03
550226,18192,2025-10-02 07:12:59,1,255,check-in,2026-02-10 12:11:03
000446,18193,2025-10-02 07:14:46,1,255,check-in,2026-02-10 12:11:03
000444,18194,2025-10-02 07:16:08,1,255,check-in,2026-02-10 12:11:03
550193,18195,2025-10-02 07:17:05,1,255,check-in,2026-02-10 12:11:03
550194,18196,2025-10-02 07:17:59,1,255,check-in,2026-02-10 12:11:03
550044,18197,2025-10-02 07:18:06,1,255,check-in,2026-02-10 12:11:03
550220,18198,2025-10-02 07:18:54,1,255,check-in,2026-02-10 12:11:03
550207,18199,2025-10-02 07:19:25,1,255,check-in,2026-02-10 12:11:03
550151,18200,2025-10-02 07:19:40,1,255,check-in,2026-02-10 12:11:03
550205,18201,2025-10-02 07:19:53,1,255,check-in,2026-02-10 12:11:03
550082,18202,2025-10-02 07:20:46,1,255,check-in,2026-02-10 12:11:03
550196,18203,2025-10-02 07:22:13,1,255,check-in,2026-02-10 12:11:03
550201,18204,2025-10-02 07:23:19,1,255,check-in,2026-02-10 12:11:03
550182,18205,2025-10-02 07:25:35,1,255,check-in,2026-02-10 12:11:03
550179,18206,2025-10-02 07:26:22,1,255,check-in,2026-02-10 12:11:03
000487,18207,2025-10-02 07:29:29,1,255,check-in,2026-02-10 12:11:03
550042,18208,2025-10-02 07:30:36,1,255,check-in,2026-02-10 12:11:03
660106,18209,2025-10-02 07:34:40,1,255,check-in,2026-02-10 12:11:03
550160,18210,2025-10-02 07:40:45,1,255,check-in,2026-02-10 12:11:03
660038,18211,2025-10-02 07:52:23,1,255,check-in,2026-02-10 12:11:03
550202,18212,2025-10-02 08:56:38,1,255,check-in,2026-02-10 12:11:03
474,18213,2025-10-02 10:44:46,1,255,check-in,2026-02-10 12:11:03
550232,18214,2025-10-02 17:26:18,15,255,check-in,2026-02-10 12:11:03
550232,18215,2025-10-02 17:26:20,1,255,check-in,2026-02-10 12:11:03
550232,18216,2025-10-02 17:26:21,15,255,check-in,2026-02-10 12:11:03
550232,18217,2025-10-02 17:26:22,1,255,check-in,2026-02-10 12:11:03
550241,18218,2025-10-02 17:26:29,1,255,check-in,2026-02-10 12:11:03
550185,18219,2025-10-02 17:26:39,1,255,check-in,2026-02-10 12:11:03
550220,18220,2025-10-02 17:26:43,1,255,check-in,2026-02-10 12:11:03
550082,18221,2025-10-02 17:26:48,1,255,check-in,2026-02-10 12:11:03
550205,18222,2025-10-02 17:27:23,1,255,check-in,2026-02-10 12:11:03
000444,18223,2025-10-02 17:27:26,1,255,check-in,2026-02-10 12:11:03
000487,18224,2025-10-02 17:27:42,1,255,check-in,2026-02-10 12:11:03
550153,18225,2025-10-02 17:27:45,1,255,check-in,2026-02-10 12:11:03
550199,18226,2025-10-02 17:27:51,1,255,check-in,2026-02-10 12:11:03
550196,18227,2025-10-02 17:27:55,1,255,check-in,2026-02-10 12:11:03
550042,18228,2025-10-02 17:28:10,1,255,check-in,2026-02-10 12:11:03
550044,18229,2025-10-02 17:28:19,1,255,check-in,2026-02-10 12:11:03
550194,18230,2025-10-02 17:28:23,1,255,check-in,2026-02-10 12:11:03
660038,18231,2025-10-02 17:28:26,1,255,check-in,2026-02-10 12:11:03
000446,18232,2025-10-02 17:28:37,1,255,check-in,2026-02-10 12:11:03
550207,18233,2025-10-02 17:28:56,1,255,check-in,2026-02-10 12:11:03
660106,18234,2025-10-02 17:29:06,1,255,check-in,2026-02-10 12:11:03
550151,18235,2025-10-02 17:29:17,1,255,check-in,2026-02-10 12:11:03
550226,18236,2025-10-02 17:29:23,1,255,check-in,2026-02-10 12:11:03
550182,18237,2025-10-02 17:29:30,1,255,check-in,2026-02-10 12:11:03
550201,18238,2025-10-02 17:29:56,1,255,check-in,2026-02-10 12:11:03
550179,18239,2025-10-02 17:30:11,1,255,check-in,2026-02-10 12:11:03
550160,18240,2025-10-02 17:30:26,1,255,check-in,2026-02-10 12:11:03
550202,18241,2025-10-02 17:30:33,1,255,check-in,2026-02-10 12:11:03
550202,18242,2025-10-02 17:30:35,1,255,check-in,2026-02-10 12:11:03
550193,18243,2025-10-02 17:30:40,1,255,check-in,2026-02-10 12:11:03
474,18244,2025-10-02 17:31:08,1,255,check-in,2026-02-10 12:11:03
550204,18245,2025-10-02 17:40:18,1,255,check-in,2026-02-10 12:11:03
550209,18246,2025-10-02 18:26:13,1,255,check-in,2026-02-10 12:11:03
550209,18247,2025-10-03 06:25:17,1,255,check-in,2026-02-10 12:11:03
550204,18248,2025-10-03 06:43:54,1,255,check-in,2026-02-10 12:11:03
550241,18249,2025-10-03 06:44:49,1,255,check-in,2026-02-10 12:11:03
550232,18250,2025-10-03 06:56:31,1,255,check-in,2026-02-10 12:11:03
550185,18251,2025-10-03 07:00:08,1,255,check-in,2026-02-10 12:11:03
000446,18252,2025-10-03 07:06:56,1,255,check-in,2026-02-10 12:11:03
550226,18253,2025-10-03 07:12:17,1,255,check-in,2026-02-10 12:11:03
550153,18254,2025-10-03 07:13:55,1,255,check-in,2026-02-10 12:11:03
550179,18255,2025-10-03 07:15:19,1,255,check-in,2026-02-10 12:11:03
550201,18256,2025-10-03 07:15:49,1,255,check-in,2026-02-10 12:11:03
550193,18257,2025-10-03 07:15:59,1,255,check-in,2026-02-10 12:11:03
550044,18258,2025-10-03 07:16:23,1,255,check-in,2026-02-10 12:11:03
550182,18259,2025-10-03 07:19:28,1,255,check-in,2026-02-10 12:11:03
550203,18260,2025-10-03 07:20:18,1,255,check-in,2026-02-10 12:11:03
000444,18261,2025-10-03 07:20:22,1,255,check-in,2026-02-10 12:11:03
550196,18262,2025-10-03 07:21:08,1,255,check-in,2026-02-10 12:11:03
550082,18263,2025-10-03 07:22:15,1,255,check-in,2026-02-10 12:11:03
550049,18264,2025-10-03 07:25:09,1,255,check-in,2026-02-10 12:11:03
550194,18265,2025-10-03 07:26:14,1,255,check-in,2026-02-10 12:11:03
474,18266,2025-10-03 07:28:35,1,255,check-in,2026-02-10 12:11:03
660038,18267,2025-10-03 07:28:47,1,255,check-in,2026-02-10 12:11:03
550042,18268,2025-10-03 07:29:07,1,255,check-in,2026-02-10 12:11:03
550220,18269,2025-10-03 07:29:49,1,255,check-in,2026-02-10 12:11:03
550205,18270,2025-10-03 07:31:42,1,255,check-in,2026-02-10 12:11:03
550207,18271,2025-10-03 07:32:04,1,255,check-in,2026-02-10 12:11:03
660106,18272,2025-10-03 07:32:25,1,255,check-in,2026-02-10 12:11:03
550202,18273,2025-10-03 07:33:51,1,255,check-in,2026-02-10 12:11:03
550070,18274,2025-10-03 07:34:17,1,255,check-in,2026-02-10 12:11:03
550199,18275,2025-10-03 07:41:06,1,255,check-in,2026-02-10 12:11:03
550160,18276,2025-10-03 07:44:01,1,255,check-in,2026-02-10 12:11:03
550160,18277,2025-10-03 07:44:54,1,255,check-in,2026-02-10 12:11:03
000487,18278,2025-10-03 07:45:04,1,255,check-in,2026-02-10 12:11:03
550151,18279,2025-10-03 08:01:44,1,255,check-in,2026-02-10 12:11:03
550201,18280,2025-10-03 12:28:03,1,255,check-in,2026-02-10 12:11:03
550209,18281,2025-10-03 12:28:24,1,255,check-in,2026-02-10 12:11:03
550205,18282,2025-10-03 15:29:38,1,255,check-in,2026-02-10 12:11:03
550082,18283,2025-10-03 17:26:49,1,255,check-in,2026-02-10 12:11:03
550241,18284,2025-10-03 17:26:54,1,255,check-in,2026-02-10 12:11:03
550232,18285,2025-10-03 17:27:00,15,255,check-in,2026-02-10 12:11:03
550232,18286,2025-10-03 17:27:01,1,255,check-in,2026-02-10 12:11:03
550232,18287,2025-10-03 17:27:02,15,255,check-in,2026-02-10 12:11:03
550232,18288,2025-10-03 17:27:05,1,255,check-in,2026-02-10 12:11:03
550185,18289,2025-10-03 17:27:11,1,255,check-in,2026-02-10 12:11:03
550070,18290,2025-10-03 17:27:15,1,255,check-in,2026-02-10 12:11:03
550220,18291,2025-10-03 17:27:21,1,255,check-in,2026-02-10 12:11:03
550199,18292,2025-10-03 17:27:27,1,255,check-in,2026-02-10 12:11:03
000444,18293,2025-10-03 17:27:40,1,255,check-in,2026-02-10 12:11:03
000446,18294,2025-10-03 17:27:51,1,255,check-in,2026-02-10 12:11:03
550049,18295,2025-10-03 17:27:54,1,255,check-in,2026-02-10 12:11:03
550042,18296,2025-10-03 17:27:57,1,255,check-in,2026-02-10 12:11:03
550153,18297,2025-10-03 17:28:01,1,255,check-in,2026-02-10 12:11:03
550196,18298,2025-10-03 17:28:05,15,255,check-in,2026-02-10 12:11:03
550196,18299,2025-10-03 17:28:07,1,255,check-in,2026-02-10 12:11:03
550044,18300,2025-10-03 17:28:20,1,255,check-in,2026-02-10 12:11:03
660038,18301,2025-10-03 17:28:29,1,255,check-in,2026-02-10 12:11:03
550194,18302,2025-10-03 17:28:58,1,255,check-in,2026-02-10 12:11:03
550193,18303,2025-10-03 17:29:07,1,255,check-in,2026-02-10 12:11:03
550207,18304,2025-10-03 17:29:52,1,255,check-in,2026-02-10 12:11:03
550226,18305,2025-10-03 17:29:56,15,255,check-in,2026-02-10 12:11:03
550226,18306,2025-10-03 17:29:58,1,255,check-in,2026-02-10 12:11:03
550226,18307,2025-10-03 17:30:00,15,255,check-in,2026-02-10 12:11:03
550226,18308,2025-10-03 17:30:02,15,255,check-in,2026-02-10 12:11:03
550226,18309,2025-10-03 17:30:04,1,255,check-in,2026-02-10 12:11:03
550151,18310,2025-10-03 17:30:07,1,255,check-in,2026-02-10 12:11:03
550182,18311,2025-10-03 17:30:12,15,255,check-in,2026-02-10 12:11:03
660106,18312,2025-10-03 17:30:24,1,255,check-in,2026-02-10 12:11:03
550179,18313,2025-10-03 17:30:58,1,255,check-in,2026-02-10 12:11:03
550204,18314,2025-10-03 17:32:08,1,255,check-in,2026-02-10 12:11:03
550202,18315,2025-10-03 17:33:28,1,255,check-in,2026-02-10 12:11:03
474,18316,2025-10-03 17:34:14,1,255,check-in,2026-02-10 12:11:03
474,18317,2025-10-03 17:34:15,15,255,check-in,2026-02-10 12:11:03
550160,18318,2025-10-03 17:35:26,1,255,check-in,2026-02-10 12:11:03
000487,18319,2025-10-03 17:47:08,1,255,check-in,2026-02-10 12:11:03
550044,18320,2025-10-04 07:16:23,1,255,check-in,2026-02-10 12:11:03
550204,18321,2025-10-07 06:44:32,1,255,check-in,2026-02-10 12:11:03
550241,18322,2025-10-07 06:50:37,1,255,check-in,2026-02-10 12:11:03
550241,18323,2025-10-07 06:56:32,1,255,check-in,2026-02-10 12:11:03
550185,18324,2025-10-07 07:04:31,1,255,check-in,2026-02-10 12:11:03
550153,18325,2025-10-07 07:07:57,1,255,check-in,2026-02-10 12:11:03
550193,18326,2025-10-07 07:09:31,1,255,check-in,2026-02-10 12:11:03
550201,18327,2025-10-07 07:10:30,1,255,check-in,2026-02-10 12:11:03
000446,18328,2025-10-07 07:11:18,1,255,check-in,2026-02-10 12:11:03
550226,18329,2025-10-07 07:11:24,1,255,check-in,2026-02-10 12:11:03
550194,18330,2025-10-07 07:14:47,1,255,check-in,2026-02-10 12:11:03
550044,18331,2025-10-07 07:15:24,1,255,check-in,2026-02-10 12:11:03
550179,18332,2025-10-07 07:16:41,1,255,check-in,2026-02-10 12:11:03
550151,18333,2025-10-07 07:16:58,1,255,check-in,2026-02-10 12:11:03
550150,18334,2025-10-07 07:17:45,1,255,check-in,2026-02-10 12:11:03
000444,18335,2025-10-07 07:22:24,1,255,check-in,2026-02-10 12:11:03
550042,18336,2025-10-07 07:24:57,1,255,check-in,2026-02-10 12:11:03
550082,18337,2025-10-07 07:25:21,1,255,check-in,2026-02-10 12:11:03
550220,18338,2025-10-07 07:27:00,1,255,check-in,2026-02-10 12:11:03
550182,18339,2025-10-07 07:27:19,1,255,check-in,2026-02-10 12:11:03
550202,18340,2025-10-07 07:27:26,1,255,check-in,2026-02-10 12:11:03
550160,18341,2025-10-07 07:28:30,1,255,check-in,2026-02-10 12:11:03
550070,18342,2025-10-07 07:30:56,1,255,check-in,2026-02-10 12:11:03
550049,18343,2025-10-07 07:32:02,1,255,check-in,2026-02-10 12:11:03
474,18344,2025-10-07 07:32:09,1,255,check-in,2026-02-10 12:11:03
474,18345,2025-10-07 07:32:11,15,255,check-in,2026-02-10 12:11:03
550199,18346,2025-10-07 07:35:50,1,255,check-in,2026-02-10 12:11:03
550203,18347,2025-10-07 07:37:19,1,255,check-in,2026-02-10 12:11:03
660106,18348,2025-10-07 07:42:34,1,255,check-in,2026-02-10 12:11:03
660038,18349,2025-10-07 07:45:14,1,255,check-in,2026-02-10 12:11:03
550209,18350,2025-10-07 07:59:58,1,255,check-in,2026-02-10 12:11:03
550207,18351,2025-10-07 08:27:37,1,255,check-in,2026-02-10 12:11:03
000487,18352,2025-10-07 09:14:18,1,255,check-in,2026-02-10 12:11:03
550082,18353,2025-10-07 17:27:12,1,255,check-in,2026-02-10 12:11:03
550199,18354,2025-10-07 17:27:24,1,255,check-in,2026-02-10 12:11:03
550241,18355,2025-10-07 17:27:28,1,255,check-in,2026-02-10 12:11:03
550070,18356,2025-10-07 17:27:36,1,255,check-in,2026-02-10 12:11:03
550220,18357,2025-10-07 17:27:42,1,255,check-in,2026-02-10 12:11:03
550185,18358,2025-10-07 17:27:50,1,255,check-in,2026-02-10 12:11:03
000444,18359,2025-10-07 17:27:53,1,255,check-in,2026-02-10 12:11:03
550049,18360,2025-10-07 17:28:06,1,255,check-in,2026-02-10 12:11:03
550042,18361,2025-10-07 17:28:07,15,255,check-in,2026-02-10 12:11:03
550042,18362,2025-10-07 17:28:09,1,255,check-in,2026-02-10 12:11:03
550044,18363,2025-10-07 17:28:14,1,255,check-in,2026-02-10 12:11:03
550182,18364,2025-10-07 17:28:20,1,255,check-in,2026-02-10 12:11:03
550153,18365,2025-10-07 17:28:24,1,255,check-in,2026-02-10 12:11:03
550203,18366,2025-10-07 17:28:28,1,255,check-in,2026-02-10 12:11:03
550207,18367,2025-10-07 17:28:37,1,255,check-in,2026-02-10 12:11:03
550194,18368,2025-10-07 17:28:42,1,255,check-in,2026-02-10 12:11:03
000446,18369,2025-10-07 17:28:57,1,255,check-in,2026-02-10 12:11:03
550151,18370,2025-10-07 17:29:17,1,255,check-in,2026-02-10 12:11:03
550150,18371,2025-10-07 17:29:49,1,255,check-in,2026-02-10 12:11:03
550226,18372,2025-10-07 17:29:53,1,255,check-in,2026-02-10 12:11:03
550179,18373,2025-10-07 17:29:57,1,255,check-in,2026-02-10 12:11:03
550202,18374,2025-10-07 17:31:16,1,255,check-in,2026-02-10 12:11:03
550201,18375,2025-10-07 17:31:43,15,255,check-in,2026-02-10 12:11:03
550201,18376,2025-10-07 17:31:46,15,255,check-in,2026-02-10 12:11:03
660038,18377,2025-10-07 17:32:21,1,255,check-in,2026-02-10 12:11:03
474,18378,2025-10-07 17:32:47,1,255,check-in,2026-02-10 12:11:03
550160,18379,2025-10-07 17:34:56,1,255,check-in,2026-02-10 12:11:03
660106,18380,2025-10-07 17:34:59,1,255,check-in,2026-02-10 12:11:03
550204,18381,2025-10-07 17:36:52,1,255,check-in,2026-02-10 12:11:03
550193,18382,2025-10-07 17:40:54,1,255,check-in,2026-02-10 12:11:03
000487,18383,2025-10-07 17:41:00,1,255,check-in,2026-02-10 12:11:03
550209,18384,2025-10-07 18:22:19,1,255,check-in,2026-02-10 12:11:03
550209,18385,2025-10-08 06:12:59,1,255,check-in,2026-02-10 12:11:03
550241,18386,2025-10-08 06:36:34,1,255,check-in,2026-02-10 12:11:03
550232,18387,2025-10-08 06:41:53,1,255,check-in,2026-02-10 12:11:03
550241,18388,2025-10-08 06:44:26,1,255,check-in,2026-02-10 12:11:03
550185,18389,2025-10-08 07:02:33,1,255,check-in,2026-02-10 12:11:03
550199,18390,2025-10-08 07:04:06,1,255,check-in,2026-02-10 12:11:03
000446,18391,2025-10-08 07:06:11,1,255,check-in,2026-02-10 12:11:03
550226,18392,2025-10-08 07:07:04,1,255,check-in,2026-02-10 12:11:03
550044,18393,2025-10-08 07:11:03,1,255,check-in,2026-02-10 12:11:03
550153,18394,2025-10-08 07:12:07,1,255,check-in,2026-02-10 12:11:03
550201,18395,2025-10-08 07:13:06,1,255,check-in,2026-02-10 12:11:03
000444,18396,2025-10-08 07:13:59,1,255,check-in,2026-02-10 12:11:03
550203,18397,2025-10-08 07:15:07,1,255,check-in,2026-02-10 12:11:03
550220,18398,2025-10-08 07:20:31,1,255,check-in,2026-02-10 12:11:03
550205,18399,2025-10-08 07:21:08,1,255,check-in,2026-02-10 12:11:03
550194,18400,2025-10-08 07:22:31,1,255,check-in,2026-02-10 12:11:03
474,18401,2025-10-08 07:22:38,1,255,check-in,2026-02-10 12:11:03
550042,18402,2025-10-08 07:24:40,1,255,check-in,2026-02-10 12:11:03
550082,18403,2025-10-08 07:25:35,1,255,check-in,2026-02-10 12:11:03
550196,18404,2025-10-08 07:26:18,1,255,check-in,2026-02-10 12:11:03
550179,18405,2025-10-08 07:26:30,1,255,check-in,2026-02-10 12:11:03
550193,18406,2025-10-08 07:26:44,1,255,check-in,2026-02-10 12:11:03
550182,18407,2025-10-08 07:26:47,1,255,check-in,2026-02-10 12:11:03
550160,18408,2025-10-08 07:28:13,1,255,check-in,2026-02-10 12:11:03
550049,18409,2025-10-08 07:29:19,1,255,check-in,2026-02-10 12:11:03
550207,18410,2025-10-08 07:29:45,1,255,check-in,2026-02-10 12:11:03
000487,18411,2025-10-08 07:30:00,1,255,check-in,2026-02-10 12:11:03
550202,18412,2025-10-08 07:32:09,1,255,check-in,2026-02-10 12:11:03
660038,18413,2025-10-08 07:40:18,1,255,check-in,2026-02-10 12:11:03
550151,18414,2025-10-08 09:29:24,1,255,check-in,2026-02-10 12:11:03
550226,18415,2025-10-08 12:01:44,1,255,check-in,2026-02-10 12:11:03
550199,18416,2025-10-08 17:26:57,1,255,check-in,2026-02-10 12:11:03
550241,18417,2025-10-08 17:27:03,1,255,check-in,2026-02-10 12:11:03
550185,18418,2025-10-08 17:27:12,1,255,check-in,2026-02-10 12:11:03
550220,18419,2025-10-08 17:27:18,1,255,check-in,2026-02-10 12:11:03
550049,18420,2025-10-08 17:27:45,1,255,check-in,2026-02-10 12:11:03
000444,18421,2025-10-08 17:27:48,1,255,check-in,2026-02-10 12:11:03
550205,18422,2025-10-08 17:27:52,1,255,check-in,2026-02-10 12:11:03
550196,18423,2025-10-08 17:28:08,1,255,check-in,2026-02-10 12:11:03
550082,18424,2025-10-08 17:28:12,1,255,check-in,2026-02-10 12:11:03
000446,18425,2025-10-08 17:28:18,1,255,check-in,2026-02-10 12:11:03
550042,18426,2025-10-08 17:28:25,1,255,check-in,2026-02-10 12:11:03
660038,18427,2025-10-08 17:28:34,1,255,check-in,2026-02-10 12:11:03
550153,18428,2025-10-08 17:28:41,1,255,check-in,2026-02-10 12:11:03
550044,18429,2025-10-08 17:28:45,1,255,check-in,2026-02-10 12:11:03
550232,18430,2025-10-08 17:28:50,1,255,check-in,2026-02-10 12:11:03
550232,18431,2025-10-08 17:28:52,15,255,check-in,2026-02-10 12:11:03
550179,18432,2025-10-08 17:29:05,1,255,check-in,2026-02-10 12:11:03
550207,18433,2025-10-08 17:29:12,1,255,check-in,2026-02-10 12:11:03
550194,18434,2025-10-08 17:29:14,1,255,check-in,2026-02-10 12:11:03
550193,18435,2025-10-08 17:29:17,1,255,check-in,2026-02-10 12:11:03
474,18436,2025-10-08 17:29:27,1,255,check-in,2026-02-10 12:11:03
550182,18437,2025-10-08 17:29:32,1,255,check-in,2026-02-10 12:11:03
550151,18438,2025-10-08 17:29:37,1,255,check-in,2026-02-10 12:11:03
550203,18439,2025-10-08 17:30:01,1,255,check-in,2026-02-10 12:11:03
550202,18440,2025-10-08 17:30:49,1,255,check-in,2026-02-10 12:11:03
550201,18441,2025-10-08 17:31:47,15,255,check-in,2026-02-10 12:11:03
550201,18442,2025-10-08 17:31:48,1,255,check-in,2026-02-10 12:11:03
550160,18443,2025-10-08 17:34:37,1,255,check-in,2026-02-10 12:11:03
000487,18444,2025-10-08 17:42:42,1,255,check-in,2026-02-10 12:11:03
550209,18445,2025-10-08 18:25:11,1,255,check-in,2026-02-10 12:11:03
550209,18446,2025-10-09 06:16:36,1,255,check-in,2026-02-10 12:11:03
550044,18447,2025-10-09 06:41:53,1,255,check-in,2026-02-10 12:11:03
550241,18448,2025-10-09 06:43:20,1,255,check-in,2026-02-10 12:11:03
550204,18449,2025-10-09 06:44:18,1,255,check-in,2026-02-10 12:11:03
550185,18450,2025-10-09 07:05:21,1,255,check-in,2026-02-10 12:11:03
550153,18451,2025-10-09 07:05:39,1,255,check-in,2026-02-10 12:11:03
000446,18452,2025-10-09 07:07:20,1,255,check-in,2026-02-10 12:11:03
550179,18453,2025-10-09 07:14:26,1,255,check-in,2026-02-10 12:11:03
550042,18454,2025-10-09 07:15:13,1,255,check-in,2026-02-10 12:11:03
550199,18455,2025-10-09 07:18:09,1,255,check-in,2026-02-10 12:11:03
474,18456,2025-10-09 07:20:57,1,255,check-in,2026-02-10 12:11:03
550201,18457,2025-10-09 07:21:31,1,255,check-in,2026-02-10 12:11:03
550194,18458,2025-10-09 07:21:45,1,255,check-in,2026-02-10 12:11:03
000444,18459,2025-10-09 07:22:04,1,255,check-in,2026-02-10 12:11:03
550220,18460,2025-10-09 07:22:09,1,255,check-in,2026-02-10 12:11:03
550196,18461,2025-10-09 07:24:04,1,255,check-in,2026-02-10 12:11:03
550205,18462,2025-10-09 07:24:21,1,255,check-in,2026-02-10 12:11:03
550182,18463,2025-10-09 07:28:04,1,255,check-in,2026-02-10 12:11:03
550160,18464,2025-10-09 07:29:00,1,255,check-in,2026-02-10 12:11:03
550049,18465,2025-10-09 07:29:05,1,255,check-in,2026-02-10 12:11:03
660106,18466,2025-10-09 07:30:42,1,255,check-in,2026-02-10 12:11:03
550202,18467,2025-10-09 07:31:14,1,255,check-in,2026-02-10 12:11:03
000487,18468,2025-10-09 07:34:14,1,255,check-in,2026-02-10 12:11:03
550203,18469,2025-10-09 07:38:33,1,255,check-in,2026-02-10 12:11:03
550207,18470,2025-10-09 07:40:17,1,255,check-in,2026-02-10 12:11:03
660038,18471,2025-10-09 07:57:26,1,255,check-in,2026-02-10 12:11:03
550207,18472,2025-10-09 15:29:51,1,255,check-in,2026-02-10 12:11:03
550160,18473,2025-10-09 15:40:35,1,255,check-in,2026-02-10 12:11:03
550241,18474,2025-10-09 17:27:56,1,255,check-in,2026-02-10 12:11:03
550049,18475,2025-10-09 17:28:05,1,255,check-in,2026-02-10 12:11:03
550185,18476,2025-10-09 17:28:14,1,255,check-in,2026-02-10 12:11:03
550196,18477,2025-10-09 17:28:18,1,255,check-in,2026-02-10 12:11:03
550220,18478,2025-10-09 17:28:23,1,255,check-in,2026-02-10 12:11:03
550205,18479,2025-10-09 17:28:28,1,255,check-in,2026-02-10 12:11:03
550153,18480,2025-10-09 17:28:32,1,255,check-in,2026-02-10 12:11:03
550199,18481,2025-10-09 17:28:35,1,255,check-in,2026-02-10 12:11:03
000444,18482,2025-10-09 17:28:39,1,255,check-in,2026-02-10 12:11:03
550193,18483,2025-10-09 17:28:49,1,255,check-in,2026-02-10 12:11:03
550042,18484,2025-10-09 17:28:51,1,255,check-in,2026-02-10 12:11:03
660106,18485,2025-10-09 17:29:00,1,255,check-in,2026-02-10 12:11:03
550044,18486,2025-10-09 17:29:05,1,255,check-in,2026-02-10 12:11:03
000446,18487,2025-10-09 17:29:11,1,255,check-in,2026-02-10 12:11:03
550182,18488,2025-10-09 17:29:15,1,255,check-in,2026-02-10 12:11:03
550203,18489,2025-10-09 17:29:19,1,255,check-in,2026-02-10 12:11:03
474,18490,2025-10-09 17:29:27,1,255,check-in,2026-02-10 12:11:03
660038,18491,2025-10-09 17:29:44,1,255,check-in,2026-02-10 12:11:03
550204,18492,2025-10-09 17:30:07,1,255,check-in,2026-02-10 12:11:03
550194,18493,2025-10-09 17:30:10,1,255,check-in,2026-02-10 12:11:03
550179,18494,2025-10-09 17:31:00,1,255,check-in,2026-02-10 12:11:03
550202,18495,2025-10-09 17:33:46,15,255,check-in,2026-02-10 12:11:03
550202,18496,2025-10-09 17:33:48,15,255,check-in,2026-02-10 12:11:03
000487,18497,2025-10-09 17:35:10,1,255,check-in,2026-02-10 12:11:03
550201,18498,2025-10-09 17:43:15,15,255,check-in,2026-02-10 12:11:03
550201,18499,2025-10-09 17:43:21,15,255,check-in,2026-02-10 12:11:03
550209,18500,2025-10-09 18:06:06,1,255,check-in,2026-02-10 12:11:03
550209,18501,2025-10-10 06:18:29,1,255,check-in,2026-02-10 12:11:03
550044,18502,2025-10-10 06:43:50,1,255,check-in,2026-02-10 12:11:03
550241,18503,2025-10-10 06:43:56,1,255,check-in,2026-02-10 12:11:03
550204,18504,2025-10-10 06:45:19,1,255,check-in,2026-02-10 12:11:03
550232,18505,2025-10-10 06:52:19,1,255,check-in,2026-02-10 12:11:03
550232,18506,2025-10-10 06:52:20,1,255,check-in,2026-02-10 12:11:03
000446,18507,2025-10-10 07:07:10,1,255,check-in,2026-02-10 12:11:03
550226,18508,2025-10-10 07:10:31,1,255,check-in,2026-02-10 12:11:03
550179,18509,2025-10-10 07:11:06,1,255,check-in,2026-02-10 12:11:03
550193,18510,2025-10-10 07:12:43,1,255,check-in,2026-02-10 12:11:03
550201,18511,2025-10-10 07:19:10,1,255,check-in,2026-02-10 12:11:03
550203,18512,2025-10-10 07:19:16,1,255,check-in,2026-02-10 12:11:03
000444,18513,2025-10-10 07:20:08,1,255,check-in,2026-02-10 12:11:03
550205,18514,2025-10-10 07:20:12,1,255,check-in,2026-02-10 12:11:03
550196,18515,2025-10-10 07:20:22,1,255,check-in,2026-02-10 12:11:03
474,18516,2025-10-10 07:23:10,1,255,check-in,2026-02-10 12:11:03
550207,18517,2025-10-10 07:23:45,1,255,check-in,2026-02-10 12:11:03
550082,18518,2025-10-10 07:23:50,1,255,check-in,2026-02-10 12:11:03
550199,18519,2025-10-10 07:23:55,1,255,check-in,2026-02-10 12:11:03
550182,18520,2025-10-10 07:25:46,1,255,check-in,2026-02-10 12:11:03
550042,18521,2025-10-10 07:26:01,1,255,check-in,2026-02-10 12:11:03
550194,18522,2025-10-10 07:26:11,1,255,check-in,2026-02-10 12:11:03
550220,18523,2025-10-10 07:26:31,1,255,check-in,2026-02-10 12:11:03
550049,18524,2025-10-10 07:29:40,1,255,check-in,2026-02-10 12:11:03
660038,18525,2025-10-10 07:30:42,1,255,check-in,2026-02-10 12:11:03
550160,18526,2025-10-10 07:30:44,1,255,check-in,2026-02-10 12:11:03
550202,18527,2025-10-10 07:30:51,1,255,check-in,2026-02-10 12:11:03
660106,18528,2025-10-10 07:34:14,1,255,check-in,2026-02-10 12:11:03
000487,18529,2025-10-10 07:38:59,1,255,check-in,2026-02-10 12:11:03
550196,18530,2025-10-10 07:48:53,1,255,check-in,2026-02-10 12:11:03
550241,18531,2025-10-10 17:26:02,1,255,check-in,2026-02-10 12:11:03
550220,18532,2025-10-10 17:26:12,1,255,check-in,2026-02-10 12:11:03
550082,18533,2025-10-10 17:26:36,1,255,check-in,2026-02-10 12:11:03
550196,18534,2025-10-10 17:26:43,1,255,check-in,2026-02-10 12:11:03
550049,18535,2025-10-10 17:26:46,1,255,check-in,2026-02-10 12:11:03
550207,18536,2025-10-10 17:26:50,1,255,check-in,2026-02-10 12:11:03
550205,18537,2025-10-10 17:26:58,1,255,check-in,2026-02-10 12:11:03
550199,18538,2025-10-10 17:27:04,1,255,check-in,2026-02-10 12:11:03
000444,18539,2025-10-10 17:27:10,1,255,check-in,2026-02-10 12:11:03
550042,18540,2025-10-10 17:27:18,1,255,check-in,2026-02-10 12:11:03
550185,18541,2025-10-10 17:27:29,1,255,check-in,2026-02-10 12:11:03
660106,18542,2025-10-10 17:27:33,1,255,check-in,2026-02-10 12:11:03
550194,18543,2025-10-10 17:27:36,1,255,check-in,2026-02-10 12:11:03
550182,18544,2025-10-10 17:27:40,1,255,check-in,2026-02-10 12:11:03
550160,18545,2025-10-10 17:27:42,1,255,check-in,2026-02-10 12:11:03
550044,18546,2025-10-10 17:28:24,1,255,check-in,2026-02-10 12:11:03
550232,18547,2025-10-10 17:28:32,1,255,check-in,2026-02-10 12:11:03
474,18548,2025-10-10 17:28:59,1,255,check-in,2026-02-10 12:11:03
550204,18549,2025-10-10 17:29:23,1,255,check-in,2026-02-10 12:11:03
660038,18550,2025-10-10 17:29:29,1,255,check-in,2026-02-10 12:11:03
550179,18551,2025-10-10 17:29:41,1,255,check-in,2026-02-10 12:11:03
550209,18552,2025-10-10 17:29:47,1,255,check-in,2026-02-10 12:11:03
550226,18553,2025-10-10 17:30:32,1,255,check-in,2026-02-10 12:11:03
550193,18554,2025-10-10 17:31:09,1,255,check-in,2026-02-10 12:11:03
000446,18555,2025-10-10 17:31:13,1,255,check-in,2026-02-10 12:11:03
550202,18556,2025-10-10 17:31:48,1,255,check-in,2026-02-10 12:11:03
550203,18557,2025-10-10 17:32:00,1,255,check-in,2026-02-10 12:11:03
550201,18558,2025-10-10 17:35:25,1,255,check-in,2026-02-10 12:11:03
000487,18559,2025-10-10 17:44:16,1,255,check-in,2026-02-10 12:11:03
550204,18560,2025-10-13 06:39:46,1,255,check-in,2026-02-10 12:11:03
550241,18561,2025-10-13 06:44:20,1,255,check-in,2026-02-10 12:11:03
550241,18562,2025-10-13 06:50:25,1,255,check-in,2026-02-10 12:11:03
550185,18563,2025-10-13 06:58:58,1,255,check-in,2026-02-10 12:11:03
550179,18564,2025-10-13 07:08:38,1,255,check-in,2026-02-10 12:11:03
550153,18565,2025-10-13 07:11:51,1,255,check-in,2026-02-10 12:11:03
550194,18566,2025-10-13 07:16:15,1,255,check-in,2026-02-10 12:11:03
550193,18567,2025-10-13 07:16:41,1,255,check-in,2026-02-10 12:11:03
550226,18568,2025-10-13 07:16:44,15,255,check-in,2026-02-10 12:11:03
550226,18569,2025-10-13 07:16:46,1,255,check-in,2026-02-10 12:11:03
550044,18570,2025-10-13 07:19:56,1,255,check-in,2026-02-10 12:11:03
550049,18571,2025-10-13 07:23:56,1,255,check-in,2026-02-10 12:11:03
550201,18572,2025-10-13 07:24:27,1,255,check-in,2026-02-10 12:11:03
550210,18573,2025-10-13 07:24:37,1,255,check-in,2026-02-10 12:11:03
000487,18574,2025-10-13 07:27:11,1,255,check-in,2026-02-10 12:11:03
550202,18575,2025-10-13 07:27:20,1,255,check-in,2026-02-10 12:11:03
550202,18576,2025-10-13 07:27:21,15,255,check-in,2026-02-10 12:11:03
550220,18577,2025-10-13 07:27:53,1,255,check-in,2026-02-10 12:11:03
550199,18578,2025-10-13 07:28:51,1,255,check-in,2026-02-10 12:11:03
660106,18579,2025-10-13 07:31:21,1,255,check-in,2026-02-10 12:11:03
550207,18580,2025-10-13 07:31:32,1,255,check-in,2026-02-10 12:11:03
550160,18581,2025-10-13 07:31:37,1,255,check-in,2026-02-10 12:11:03
550203,18582,2025-10-13 07:32:13,1,255,check-in,2026-02-10 12:11:03
474,18583,2025-10-13 07:32:37,15,255,check-in,2026-02-10 12:11:03
474,18584,2025-10-13 07:32:40,1,255,check-in,2026-02-10 12:11:03
474,18585,2025-10-13 07:32:42,15,255,check-in,2026-02-10 12:11:03
660038,18586,2025-10-13 07:38:56,1,255,check-in,2026-02-10 12:11:03
660038,18587,2025-10-13 07:39:04,1,255,check-in,2026-02-10 12:11:03
550196,18588,2025-10-13 07:42:31,1,255,check-in,2026-02-10 12:11:03
550082,18589,2025-10-13 07:43:24,1,255,check-in,2026-02-10 12:11:03
550209,18590,2025-10-13 07:50:11,1,255,check-in,2026-02-10 12:11:03
000446,18591,2025-10-13 09:06:17,1,255,check-in,2026-02-10 12:11:03
000444,18592,2025-10-13 09:36:03,1,255,check-in,2026-02-10 12:11:03
550241,18593,2025-10-13 17:24:42,1,255,check-in,2026-02-10 12:11:03
550241,18594,2025-10-13 17:24:48,1,255,check-in,2026-02-10 12:11:03
550185,18595,2025-10-13 17:25:05,1,255,check-in,2026-02-10 12:11:03
550049,18596,2025-10-13 17:25:30,1,255,check-in,2026-02-10 12:11:03
550082,18597,2025-10-13 17:25:34,1,255,check-in,2026-02-10 12:11:03
550199,18598,2025-10-13 17:25:59,1,255,check-in,2026-02-10 12:11:03
550044,18599,2025-10-13 17:26:40,1,255,check-in,2026-02-10 12:11:03
000444,18600,2025-10-13 17:26:53,1,255,check-in,2026-02-10 12:11:03
550196,18601,2025-10-13 17:27:02,1,255,check-in,2026-02-10 12:11:03
550153,18602,2025-10-13 17:27:11,1,255,check-in,2026-02-10 12:11:03
660106,18603,2025-10-13 17:27:24,1,255,check-in,2026-02-10 12:11:03
550207,18604,2025-10-13 17:27:33,1,255,check-in,2026-02-10 12:11:03
550220,18605,2025-10-13 17:27:39,1,255,check-in,2026-02-10 12:11:03
550204,18606,2025-10-13 17:28:09,1,255,check-in,2026-02-10 12:11:03
550194,18607,2025-10-13 17:28:13,1,255,check-in,2026-02-10 12:11:03
000446,18608,2025-10-13 17:28:16,1,255,check-in,2026-02-10 12:11:03
550151,18609,2025-10-13 17:28:19,1,255,check-in,2026-02-10 12:11:03
550210,18610,2025-10-13 17:28:25,1,255,check-in,2026-02-10 12:11:03
550179,18611,2025-10-13 17:28:33,15,255,check-in,2026-02-10 12:11:03
550203,18612,2025-10-13 17:28:39,1,255,check-in,2026-02-10 12:11:03
550179,18613,2025-10-13 17:28:43,1,255,check-in,2026-02-10 12:11:03
550193,18614,2025-10-13 17:29:16,1,255,check-in,2026-02-10 12:11:03
550202,18615,2025-10-13 17:29:54,1,255,check-in,2026-02-10 12:11:03
550226,18616,2025-10-13 17:30:06,1,255,check-in,2026-02-10 12:11:03
550160,18617,2025-10-13 17:31:10,1,255,check-in,2026-02-10 12:11:03
550201,18618,2025-10-13 17:31:27,1,255,check-in,2026-02-10 12:11:03
474,18619,2025-10-13 17:32:22,1,255,check-in,2026-02-10 12:11:03
474,18620,2025-10-13 17:32:24,15,255,check-in,2026-02-10 12:11:03
000487,18621,2025-10-13 17:33:29,1,255,check-in,2026-02-10 12:11:03
660038,18622,2025-10-13 19:09:13,1,255,check-in,2026-02-10 12:11:03
550209,18623,2025-10-13 19:30:25,1,255,check-in,2026-02-10 12:11:03
550209,18624,2025-10-14 06:11:37,1,255,check-in,2026-02-10 12:11:03
550241,18625,2025-10-14 06:43:19,1,255,check-in,2026-02-10 12:11:03
550185,18626,2025-10-14 07:03:04,15,255,check-in,2026-02-10 12:11:03
550185,18627,2025-10-14 07:03:06,1,255,check-in,2026-02-10 12:11:03
550232,18628,2025-10-14 07:05:56,1,255,check-in,2026-02-10 12:11:03
550179,18629,2025-10-14 07:06:26,15,255,check-in,2026-02-10 12:11:03
550179,18630,2025-10-14 07:06:28,1,255,check-in,2026-02-10 12:11:03
000446,18631,2025-10-14 07:09:34,1,255,check-in,2026-02-10 12:11:03
550201,18632,2025-10-14 07:10:46,1,255,check-in,2026-02-10 12:11:03
550193,18633,2025-10-14 07:11:40,1,255,check-in,2026-02-10 12:11:03
550153,18634,2025-10-14 07:11:46,1,255,check-in,2026-02-10 12:11:03
550199,18635,2025-10-14 07:12:54,1,255,check-in,2026-02-10 12:11:03
550044,18636,2025-10-14 07:15:52,1,255,check-in,2026-02-10 12:11:03
550203,18637,2025-10-14 07:16:24,15,255,check-in,2026-02-10 12:11:03
550210,18638,2025-10-14 07:18:02,1,255,check-in,2026-02-10 12:11:03
000444,18639,2025-10-14 07:21:15,1,255,check-in,2026-02-10 12:11:03
550207,18640,2025-10-14 07:24:25,1,255,check-in,2026-02-10 12:11:03
550151,18641,2025-10-14 07:24:32,1,255,check-in,2026-02-10 12:11:03
550205,18642,2025-10-14 07:26:02,1,255,check-in,2026-02-10 12:11:03
550049,18643,2025-10-14 07:28:46,1,255,check-in,2026-02-10 12:11:03
660106,18644,2025-10-14 07:29:36,1,255,check-in,2026-02-10 12:11:03
550202,18645,2025-10-14 07:30:44,1,255,check-in,2026-02-10 12:11:03
474,18646,2025-10-14 07:30:57,1,255,check-in,2026-02-10 12:11:03
550160,18647,2025-10-14 07:32:59,1,255,check-in,2026-02-10 12:11:03
660038,18648,2025-10-14 07:34:35,1,255,check-in,2026-02-10 12:11:03
550220,18649,2025-10-14 07:34:41,1,255,check-in,2026-02-10 12:11:03
000487,18650,2025-10-14 07:40:05,1,255,check-in,2026-02-10 12:11:03
550196,18651,2025-10-14 07:41:10,1,255,check-in,2026-02-10 12:11:03
550082,18652,2025-10-14 10:26:47,1,255,check-in,2026-02-10 12:11:03
550204,18653,2025-10-14 11:11:30,1,255,check-in,2026-02-10 12:11:03
550201,18654,2025-10-14 12:35:35,1,255,check-in,2026-02-10 12:11:03
000487,18655,2025-10-14 15:31:41,1,255,check-in,2026-02-10 12:11:03
660106,18656,2025-10-14 16:03:38,1,255,check-in,2026-02-10 12:11:03
550199,18657,2025-10-14 17:26:06,1,255,check-in,2026-02-10 12:11:03
550241,18658,2025-10-14 17:26:15,1,255,check-in,2026-02-10 12:11:03
550185,18659,2025-10-14 17:26:22,15,255,check-in,2026-02-10 12:11:03
550185,18660,2025-10-14 17:26:24,15,255,check-in,2026-02-10 12:11:03
550185,18661,2025-10-14 17:26:26,15,255,check-in,2026-02-10 12:11:03
550049,18662,2025-10-14 17:26:30,1,255,check-in,2026-02-10 12:11:03
550082,18663,2025-10-14 17:26:44,1,255,check-in,2026-02-10 12:11:03
550205,18664,2025-10-14 17:26:49,1,255,check-in,2026-02-10 12:11:03
550196,18665,2025-10-14 17:26:56,1,255,check-in,2026-02-10 12:11:03
550220,18666,2025-10-14 17:27:02,1,255,check-in,2026-02-10 12:11:03
000446,18667,2025-10-14 17:27:17,1,255,check-in,2026-02-10 12:11:03
550153,18668,2025-10-14 17:27:20,1,255,check-in,2026-02-10 12:11:03
550044,18669,2025-10-14 17:27:24,1,255,check-in,2026-02-10 12:11:03
660038,18670,2025-10-14 17:27:27,1,255,check-in,2026-02-10 12:11:03
550202,18671,2025-10-14 17:27:32,1,255,check-in,2026-02-10 12:11:03
550202,18672,2025-10-14 17:27:33,1,255,check-in,2026-02-10 12:11:03
550210,18673,2025-10-14 17:27:51,1,255,check-in,2026-02-10 12:11:03
550207,18674,2025-10-14 17:27:55,1,255,check-in,2026-02-10 12:11:03
550151,18675,2025-10-14 17:27:58,1,255,check-in,2026-02-10 12:11:03
000444,18676,2025-10-14 17:28:01,1,255,check-in,2026-02-10 12:11:03
550204,18677,2025-10-14 17:28:30,1,255,check-in,2026-02-10 12:11:03
550193,18678,2025-10-14 17:28:50,1,255,check-in,2026-02-10 12:11:03
550203,18679,2025-10-14 17:29:06,1,255,check-in,2026-02-10 12:11:03
550179,18680,2025-10-14 17:29:35,1,255,check-in,2026-02-10 12:11:03
550232,18681,2025-10-14 17:29:49,1,255,check-in,2026-02-10 12:11:03
474,18682,2025-10-14 17:30:07,15,255,check-in,2026-02-10 12:11:03
474,18683,2025-10-14 17:30:13,1,255,check-in,2026-02-10 12:11:03
550160,18684,2025-10-14 17:35:39,1,255,check-in,2026-02-10 12:11:03
550209,18685,2025-10-14 18:20:23,1,255,check-in,2026-02-10 12:11:03
550209,18686,2025-10-15 06:17:31,1,255,check-in,2026-02-10 12:11:03
550241,18687,2025-10-15 06:51:15,1,255,check-in,2026-02-10 12:11:03
550204,18688,2025-10-15 06:58:07,15,255,check-in,2026-02-10 12:11:03
550241,18689,2025-10-15 07:00:17,1,255,check-in,2026-02-10 12:11:03
550185,18690,2025-10-15 07:03:16,15,255,check-in,2026-02-10 12:11:03
550232,18691,2025-10-15 07:03:22,1,255,check-in,2026-02-10 12:11:03
550232,18692,2025-10-15 07:03:23,15,255,check-in,2026-02-10 12:11:03
550153,18693,2025-10-15 07:05:08,1,255,check-in,2026-02-10 12:11:03
000446,18694,2025-10-15 07:08:00,1,255,check-in,2026-02-10 12:11:03
550226,18695,2025-10-15 07:15:55,1,255,check-in,2026-02-10 12:11:03
550193,18696,2025-10-15 07:17:38,1,255,check-in,2026-02-10 12:11:03
550049,18697,2025-10-15 07:24:55,1,255,check-in,2026-02-10 12:11:03
474,18698,2025-10-15 07:25:00,1,255,check-in,2026-02-10 12:11:03
550210,18699,2025-10-15 07:25:07,1,255,check-in,2026-02-10 12:11:03
000444,18700,2025-10-15 07:25:20,1,255,check-in,2026-02-10 12:11:03
550199,18701,2025-10-15 07:28:18,1,255,check-in,2026-02-10 12:11:03
550194,18702,2025-10-15 07:29:07,1,255,check-in,2026-02-10 12:11:03
660106,18703,2025-10-15 07:31:42,1,255,check-in,2026-02-10 12:11:03
550182,18704,2025-10-15 07:32:04,1,255,check-in,2026-02-10 12:11:03
000487,18705,2025-10-15 07:33:43,1,255,check-in,2026-02-10 12:11:03
550160,18706,2025-10-15 07:35:30,1,255,check-in,2026-02-10 12:11:03
660038,18707,2025-10-15 07:37:27,1,255,check-in,2026-02-10 12:11:03
550203,18708,2025-10-15 07:39:56,1,255,check-in,2026-02-10 12:11:03
550082,18709,2025-10-15 07:47:15,1,255,check-in,2026-02-10 12:11:03
550207,18710,2025-10-15 07:49:51,1,255,check-in,2026-02-10 12:11:03
550196,18711,2025-10-15 07:51:06,1,255,check-in,2026-02-10 12:11:03
550044,18712,2025-10-15 09:44:42,1,255,check-in,2026-02-10 12:11:03
550207,18713,2025-10-15 12:18:26,1,255,check-in,2026-02-10 12:11:03
474,18714,2025-10-15 12:32:42,1,255,check-in,2026-02-10 12:11:03
550241,18715,2025-10-15 17:26:21,1,255,check-in,2026-02-10 12:11:03
550185,18716,2025-10-15 17:26:31,15,255,check-in,2026-02-10 12:11:03
550185,18717,2025-10-15 17:26:33,15,255,check-in,2026-02-10 12:11:03
550049,18718,2025-10-15 17:26:50,1,255,check-in,2026-02-10 12:11:03
550082,18719,2025-10-15 17:26:54,1,255,check-in,2026-02-10 12:11:03
000444,18720,2025-10-15 17:27:13,1,255,check-in,2026-02-10 12:11:03
660038,18721,2025-10-15 17:27:53,1,255,check-in,2026-02-10 12:11:03
550199,18722,2025-10-15 17:27:58,1,255,check-in,2026-02-10 12:11:03
660106,18723,2025-10-15 17:28:48,1,255,check-in,2026-02-10 12:11:03
550194,18724,2025-10-15 17:29:27,1,255,check-in,2026-02-10 12:11:03
550182,18725,2025-10-15 17:29:35,1,255,check-in,2026-02-10 12:11:03
550203,18726,2025-10-15 17:30:04,1,255,check-in,2026-02-10 12:11:03
000446,18727,2025-10-15 17:30:12,1,255,check-in,2026-02-10 12:11:03
550196,18728,2025-10-15 17:30:30,15,255,check-in,2026-02-10 12:11:03
550196,18729,2025-10-15 17:30:33,15,255,check-in,2026-02-10 12:11:03
550196,18730,2025-10-15 17:30:34,1,255,check-in,2026-02-10 12:11:03
550196,18731,2025-10-15 17:30:36,15,255,check-in,2026-02-10 12:11:03
550153,18732,2025-10-15 17:30:43,1,255,check-in,2026-02-10 12:11:03
550204,18733,2025-10-15 17:31:19,1,255,check-in,2026-02-10 12:11:03
550193,18734,2025-10-15 17:31:25,1,255,check-in,2026-02-10 12:11:03
550232,18735,2025-10-15 17:31:31,1,255,check-in,2026-02-10 12:11:03
550232,18736,2025-10-15 17:31:32,15,255,check-in,2026-02-10 12:11:03
550226,18737,2025-10-15 17:31:35,1,255,check-in,2026-02-10 12:11:03
550210,18738,2025-10-15 17:33:26,1,255,check-in,2026-02-10 12:11:03
000487,18739,2025-10-15 17:42:13,1,255,check-in,2026-02-10 12:11:03
550160,18740,2025-10-15 17:48:41,1,255,check-in,2026-02-10 12:11:03
550044,18741,2025-10-15 18:03:04,1,255,check-in,2026-02-10 12:11:03
550209,18742,2025-10-15 18:20:09,1,255,check-in,2026-02-10 12:11:03
550204,18743,2025-10-16 06:48:52,15,255,check-in,2026-02-10 12:11:03
550241,18744,2025-10-16 06:50:50,1,255,check-in,2026-02-10 12:11:03
550209,18745,2025-10-16 07:01:32,1,255,check-in,2026-02-10 12:11:03
550185,18746,2025-10-16 07:02:55,1,255,check-in,2026-02-10 12:11:03
550153,18747,2025-10-16 07:05:12,1,255,check-in,2026-02-10 12:11:03
550201,18748,2025-10-16 07:07:26,1,255,check-in,2026-02-10 12:11:03
550199,18749,2025-10-16 07:08:22,1,255,check-in,2026-02-10 12:11:03
550226,18750,2025-10-16 07:11:33,1,255,check-in,2026-02-10 12:11:03
550179,18751,2025-10-16 07:12:22,1,255,check-in,2026-02-10 12:11:03
000444,18752,2025-10-16 07:14:25,1,255,check-in,2026-02-10 12:11:03
000446,18753,2025-10-16 07:14:31,1,255,check-in,2026-02-10 12:11:03
474,18754,2025-10-16 07:16:17,1,255,check-in,2026-02-10 12:11:03
550203,18755,2025-10-16 07:21:25,1,255,check-in,2026-02-10 12:11:03
550193,18756,2025-10-16 07:23:17,1,255,check-in,2026-02-10 12:11:03
550193,18757,2025-10-16 07:23:19,1,255,check-in,2026-02-10 12:11:03
550205,18758,2025-10-16 07:25:06,1,255,check-in,2026-02-10 12:11:03
550210,18759,2025-10-16 07:25:15,1,255,check-in,2026-02-10 12:11:03
550082,18760,2025-10-16 07:25:35,1,255,check-in,2026-02-10 12:11:03
550194,18761,2025-10-16 07:28:09,1,255,check-in,2026-02-10 12:11:03
550049,18762,2025-10-16 07:28:26,1,255,check-in,2026-02-10 12:11:03
550044,18763,2025-10-16 07:28:38,1,255,check-in,2026-02-10 12:11:03
550220,18764,2025-10-16 07:28:47,1,255,check-in,2026-02-10 12:11:03
550182,18765,2025-10-16 07:28:57,1,255,check-in,2026-02-10 12:11:03
550207,18766,2025-10-16 07:31:06,1,255,check-in,2026-02-10 12:11:03
660106,18767,2025-10-16 07:32:58,1,255,check-in,2026-02-10 12:11:03
550202,18768,2025-10-16 07:33:22,1,255,check-in,2026-02-10 12:11:03
000487,18769,2025-10-16 07:33:50,1,255,check-in,2026-02-10 12:11:03
550070,18770,2025-10-16 07:33:55,1,255,check-in,2026-02-10 12:11:03
660038,18771,2025-10-16 07:47:04,1,255,check-in,2026-02-10 12:11:03
550160,18772,2025-10-16 11:31:05,1,255,check-in,2026-02-10 12:11:03
474,18773,2025-10-16 12:32:24,1,255,check-in,2026-02-10 12:11:03
550082,18774,2025-10-16 17:27:41,1,255,check-in,2026-02-10 12:11:03
550207,18775,2025-10-16 17:28:07,1,255,check-in,2026-02-10 12:11:03
550205,18776,2025-10-16 17:28:15,1,255,check-in,2026-02-10 12:11:03
550049,18777,2025-10-16 17:28:18,1,255,check-in,2026-02-10 12:11:03
000444,18778,2025-10-16 17:28:21,1,255,check-in,2026-02-10 12:11:03
550153,18779,2025-10-16 17:28:35,1,255,check-in,2026-02-10 12:11:03
000446,18780,2025-10-16 17:28:38,1,255,check-in,2026-02-10 12:11:03
550194,18781,2025-10-16 17:28:41,1,255,check-in,2026-02-10 12:11:03
550044,18782,2025-10-16 17:28:44,1,255,check-in,2026-02-10 12:11:03
550226,18783,2025-10-16 17:28:47,1,255,check-in,2026-02-10 12:11:03
550210,18784,2025-10-16 17:28:55,1,255,check-in,2026-02-10 12:11:03
550220,18785,2025-10-16 17:29:30,1,255,check-in,2026-02-10 12:11:03
660038,18786,2025-10-16 17:30:03,1,255,check-in,2026-02-10 12:11:03
550193,18787,2025-10-16 17:30:19,1,255,check-in,2026-02-10 12:11:03
550202,18788,2025-10-16 17:31:40,1,255,check-in,2026-02-10 12:11:03
550182,18789,2025-10-16 17:31:49,1,255,check-in,2026-02-10 12:11:03
660106,18790,2025-10-16 17:31:57,1,255,check-in,2026-02-10 12:11:03
550179,18791,2025-10-16 17:33:08,15,255,check-in,2026-02-10 12:11:03
550179,18792,2025-10-16 17:33:11,15,255,check-in,2026-02-10 12:11:03
550070,18793,2025-10-16 17:33:37,1,255,check-in,2026-02-10 12:11:03
550241,18794,2025-10-16 17:34:05,1,255,check-in,2026-02-10 12:11:03
550199,18795,2025-10-16 17:34:09,1,255,check-in,2026-02-10 12:11:03
550241,18796,2025-10-16 17:34:14,1,255,check-in,2026-02-10 12:11:03
550203,18797,2025-10-16 17:35:36,1,255,check-in,2026-02-10 12:11:03
550203,18798,2025-10-16 17:35:38,15,255,check-in,2026-02-10 12:11:03
550185,18799,2025-10-16 17:36:36,1,255,check-in,2026-02-10 12:11:03
550204,18800,2025-10-16 17:38:11,1,255,check-in,2026-02-10 12:11:03
550201,18801,2025-10-16 17:39:52,1,255,check-in,2026-02-10 12:11:03
550201,18802,2025-10-16 17:39:53,15,255,check-in,2026-02-10 12:11:03
000487,18803,2025-10-16 17:39:59,1,255,check-in,2026-02-10 12:11:03
550160,18804,2025-10-16 17:45:26,1,255,check-in,2026-02-10 12:11:03
550209,18805,2025-10-16 18:06:05,1,255,check-in,2026-02-10 12:11:03
550241,18806,2025-10-17 06:56:24,1,255,check-in,2026-02-10 12:11:03
550204,18807,2025-10-17 06:56:31,1,255,check-in,2026-02-10 12:11:03
550185,18808,2025-10-17 06:57:55,1,255,check-in,2026-02-10 12:11:03
550241,18809,2025-10-17 07:03:32,1,255,check-in,2026-02-10 12:11:03
550226,18810,2025-10-17 07:04:27,15,255,check-in,2026-02-10 12:11:03
550226,18811,2025-10-17 07:04:30,15,255,check-in,2026-02-10 12:11:03
550226,18812,2025-10-17 07:04:31,1,255,check-in,2026-02-10 12:11:03
550199,18813,2025-10-17 07:04:52,1,255,check-in,2026-02-10 12:11:03
550153,18814,2025-10-17 07:09:06,1,255,check-in,2026-02-10 12:11:03
000446,18815,2025-10-17 07:12:09,1,255,check-in,2026-02-10 12:11:03
660129,18816,2025-10-17 08:34:27,1,255,check-in,2026-02-10 12:11:03
660129,18817,2025-10-17 08:37:17,1,255,check-in,2026-02-10 12:11:03
474,18818,2025-10-17 08:59:08,1,255,check-in,2026-02-10 12:11:03
550082,18819,2025-10-17 17:26:52,1,255,check-in,2026-02-10 12:11:03
550044,18820,2025-10-17 17:27:12,1,255,check-in,2026-02-10 12:11:03
000446,18821,2025-10-17 17:27:17,1,255,check-in,2026-02-10 12:11:03
550205,18822,2025-10-17 17:27:27,15,255,check-in,2026-02-10 12:11:03
550205,18823,2025-10-17 17:27:29,1,255,check-in,2026-02-10 12:11:03
660038,18824,2025-10-17 17:27:33,1,255,check-in,2026-02-10 12:11:03
000444,18825,2025-10-17 17:27:38,1,255,check-in,2026-02-10 12:11:03
550207,18826,2025-10-17 17:27:41,1,255,check-in,2026-02-10 12:11:03
550220,18827,2025-10-17 17:27:45,1,255,check-in,2026-02-10 12:11:03
660106,18828,2025-10-17 17:27:50,1,255,check-in,2026-02-10 12:11:03
550194,18829,2025-10-17 17:27:54,1,255,check-in,2026-02-10 12:11:03
474,18830,2025-10-17 17:27:59,15,255,check-in,2026-02-10 12:11:03
474,18831,2025-10-17 17:28:02,1,255,check-in,2026-02-10 12:11:03
550182,18832,2025-10-17 17:28:06,15,255,check-in,2026-02-10 12:11:03
550182,18833,2025-10-17 17:28:08,1,255,check-in,2026-02-10 12:11:03
550151,18834,2025-10-17 17:28:15,1,255,check-in,2026-02-10 12:11:03
550226,18835,2025-10-17 17:28:22,1,255,check-in,2026-02-10 12:11:03
550151,18836,2025-10-17 17:28:29,1,255,check-in,2026-02-10 12:11:03
550210,18837,2025-10-17 17:28:37,1,255,check-in,2026-02-10 12:11:03
550203,18838,2025-10-17 17:28:49,15,255,check-in,2026-02-10 12:11:03
550203,18839,2025-10-17 17:28:51,1,255,check-in,2026-02-10 12:11:03
550204,18840,2025-10-17 17:29:04,1,255,check-in,2026-02-10 12:11:03
550202,18841,2025-10-17 17:31:51,15,255,check-in,2026-02-10 12:11:03
550202,18842,2025-10-17 17:31:52,1,255,check-in,2026-02-10 12:11:03
550202,18843,2025-10-17 17:31:54,15,255,check-in,2026-02-10 12:11:03
550179,18844,2025-10-17 17:32:48,1,255,check-in,2026-02-10 12:11:03
550199,18845,2025-10-17 17:42:34,1,255,check-in,2026-02-10 12:11:03
000487,18846,2025-10-17 17:42:57,1,255,check-in,2026-02-10 12:11:03
000487,18847,2025-10-17 17:43:06,1,255,check-in,2026-02-10 12:11:03
550153,18848,2025-10-17 17:49:48,1,255,check-in,2026-02-10 12:11:03
550160,18849,2025-10-17 18:04:46,1,255,check-in,2026-02-10 12:11:03
550241,18850,2025-10-17 19:09:49,1,255,check-in,2026-02-10 12:11:03
550070,18851,2025-10-17 19:09:53,1,255,check-in,2026-02-10 12:11:03
550185,18852,2025-10-17 19:12:30,1,255,check-in,2026-02-10 12:11:03
550241,18853,2025-10-18 07:02:51,1,255,check-in,2026-02-10 12:11:03
550082,18854,2025-10-18 07:16:39,1,255,check-in,2026-02-10 12:11:03
550179,18855,2025-10-18 07:18:38,1,255,check-in,2026-02-10 12:11:03
474,18856,2025-10-18 07:19:04,1,255,check-in,2026-02-10 12:11:03
550044,18857,2025-10-18 07:20:58,1,255,check-in,2026-02-10 12:11:03
550226,18858,2025-10-18 07:24:27,1,255,check-in,2026-02-10 12:11:03
550044,18859,2025-10-18 07:24:57,1,255,check-in,2026-02-10 12:11:03
550193,18860,2025-10-18 07:28:47,1,255,check-in,2026-02-10 12:11:03
550193,18861,2025-10-18 07:28:55,1,255,check-in,2026-02-10 12:11:03
550220,18862,2025-10-18 07:32:11,1,255,check-in,2026-02-10 12:11:03
550194,18863,2025-10-18 07:36:17,1,255,check-in,2026-02-10 12:11:03
660038,18864,2025-10-18 07:42:44,1,255,check-in,2026-02-10 12:11:03
000444,18865,2025-10-18 07:46:40,1,255,check-in,2026-02-10 12:11:03
550182,18866,2025-10-18 07:49:36,1,255,check-in,2026-02-10 12:11:03
550203,18867,2025-10-18 07:59:56,1,255,check-in,2026-02-10 12:11:03
550209,18868,2025-10-18 08:00:21,1,255,check-in,2026-02-10 12:11:03
550207,18869,2025-10-18 08:00:25,1,255,check-in,2026-02-10 12:11:03
550204,18870,2025-10-18 08:03:29,1,255,check-in,2026-02-10 12:11:03
550204,18871,2025-10-18 08:03:41,1,255,check-in,2026-02-10 12:11:03
660038,18872,2025-10-18 15:24:56,1,255,check-in,2026-02-10 12:11:03
550082,18873,2025-10-18 16:56:35,1,255,check-in,2026-02-10 12:11:03
550207,18874,2025-10-18 16:56:48,1,255,check-in,2026-02-10 12:11:03
550044,18875,2025-10-18 16:56:55,1,255,check-in,2026-02-10 12:11:03
550182,18876,2025-10-18 16:57:00,1,255,check-in,2026-02-10 12:11:03
550226,18877,2025-10-18 16:57:22,1,255,check-in,2026-02-10 12:11:03
550204,18878,2025-10-18 16:57:43,1,255,check-in,2026-02-10 12:11:03
550194,18879,2025-10-18 16:57:46,1,255,check-in,2026-02-10 12:11:03
474,18880,2025-10-18 16:58:07,1,255,check-in,2026-02-10 12:11:03
550179,18881,2025-10-18 16:59:43,1,255,check-in,2026-02-10 12:11:03
550201,18882,2025-10-18 17:01:00,15,255,check-in,2026-02-10 12:11:03
000444,18883,2025-10-18 17:04:31,1,255,check-in,2026-02-10 12:11:03
550203,18884,2025-10-18 17:05:04,1,255,check-in,2026-02-10 12:11:03
550193,18885,2025-10-18 17:05:48,1,255,check-in,2026-02-10 12:11:03
550220,18886,2025-10-18 17:21:38,1,255,check-in,2026-02-10 12:11:03
550241,18887,2025-10-18 17:31:54,1,255,check-in,2026-02-10 12:11:03
550185,18888,2025-10-18 17:37:59,1,255,check-in,2026-02-10 12:11:03
550185,18889,2025-10-18 17:38:01,15,255,check-in,2026-02-10 12:11:03
550209,18890,2025-10-18 17:52:43,1,255,check-in,2026-02-10 12:11:03
550241,18891,2025-10-20 06:57:22,1,255,check-in,2026-02-10 12:11:03
550179,18892,2025-10-20 06:58:52,1,255,check-in,2026-02-10 12:11:03
550179,18893,2025-10-20 06:58:54,15,255,check-in,2026-02-10 12:11:03
550153,18894,2025-10-20 07:03:04,1,255,check-in,2026-02-10 12:11:03
550241,18895,2025-10-20 07:05:36,1,255,check-in,2026-02-10 12:11:03
550220,18896,2025-10-20 07:11:00,1,255,check-in,2026-02-10 12:11:03
550204,18897,2025-10-20 07:13:07,1,255,check-in,2026-02-10 12:11:03
550182,18898,2025-10-20 07:15:00,1,255,check-in,2026-02-10 12:11:03
550199,18899,2025-10-20 07:16:10,1,255,check-in,2026-02-10 12:11:03
550205,18900,2025-10-20 07:17:04,1,255,check-in,2026-02-10 12:11:03
000444,18901,2025-10-20 07:17:08,1,255,check-in,2026-02-10 12:11:03
550193,18902,2025-10-20 07:17:32,1,255,check-in,2026-02-10 12:11:03
550207,18903,2025-10-20 07:21:13,1,255,check-in,2026-02-10 12:11:03
550201,18904,2025-10-20 07:21:27,1,255,check-in,2026-02-10 12:11:03
660106,18905,2025-10-20 07:22:24,1,255,check-in,2026-02-10 12:11:03
550049,18906,2025-10-20 07:23:09,1,255,check-in,2026-02-10 12:11:03
550210,18907,2025-10-20 07:24:06,1,255,check-in,2026-02-10 12:11:03
474,18908,2025-10-20 07:25:43,1,255,check-in,2026-02-10 12:11:03
000446,18909,2025-10-20 07:26:56,1,255,check-in,2026-02-10 12:11:03
000487,18910,2025-10-20 07:33:19,1,255,check-in,2026-02-10 12:11:03
660038,18911,2025-10-20 07:34:12,1,255,check-in,2026-02-10 12:11:03
550202,18912,2025-10-20 07:34:51,15,255,check-in,2026-02-10 12:11:03
550202,18913,2025-10-20 07:34:53,1,255,check-in,2026-02-10 12:11:03
550203,18914,2025-10-20 08:00:36,15,255,check-in,2026-02-10 12:11:03
550203,18915,2025-10-20 08:00:38,1,255,check-in,2026-02-10 12:11:03
550082,18916,2025-10-20 08:05:26,1,255,check-in,2026-02-10 12:11:03
550209,18917,2025-10-20 08:11:14,1,255,check-in,2026-02-10 12:11:03
550196,18918,2025-10-20 08:13:31,1,255,check-in,2026-02-10 12:11:03
550194,18919,2025-10-20 08:29:51,1,255,check-in,2026-02-10 12:11:03
550226,18920,2025-10-20 09:20:00,1,255,check-in,2026-02-10 12:11:03
550044,18921,2025-10-20 09:20:03,1,255,check-in,2026-02-10 12:11:03
550160,18922,2025-10-20 09:36:31,1,255,check-in,2026-02-10 12:11:03
660106,18923,2025-10-20 15:33:34,1,255,check-in,2026-02-10 12:11:03
550082,18924,2025-10-20 17:26:50,1,255,check-in,2026-02-10 12:11:03
000444,18925,2025-10-20 17:26:57,1,255,check-in,2026-02-10 12:11:03
660038,18926,2025-10-20 17:27:00,1,255,check-in,2026-02-10 12:11:03
550044,18927,2025-10-20 17:27:07,1,255,check-in,2026-02-10 12:11:03
550207,18928,2025-10-20 17:27:12,1,255,check-in,2026-02-10 12:11:03
550205,18929,2025-10-20 17:27:17,1,255,check-in,2026-02-10 12:11:03
550182,18930,2025-10-20 17:27:21,1,255,check-in,2026-02-10 12:11:03
000446,18931,2025-10-20 17:27:26,1,255,check-in,2026-02-10 12:11:03
550196,18932,2025-10-20 17:27:31,1,255,check-in,2026-02-10 12:11:03
550203,18933,2025-10-20 17:27:35,1,255,check-in,2026-02-10 12:11:03
550194,18934,2025-10-20 17:27:38,1,255,check-in,2026-02-10 12:11:03
550193,18935,2025-10-20 17:27:41,1,255,check-in,2026-02-10 12:11:03
550241,18936,2025-10-20 17:27:56,1,255,check-in,2026-02-10 12:11:03
550179,18937,2025-10-20 17:27:59,1,255,check-in,2026-02-10 12:11:03
474,18938,2025-10-20 17:28:12,1,255,check-in,2026-02-10 12:11:03
550220,18939,2025-10-20 17:28:33,1,255,check-in,2026-02-10 12:11:03
550202,18940,2025-10-20 17:28:52,15,255,check-in,2026-02-10 12:11:03
550202,18941,2025-10-20 17:28:54,1,255,check-in,2026-02-10 12:11:03
550153,18942,2025-10-20 17:29:00,1,255,check-in,2026-02-10 12:11:03
550226,18943,2025-10-20 17:29:05,1,255,check-in,2026-02-10 12:11:03
550049,18944,2025-10-20 17:29:50,1,255,check-in,2026-02-10 12:11:03
550210,18945,2025-10-20 17:30:30,1,255,check-in,2026-02-10 12:11:03
550204,18946,2025-10-20 17:30:35,1,255,check-in,2026-02-10 12:11:03
550199,18947,2025-10-20 17:30:38,1,255,check-in,2026-02-10 12:11:03
550201,18948,2025-10-20 17:31:09,15,255,check-in,2026-02-10 12:11:03
550160,18949,2025-10-20 17:35:11,1,255,check-in,2026-02-10 12:11:03
000487,18950,2025-10-20 17:36:41,1,255,check-in,2026-02-10 12:11:03
550209,18951,2025-10-20 18:14:32,1,255,check-in,2026-02-10 12:11:03
550204,18952,2025-10-21 06:49:59,15,255,check-in,2026-02-10 12:11:03
550241,18953,2025-10-21 06:58:55,1,255,check-in,2026-02-10 12:11:03
550153,18954,2025-10-21 07:09:34,1,255,check-in,2026-02-10 12:11:03
550185,18955,2025-10-21 07:10:09,15,255,check-in,2026-02-10 12:11:03
550209,18956,2025-10-21 07:12:32,1,255,check-in,2026-02-10 12:11:03
550209,18957,2025-10-21 07:12:38,15,255,check-in,2026-02-10 12:11:03
550209,18958,2025-10-21 07:12:40,1,255,check-in,2026-02-10 12:11:03
550179,18959,2025-10-21 07:20:58,1,255,check-in,2026-02-10 12:11:03
000444,18960,2025-10-21 07:21:36,1,255,check-in,2026-02-10 12:11:03
550226,18961,2025-10-21 07:22:45,1,255,check-in,2026-02-10 12:11:03
550220,18962,2025-10-21 07:23:58,1,255,check-in,2026-02-10 12:11:03
550220,18963,2025-10-21 07:24:00,15,255,check-in,2026-02-10 12:11:03
550044,18964,2025-10-21 07:24:35,1,255,check-in,2026-02-10 12:11:03
550182,18965,2025-10-21 07:24:53,15,255,check-in,2026-02-10 12:11:03
550194,18966,2025-10-21 07:25:03,1,255,check-in,2026-02-10 12:11:03
000446,18967,2025-10-21 07:29:32,1,255,check-in,2026-02-10 12:11:03
550160,18968,2025-10-21 07:30:49,1,255,check-in,2026-02-10 12:11:03
550199,18969,2025-10-21 07:33:04,1,255,check-in,2026-02-10 12:11:03
550049,18970,2025-10-21 07:34:11,1,255,check-in,2026-02-10 12:11:03
550042,18971,2025-10-21 07:35:13,1,255,check-in,2026-02-10 12:11:03
660106,18972,2025-10-21 07:35:30,1,255,check-in,2026-02-10 12:11:03
550210,18973,2025-10-21 07:36:41,1,255,check-in,2026-02-10 12:11:03
550203,18974,2025-10-21 07:40:26,1,255,check-in,2026-02-10 12:11:03
550201,18975,2025-10-21 07:40:32,1,255,check-in,2026-02-10 12:11:03
474,18976,2025-10-21 07:43:01,15,255,check-in,2026-02-10 12:11:03
550082,18977,2025-10-21 07:50:04,1,255,check-in,2026-02-10 12:11:03
550196,18978,2025-10-21 08:03:36,1,255,check-in,2026-02-10 12:11:03
550207,18979,2025-10-21 08:03:55,1,255,check-in,2026-02-10 12:11:03
550193,18980,2025-10-21 08:12:53,1,255,check-in,2026-02-10 12:11:03
550202,18981,2025-10-21 08:48:32,1,255,check-in,2026-02-10 12:11:03
000487,18982,2025-10-21 11:53:45,1,255,check-in,2026-02-10 12:11:03
550201,18983,2025-10-21 15:30:19,1,255,check-in,2026-02-10 12:11:03
550201,18984,2025-10-21 15:30:21,15,255,check-in,2026-02-10 12:11:03
550082,18985,2025-10-21 17:26:42,1,255,check-in,2026-02-10 12:11:03
550049,18986,2025-10-21 17:27:53,1,255,check-in,2026-02-10 12:11:03
550207,18987,2025-10-21 17:27:57,1,255,check-in,2026-02-10 12:11:03
550044,18988,2025-10-21 17:28:01,1,255,check-in,2026-02-10 12:11:03
550042,18989,2025-10-21 17:28:04,1,255,check-in,2026-02-10 12:11:03
550199,18990,2025-10-21 17:28:09,1,255,check-in,2026-02-10 12:11:03
550194,18991,2025-10-21 17:28:15,1,255,check-in,2026-02-10 12:11:03
550193,18992,2025-10-21 17:28:27,1,255,check-in,2026-02-10 12:11:03
550226,18993,2025-10-21 17:28:33,1,255,check-in,2026-02-10 12:11:03
000444,18994,2025-10-21 17:28:40,1,255,check-in,2026-02-10 12:11:03
000446,18995,2025-10-21 17:28:53,1,255,check-in,2026-02-10 12:11:03
550220,18996,2025-10-21 17:29:07,1,255,check-in,2026-02-10 12:11:03
550203,18997,2025-10-21 17:29:17,1,255,check-in,2026-02-10 12:11:03
550210,18998,2025-10-21 17:30:05,1,255,check-in,2026-02-10 12:11:03
474,18999,2025-10-21 17:30:23,1,255,check-in,2026-02-10 12:11:03
550182,19000,2025-10-21 17:30:53,1,255,check-in,2026-02-10 12:11:03
550202,19001,2025-10-21 17:31:00,1,255,check-in,2026-02-10 12:11:03
550204,19002,2025-10-21 17:32:07,1,255,check-in,2026-02-10 12:11:03
550179,19003,2025-10-21 17:32:30,1,255,check-in,2026-02-10 12:11:03
660106,19004,2025-10-21 17:35:03,1,255,check-in,2026-02-10 12:11:03
550185,19005,2025-10-21 17:36:07,15,255,check-in,2026-02-10 12:11:03
550185,19006,2025-10-21 17:36:09,1,255,check-in,2026-02-10 12:11:03
550241,19007,2025-10-21 17:36:13,1,255,check-in,2026-02-10 12:11:03
550160,19008,2025-10-21 17:42:15,1,255,check-in,2026-02-10 12:11:03
000487,19009,2025-10-21 17:46:26,1,255,check-in,2026-02-10 12:11:03
550209,19010,2025-10-21 18:24:14,1,255,check-in,2026-02-10 12:11:03
550153,19011,2025-10-21 19:30:06,1,255,check-in,2026-02-10 12:11:03
550196,19012,2025-10-21 19:34:12,1,255,check-in,2026-02-10 12:11:03
550241,19013,2025-10-22 06:49:33,1,255,check-in,2026-02-10 12:11:03
550204,19014,2025-10-22 06:58:08,1,255,check-in,2026-02-10 12:11:03
550153,19015,2025-10-22 07:05:18,1,255,check-in,2026-02-10 12:11:03
550199,19016,2025-10-22 07:06:41,1,255,check-in,2026-02-10 12:11:03
550209,19017,2025-10-22 07:09:17,1,255,check-in,2026-02-10 12:11:03
550179,19018,2025-10-22 07:10:54,15,255,check-in,2026-02-10 12:11:03
550185,19019,2025-10-22 07:11:26,15,255,check-in,2026-02-10 12:11:03
550185,19020,2025-10-22 07:11:28,15,255,check-in,2026-02-10 12:11:03
550185,19021,2025-10-22 07:11:37,15,255,check-in,2026-02-10 12:11:03
550193,19022,2025-10-22 07:12:56,1,255,check-in,2026-02-10 12:11:03
550044,19023,2025-10-22 07:14:29,1,255,check-in,2026-02-10 12:11:03
550038,19024,2025-10-22 07:14:50,1,255,check-in,2026-02-10 12:11:03
550226,19025,2025-10-22 07:19:31,1,255,check-in,2026-02-10 12:11:03
550220,19026,2025-10-22 07:23:12,1,255,check-in,2026-02-10 12:11:03
000444,19027,2025-10-22 07:24:21,1,255,check-in,2026-02-10 12:11:03
550194,19028,2025-10-22 07:26:13,1,255,check-in,2026-02-10 12:11:03
550049,19029,2025-10-22 07:26:47,1,255,check-in,2026-02-10 12:11:03
550082,19030,2025-10-22 07:27:36,1,255,check-in,2026-02-10 12:11:03
000446,19031,2025-10-22 07:27:44,1,255,check-in,2026-02-10 12:11:03
550196,19032,2025-10-22 07:29:19,1,255,check-in,2026-02-10 12:11:03
550202,19033,2025-10-22 07:30:18,15,255,check-in,2026-02-10 12:11:03
550202,19034,2025-10-22 07:30:21,15,255,check-in,2026-02-10 12:11:03
474,19035,2025-10-22 07:33:51,15,255,check-in,2026-02-10 12:11:03
550182,19036,2025-10-22 07:34:48,1,255,check-in,2026-02-10 12:11:03
550203,19037,2025-10-22 07:35:02,1,255,check-in,2026-02-10 12:11:03
550042,19038,2025-10-22 07:36:11,1,255,check-in,2026-02-10 12:11:03
660106,19039,2025-10-22 07:36:35,1,255,check-in,2026-02-10 12:11:03
000487,19040,2025-10-22 07:39:08,1,255,check-in,2026-02-10 12:11:03
550207,19041,2025-10-22 07:45:13,1,255,check-in,2026-02-10 12:11:03
660038,19042,2025-10-22 07:56:44,1,255,check-in,2026-02-10 12:11:03
550160,19043,2025-10-22 08:10:50,1,255,check-in,2026-02-10 12:11:03
550199,19044,2025-10-22 17:26:52,1,255,check-in,2026-02-10 12:11:03
550082,19045,2025-10-22 17:27:02,1,255,check-in,2026-02-10 12:11:03
550220,19046,2025-10-22 17:27:12,1,255,check-in,2026-02-10 12:11:03
550194,19047,2025-10-22 17:27:31,1,255,check-in,2026-02-10 12:11:03
550205,19048,2025-10-22 17:27:38,1,255,check-in,2026-02-10 12:11:03
000446,19049,2025-10-22 17:27:42,1,255,check-in,2026-02-10 12:11:03
550207,19050,2025-10-22 17:27:46,1,255,check-in,2026-02-10 12:11:03
550042,19051,2025-10-22 17:27:51,1,255,check-in,2026-02-10 12:11:03
550193,19052,2025-10-22 17:27:57,1,255,check-in,2026-02-10 12:11:03
660038,19053,2025-10-22 17:27:59,1,255,check-in,2026-02-10 12:11:03
000444,19054,2025-10-22 17:28:02,1,255,check-in,2026-02-10 12:11:03
660106,19055,2025-10-22 17:28:08,1,255,check-in,2026-02-10 12:11:03
550182,19056,2025-10-22 17:28:15,1,255,check-in,2026-02-10 12:11:03
550049,19057,2025-10-22 17:28:25,1,255,check-in,2026-02-10 12:11:03
550226,19058,2025-10-22 17:28:28,1,255,check-in,2026-02-10 12:11:03
474,19059,2025-10-22 17:28:32,15,255,check-in,2026-02-10 12:11:03
474,19060,2025-10-22 17:28:42,15,255,check-in,2026-02-10 12:11:03
550038,19061,2025-10-22 17:28:55,1,255,check-in,2026-02-10 12:11:03
550203,19062,2025-10-22 17:28:58,1,255,check-in,2026-02-10 12:11:03
550202,19063,2025-10-22 17:29:18,1,255,check-in,2026-02-10 12:11:03
550044,19064,2025-10-22 17:32:36,1,255,check-in,2026-02-10 12:11:03
550241,19065,2025-10-22 17:33:25,1,255,check-in,2026-02-10 12:11:03
550179,19066,2025-10-22 17:33:38,1,255,check-in,2026-02-10 12:11:03
550185,19067,2025-10-22 17:34:55,15,255,check-in,2026-02-10 12:11:03
550185,19068,2025-10-22 17:34:57,15,255,check-in,2026-02-10 12:11:03
550204,19069,2025-10-22 17:36:09,1,255,check-in,2026-02-10 12:11:03
000487,19070,2025-10-22 17:38:12,1,255,check-in,2026-02-10 12:11:03
550160,19071,2025-10-22 17:43:08,1,255,check-in,2026-02-10 12:11:03
550209,19072,2025-10-22 18:17:26,1,255,check-in,2026-02-10 12:11:03
550153,19073,2025-10-22 19:31:05,1,255,check-in,2026-02-10 12:11:03
550196,19074,2025-10-22 19:37:00,1,255,check-in,2026-02-10 12:11:03
550241,19075,2025-10-23 06:51:19,1,255,check-in,2026-02-10 12:11:03
550044,19076,2025-10-23 07:00:58,1,255,check-in,2026-02-10 12:11:03
550082,19077,2025-10-23 07:08:00,1,255,check-in,2026-02-10 12:11:03
550209,19078,2025-10-23 07:11:28,1,255,check-in,2026-02-10 12:11:03
550209,19079,2025-10-23 07:11:30,15,255,check-in,2026-02-10 12:11:03
550226,19080,2025-10-23 07:11:34,1,255,check-in,2026-02-10 12:11:03
550153,19081,2025-10-23 07:13:10,1,255,check-in,2026-02-10 12:11:03
550179,19082,2025-10-23 07:15:07,1,255,check-in,2026-02-10 12:11:03
550185,19083,2025-10-23 07:16:28,1,255,check-in,2026-02-10 12:11:03
550038,19084,2025-10-23 07:16:45,1,255,check-in,2026-02-10 12:11:03
000446,19085,2025-10-23 07:18:22,1,255,check-in,2026-02-10 12:11:03
550193,19086,2025-10-23 07:19:04,1,255,check-in,2026-02-10 12:11:03
550220,19087,2025-10-23 07:22:55,1,255,check-in,2026-02-10 12:11:03
550182,19088,2025-10-23 07:24:13,1,255,check-in,2026-02-10 12:11:03
550182,19089,2025-10-23 07:24:15,15,255,check-in,2026-02-10 12:11:03
550205,19090,2025-10-23 07:24:58,1,255,check-in,2026-02-10 12:11:03
550210,19091,2025-10-23 07:28:12,1,255,check-in,2026-02-10 12:11:03
474,19092,2025-10-23 07:28:29,15,255,check-in,2026-02-10 12:11:03
474,19093,2025-10-23 07:28:31,15,255,check-in,2026-02-10 12:11:03
474,19094,2025-10-23 07:28:33,1,255,check-in,2026-02-10 12:11:03
550049,19095,2025-10-23 07:29:43,1,255,check-in,2026-02-10 12:11:03
550042,19096,2025-10-23 07:31:30,15,255,check-in,2026-02-10 12:11:03
550196,19097,2025-10-23 07:31:37,1,255,check-in,2026-02-10 12:11:03
000444,19098,2025-10-23 07:31:44,1,255,check-in,2026-02-10 12:11:03
550202,19099,2025-10-23 07:32:22,15,255,check-in,2026-02-10 12:11:03
550202,19100,2025-10-23 07:32:25,1,255,check-in,2026-02-10 12:11:03
550202,19101,2025-10-23 07:32:27,1,255,check-in,2026-02-10 12:11:03
660106,19102,2025-10-23 07:33:09,1,255,check-in,2026-02-10 12:11:03
550201,19103,2025-10-23 07:34:16,1,255,check-in,2026-02-10 12:11:03
550199,19104,2025-10-23 07:34:59,1,255,check-in,2026-02-10 12:11:03
550160,19105,2025-10-23 07:38:56,1,255,check-in,2026-02-10 12:11:03
000487,19106,2025-10-23 07:39:47,1,255,check-in,2026-02-10 12:11:03
550207,19107,2025-10-23 07:50:37,1,255,check-in,2026-02-10 12:11:03
660038,19108,2025-10-23 07:55:51,1,255,check-in,2026-02-10 12:11:03
550203,19109,2025-10-23 08:01:17,15,255,check-in,2026-02-10 12:11:03
550194,19110,2025-10-23 08:26:31,1,255,check-in,2026-02-10 12:11:03
550038,19111,2025-10-23 17:26:35,1,255,check-in,2026-02-10 12:11:03
550199,19112,2025-10-23 17:26:38,1,255,check-in,2026-02-10 12:11:03
550241,19113,2025-10-23 17:26:41,1,255,check-in,2026-02-10 12:11:03
550082,19114,2025-10-23 17:26:45,1,255,check-in,2026-02-10 12:11:03
550185,19115,2025-10-23 17:26:53,15,255,check-in,2026-02-10 12:11:03
550193,19116,2025-10-23 17:27:00,1,255,check-in,2026-02-10 12:11:03
550220,19117,2025-10-23 17:27:04,1,255,check-in,2026-02-10 12:11:03
550194,19118,2025-10-23 17:27:12,1,255,check-in,2026-02-10 12:11:03
550042,19119,2025-10-23 17:27:16,1,255,check-in,2026-02-10 12:11:03
550042,19120,2025-10-23 17:27:18,15,255,check-in,2026-02-10 12:11:03
550049,19121,2025-10-23 17:27:20,1,255,check-in,2026-02-10 12:11:03
550207,19122,2025-10-23 17:27:26,1,255,check-in,2026-02-10 12:11:03
550205,19123,2025-10-23 17:27:32,1,255,check-in,2026-02-10 12:11:03
000444,19124,2025-10-23 17:27:35,1,255,check-in,2026-02-10 12:11:03
550044,19125,2025-10-23 17:27:39,1,255,check-in,2026-02-10 12:11:03
474,19126,2025-10-23 17:27:48,15,255,check-in,2026-02-10 12:11:03
474,19127,2025-10-23 17:27:50,15,255,check-in,2026-02-10 12:11:03
474,19128,2025-10-23 17:27:51,1,255,check-in,2026-02-10 12:11:03
000446,19129,2025-10-23 17:27:57,1,255,check-in,2026-02-10 12:11:03
550182,19130,2025-10-23 17:28:04,1,255,check-in,2026-02-10 12:11:03
550210,19131,2025-10-23 17:28:20,1,255,check-in,2026-02-10 12:11:03
550226,19132,2025-10-23 17:28:31,1,255,check-in,2026-02-10 12:11:03
550179,19133,2025-10-23 17:28:40,1,255,check-in,2026-02-10 12:11:03
550203,19134,2025-10-23 17:28:53,1,255,check-in,2026-02-10 12:11:03
550202,19135,2025-10-23 17:29:28,15,255,check-in,2026-02-10 12:11:03
550201,19136,2025-10-23 17:29:57,1,255,check-in,2026-02-10 12:11:03
550201,19137,2025-10-23 17:29:58,15,255,check-in,2026-02-10 12:11:03
660106,19138,2025-10-23 17:30:27,1,255,check-in,2026-02-10 12:11:03
000487,19139,2025-10-23 17:30:49,1,255,check-in,2026-02-10 12:11:03
660038,19140,2025-10-23 17:31:27,1,255,check-in,2026-02-10 12:11:03
550209,19141,2025-10-23 17:39:34,1,255,check-in,2026-02-10 12:11:03
550160,19142,2025-10-23 17:41:15,1,255,check-in,2026-02-10 12:11:03
550153,19143,2025-10-23 19:30:03,1,255,check-in,2026-02-10 12:11:03
550196,19144,2025-10-23 19:30:19,1,255,check-in,2026-02-10 12:11:03
550204,19145,2025-10-24 06:41:24,1,255,check-in,2026-02-10 12:11:03
550241,19146,2025-10-24 06:59:06,1,255,check-in,2026-02-10 12:11:03
550044,19147,2025-10-24 07:10:06,1,255,check-in,2026-02-10 12:11:03
550241,19148,2025-10-24 07:10:38,1,255,check-in,2026-02-10 12:11:03
550153,19149,2025-10-24 07:12:39,1,255,check-in,2026-02-10 12:11:03
550199,19150,2025-10-24 07:16:25,1,255,check-in,2026-02-10 12:11:03
550226,19151,2025-10-24 07:16:41,1,255,check-in,2026-02-10 12:11:03
550185,19152,2025-10-24 07:17:58,1,255,check-in,2026-02-10 12:11:03
000446,19153,2025-10-24 07:18:25,1,255,check-in,2026-02-10 12:11:03
000446,19154,2025-10-24 07:18:27,1,255,check-in,2026-02-10 12:11:03
550203,19155,2025-10-24 07:19:50,1,255,check-in,2026-02-10 12:11:03
474,19156,2025-10-24 07:21:46,15,255,check-in,2026-02-10 12:11:03
474,19157,2025-10-24 07:21:55,1,255,check-in,2026-02-10 12:11:03
550038,19158,2025-10-24 07:22:47,1,255,check-in,2026-02-10 12:11:03
550194,19159,2025-10-24 07:23:22,1,255,check-in,2026-02-10 12:11:03
550182,19160,2025-10-24 07:23:26,1,255,check-in,2026-02-10 12:11:03
550196,19161,2025-10-24 07:24:10,1,255,check-in,2026-02-10 12:11:03
550193,19162,2025-10-24 07:24:26,1,255,check-in,2026-02-10 12:11:03
550082,19163,2025-10-24 07:24:31,1,255,check-in,2026-02-10 12:11:03
000444,19164,2025-10-24 07:26:27,1,255,check-in,2026-02-10 12:11:03
550179,19165,2025-10-24 07:27:05,1,255,check-in,2026-02-10 12:11:03
550049,19166,2025-10-24 07:27:11,1,255,check-in,2026-02-10 12:11:03
550205,19167,2025-10-24 07:27:49,1,255,check-in,2026-02-10 12:11:03
550207,19168,2025-10-24 07:28:02,1,255,check-in,2026-02-10 12:11:03
550042,19169,2025-10-24 07:29:45,1,255,check-in,2026-02-10 12:11:03
000487,19170,2025-10-24 07:30:10,1,255,check-in,2026-02-10 12:11:03
660106,19171,2025-10-24 07:31:29,1,255,check-in,2026-02-10 12:11:03
550202,19172,2025-10-24 07:31:43,15,255,check-in,2026-02-10 12:11:03
550202,19173,2025-10-24 07:31:44,1,255,check-in,2026-02-10 12:11:03
550202,19174,2025-10-24 07:31:46,1,255,check-in,2026-02-10 12:11:03
550220,19175,2025-10-24 07:33:16,1,255,check-in,2026-02-10 12:11:03
550160,19176,2025-10-24 07:37:15,1,255,check-in,2026-02-10 12:11:03
550209,19177,2025-10-24 07:44:36,1,255,check-in,2026-02-10 12:11:03
660038,19178,2025-10-24 07:45:32,1,255,check-in,2026-02-10 12:11:03
550201,19179,2025-10-24 07:50:38,1,255,check-in,2026-02-10 12:11:03
550210,19180,2025-10-24 07:56:47,1,255,check-in,2026-02-10 12:11:03
550082,19181,2025-10-24 17:30:39,1,255,check-in,2026-02-10 12:11:03
550241,19182,2025-10-24 17:30:53,1,255,check-in,2026-02-10 12:11:03
550199,19183,2025-10-24 17:31:00,1,255,check-in,2026-02-10 12:11:03
550205,19184,2025-10-24 17:31:42,1,255,check-in,2026-02-10 12:11:03
000444,19185,2025-10-24 17:31:45,1,255,check-in,2026-02-10 12:11:03
550193,19186,2025-10-24 17:31:50,1,255,check-in,2026-02-10 12:11:03
000446,19187,2025-10-24 17:31:55,1,255,check-in,2026-02-10 12:11:03
550207,19188,2025-10-24 17:31:57,1,255,check-in,2026-02-10 12:11:03
550042,19189,2025-10-24 17:32:01,1,255,check-in,2026-02-10 12:11:03
550153,19190,2025-10-24 17:32:04,1,255,check-in,2026-02-10 12:11:03
660106,19191,2025-10-24 17:32:06,1,255,check-in,2026-02-10 12:11:03
550196,19192,2025-10-24 17:32:10,1,255,check-in,2026-02-10 12:11:03
550196,19193,2025-10-24 17:32:12,15,255,check-in,2026-02-10 12:11:03
550049,19194,2025-10-24 17:32:13,1,255,check-in,2026-02-10 12:11:03
550194,19195,2025-10-24 17:32:16,1,255,check-in,2026-02-10 12:11:03
660038,19196,2025-10-24 17:32:19,1,255,check-in,2026-02-10 12:11:03
550044,19197,2025-10-24 17:32:22,1,255,check-in,2026-02-10 12:11:03
550210,19198,2025-10-24 17:32:29,1,255,check-in,2026-02-10 12:11:03
474,19199,2025-10-24 17:32:40,1,255,check-in,2026-02-10 12:11:03
550182,19200,2025-10-24 17:32:44,1,255,check-in,2026-02-10 12:11:03
550226,19201,2025-10-24 17:32:55,1,255,check-in,2026-02-10 12:11:03
550203,19202,2025-10-24 17:33:00,1,255,check-in,2026-02-10 12:11:03
550202,19203,2025-10-24 17:33:05,1,255,check-in,2026-02-10 12:11:03
550220,19204,2025-10-24 17:33:10,1,255,check-in,2026-02-10 12:11:03
550185,19205,2025-10-24 17:33:32,15,255,check-in,2026-02-10 12:11:03
550185,19206,2025-10-24 17:33:34,15,255,check-in,2026-02-10 12:11:03
550179,19207,2025-10-24 17:35:25,1,255,check-in,2026-02-10 12:11:03
550201,19208,2025-10-24 17:37:36,1,255,check-in,2026-02-10 12:11:03
550204,19209,2025-10-24 17:37:42,1,255,check-in,2026-02-10 12:11:03
000487,19210,2025-10-24 17:40:58,1,255,check-in,2026-02-10 12:11:03
550160,19211,2025-10-24 17:43:52,1,255,check-in,2026-02-10 12:11:03
550209,19212,2025-10-24 18:02:08,1,255,check-in,2026-02-10 12:11:03
550179,19213,2025-10-25 07:17:10,1,255,check-in,2026-02-10 12:11:03
550179,19214,2025-10-25 07:17:12,15,255,check-in,2026-02-10 12:11:03
000446,19215,2025-10-25 07:23:15,1,255,check-in,2026-02-10 12:11:03
474,19216,2025-10-25 07:28:18,15,255,check-in,2026-02-10 12:11:03
474,19217,2025-10-25 07:28:21,1,255,check-in,2026-02-10 12:11:03
474,19218,2025-10-25 07:28:23,15,255,check-in,2026-02-10 12:11:03
550201,19219,2025-10-25 07:38:19,1,255,check-in,2026-02-10 12:11:03
550194,19220,2025-10-25 07:48:31,1,255,check-in,2026-02-10 12:11:03
000444,19221,2025-10-25 07:49:37,1,255,check-in,2026-02-10 12:11:03
550202,19222,2025-10-25 07:58:33,1,255,check-in,2026-02-10 12:11:03
550226,19223,2025-10-25 08:00:01,1,255,check-in,2026-02-10 12:11:03
550044,19224,2025-10-25 08:09:39,1,255,check-in,2026-02-10 12:11:03
550203,19225,2025-10-25 08:14:59,1,255,check-in,2026-02-10 12:11:03
550207,19226,2025-10-25 08:31:57,1,255,check-in,2026-02-10 12:11:03
000446,19227,2025-10-25 17:01:10,1,255,check-in,2026-02-10 12:11:03
550203,19228,2025-10-25 17:02:09,1,255,check-in,2026-02-10 12:11:03
000444,19229,2025-10-25 17:02:14,1,255,check-in,2026-02-10 12:11:03
550226,19230,2025-10-25 17:02:18,1,255,check-in,2026-02-10 12:11:03
550194,19231,2025-10-25 17:02:22,1,255,check-in,2026-02-10 12:11:03
550207,19232,2025-10-25 17:02:26,1,255,check-in,2026-02-10 12:11:03
474,19233,2025-10-25 17:02:33,15,255,check-in,2026-02-10 12:11:03
474,19234,2025-10-25 17:02:34,1,255,check-in,2026-02-10 12:11:03
550044,19235,2025-10-25 17:02:41,1,255,check-in,2026-02-10 12:11:03
550201,19236,2025-10-25 17:03:01,1,255,check-in,2026-02-10 12:11:03
550202,19237,2025-10-25 17:03:13,1,255,check-in,2026-02-10 12:11:03
550202,19238,2025-10-25 17:03:30,1,255,check-in,2026-02-10 12:11:03
550179,19239,2025-10-25 17:05:07,1,255,check-in,2026-02-10 12:11:03
550179,19240,2025-10-25 17:05:09,15,255,check-in,2026-02-10 12:11:03
550204,19241,2025-10-27 06:43:59,1,255,check-in,2026-02-10 12:11:03
550241,19242,2025-10-27 06:52:11,1,255,check-in,2026-02-10 12:11:03
550241,19243,2025-10-27 07:00:13,1,255,check-in,2026-02-10 12:11:03
550232,19244,2025-10-27 07:05:13,1,255,check-in,2026-02-10 12:11:03
000446,19245,2025-10-27 07:10:01,1,255,check-in,2026-02-10 12:11:03
550153,19246,2025-10-27 07:10:55,1,255,check-in,2026-02-10 12:11:03
550044,19247,2025-10-27 07:12:38,1,255,check-in,2026-02-10 12:11:03
550203,19248,2025-10-27 07:21:46,15,255,check-in,2026-02-10 12:11:03
550203,19249,2025-10-27 07:21:51,15,255,check-in,2026-02-10 12:11:03
550199,19250,2025-10-27 07:23:12,1,255,check-in,2026-02-10 12:11:03
550185,19251,2025-10-27 07:23:53,15,255,check-in,2026-02-10 12:11:03
550193,19252,2025-10-27 07:24:46,1,255,check-in,2026-02-10 12:11:03
550210,19253,2025-10-27 07:24:55,1,255,check-in,2026-02-10 12:11:03
550201,19254,2025-10-27 07:25:44,15,255,check-in,2026-02-10 12:11:03
550194,19255,2025-10-27 07:26:16,1,255,check-in,2026-02-10 12:11:03
550082,19256,2025-10-27 07:26:52,1,255,check-in,2026-02-10 12:11:03
550196,19257,2025-10-27 07:26:59,1,255,check-in,2026-02-10 12:11:03
550042,19258,2025-10-27 07:29:34,1,255,check-in,2026-02-10 12:11:03
550205,19259,2025-10-27 07:30:47,1,255,check-in,2026-02-10 12:11:03
550207,19260,2025-10-27 07:30:57,1,255,check-in,2026-02-10 12:11:03
550049,19261,2025-10-27 07:31:57,1,255,check-in,2026-02-10 12:11:03
550179,19262,2025-10-27 07:31:59,1,255,check-in,2026-02-10 12:11:03
550220,19263,2025-10-27 07:34:08,1,255,check-in,2026-02-10 12:11:03
474,19264,2025-10-27 07:34:36,1,255,check-in,2026-02-10 12:11:03
660106,19265,2025-10-27 07:37:48,1,255,check-in,2026-02-10 12:11:03
000487,19266,2025-10-27 07:40:18,1,255,check-in,2026-02-10 12:11:03
550160,19267,2025-10-27 07:40:35,1,255,check-in,2026-02-10 12:11:03
550202,19268,2025-10-27 07:41:48,1,255,check-in,2026-02-10 12:11:03
660038,19269,2025-10-27 07:49:15,1,255,check-in,2026-02-10 12:11:03
550209,19270,2025-10-27 09:23:11,1,255,check-in,2026-02-10 12:11:03
000444,19271,2025-10-27 09:36:04,1,255,check-in,2026-02-10 12:11:03
550182,19272,2025-10-27 09:40:55,1,255,check-in,2026-02-10 12:11:03
550226,19273,2025-10-27 09:46:42,1,255,check-in,2026-02-10 12:11:03
000487,19274,2025-10-27 12:46:37,1,255,check-in,2026-02-10 12:11:03
550199,19275,2025-10-27 17:30:26,1,255,check-in,2026-02-10 12:11:03
550241,19276,2025-10-27 17:30:32,1,255,check-in,2026-02-10 12:11:03
550220,19277,2025-10-27 17:30:46,1,255,check-in,2026-02-10 12:11:03
550049,19278,2025-10-27 17:30:54,1,255,check-in,2026-02-10 12:11:03
550207,19279,2025-10-27 17:31:00,1,255,check-in,2026-02-10 12:11:03
550082,19280,2025-10-27 17:31:09,15,255,check-in,2026-02-10 12:11:03
550205,19281,2025-10-27 17:31:14,1,255,check-in,2026-02-10 12:11:03
000444,19282,2025-10-27 17:31:21,1,255,check-in,2026-02-10 12:11:03
550042,19283,2025-10-27 17:31:31,1,255,check-in,2026-02-10 12:11:03
550044,19284,2025-10-27 17:31:41,1,255,check-in,2026-02-10 12:11:03
660038,19285,2025-10-27 17:31:50,1,255,check-in,2026-02-10 12:11:03
550185,19286,2025-10-27 17:32:03,15,255,check-in,2026-02-10 12:11:03
550185,19287,2025-10-27 17:32:05,15,255,check-in,2026-02-10 12:11:03
660106,19288,2025-10-27 17:32:36,1,255,check-in,2026-02-10 12:11:03
550193,19289,2025-10-27 17:32:40,1,255,check-in,2026-02-10 12:11:03
550203,19290,2025-10-27 17:32:45,15,255,check-in,2026-02-10 12:11:03
550194,19291,2025-10-27 17:32:49,1,255,check-in,2026-02-10 12:11:03
550210,19292,2025-10-27 17:33:26,1,255,check-in,2026-02-10 12:11:03
550226,19293,2025-10-27 17:33:29,1,255,check-in,2026-02-10 12:11:03
550204,19294,2025-10-27 17:33:34,1,255,check-in,2026-02-10 12:11:03
550182,19295,2025-10-27 17:33:56,1,255,check-in,2026-02-10 12:11:03
550179,19296,2025-10-27 17:34:06,1,255,check-in,2026-02-10 12:11:03
474,19297,2025-10-27 17:34:54,1,255,check-in,2026-02-10 12:11:03
550232,19298,2025-10-27 17:35:00,1,255,check-in,2026-02-10 12:11:03
550232,19299,2025-10-27 17:35:02,15,255,check-in,2026-02-10 12:11:03
550201,19300,2025-10-27 17:35:07,15,255,check-in,2026-02-10 12:11:03
550202,19301,2025-10-27 17:35:13,15,255,check-in,2026-02-10 12:11:03
550160,19302,2025-10-27 17:52:10,1,255,check-in,2026-02-10 12:11:03
550209,19303,2025-10-27 18:16:41,1,255,check-in,2026-02-10 12:11:03
550153,19304,2025-10-27 19:00:52,1,255,check-in,2026-02-10 12:11:03
550196,19305,2025-10-27 19:01:05,1,255,check-in,2026-02-10 12:11:03
550209,19306,2025-10-28 06:20:04,1,255,check-in,2026-02-10 12:11:03
550241,19307,2025-10-28 06:47:50,1,255,check-in,2026-02-10 12:11:03
550044,19308,2025-10-28 06:58:07,1,255,check-in,2026-02-10 12:11:03
550153,19309,2025-10-28 07:10:26,1,255,check-in,2026-02-10 12:11:03
550232,19310,2025-10-28 07:11:02,15,255,check-in,2026-02-10 12:11:03
550232,19311,2025-10-28 07:11:04,1,255,check-in,2026-02-10 12:11:03
550232,19312,2025-10-28 07:11:05,15,255,check-in,2026-02-10 12:11:03
550185,19313,2025-10-28 07:11:48,1,255,check-in,2026-02-10 12:11:03
000446,19314,2025-10-28 07:12:28,1,255,check-in,2026-02-10 12:11:03
550038,19315,2025-10-28 07:15:18,1,255,check-in,2026-02-10 12:11:03
550193,19316,2025-10-28 07:16:13,1,255,check-in,2026-02-10 12:11:03
550201,19317,2025-10-28 07:19:37,1,255,check-in,2026-02-10 12:11:03
550220,19318,2025-10-28 07:22:41,1,255,check-in,2026-02-10 12:11:03
550179,19319,2025-10-28 07:24:44,1,255,check-in,2026-02-10 12:11:03
550226,19320,2025-10-28 07:24:55,1,255,check-in,2026-02-10 12:11:03
550199,19321,2025-10-28 07:25:16,1,255,check-in,2026-02-10 12:11:03
550210,19322,2025-10-28 07:26:12,1,255,check-in,2026-02-10 12:11:03
000444,19323,2025-10-28 07:30:33,1,255,check-in,2026-02-10 12:11:03
550205,19324,2025-10-28 07:30:41,1,255,check-in,2026-02-10 12:11:03
550049,19325,2025-10-28 07:31:49,1,255,check-in,2026-02-10 12:11:03
550202,19326,2025-10-28 07:31:55,15,255,check-in,2026-02-10 12:11:03
550202,19327,2025-10-28 07:31:57,1,255,check-in,2026-02-10 12:11:03
660106,19328,2025-10-28 07:36:44,1,255,check-in,2026-02-10 12:11:03
550196,19329,2025-10-28 07:36:58,15,255,check-in,2026-02-10 12:11:03
550196,19330,2025-10-28 07:37:00,1,255,check-in,2026-02-10 12:11:03
550196,19331,2025-10-28 07:37:01,15,255,check-in,2026-02-10 12:11:03
550042,19332,2025-10-28 07:38:12,1,255,check-in,2026-02-10 12:11:03
550203,19333,2025-10-28 07:41:36,1,255,check-in,2026-02-10 12:11:03
550160,19334,2025-10-28 07:42:27,1,255,check-in,2026-02-10 12:11:03
550182,19335,2025-10-28 07:42:41,1,255,check-in,2026-02-10 12:11:03
550204,19336,2025-10-28 07:44:07,1,255,check-in,2026-02-10 12:11:03
660038,19337,2025-10-28 08:00:23,1,255,check-in,2026-02-10 12:11:03
550194,19338,2025-10-28 10:08:57,1,255,check-in,2026-02-10 12:11:03
550199,19339,2025-10-28 17:30:24,1,255,check-in,2026-02-10 12:11:03
550241,19340,2025-10-28 17:30:34,1,255,check-in,2026-02-10 12:11:03
550185,19341,2025-10-28 17:30:48,1,255,check-in,2026-02-10 12:11:03
550049,19342,2025-10-28 17:30:50,1,255,check-in,2026-02-10 12:11:03
550205,19343,2025-10-28 17:31:16,1,255,check-in,2026-02-10 12:11:03
000444,19344,2025-10-28 17:31:20,1,255,check-in,2026-02-10 12:11:03
550179,19345,2025-10-28 17:31:23,1,255,check-in,2026-02-10 12:11:03
550203,19346,2025-10-28 17:31:31,1,255,check-in,2026-02-10 12:11:03
000446,19347,2025-10-28 17:31:37,1,255,check-in,2026-02-10 12:11:03
550044,19348,2025-10-28 17:31:45,1,255,check-in,2026-02-10 12:11:03
550042,19349,2025-10-28 17:31:49,1,255,check-in,2026-02-10 12:11:03
550194,19350,2025-10-28 17:32:07,1,255,check-in,2026-02-10 12:11:03
550210,19351,2025-10-28 17:32:22,1,255,check-in,2026-02-10 12:11:03
550182,19352,2025-10-28 17:32:26,1,255,check-in,2026-02-10 12:11:03
660106,19353,2025-10-28 17:32:29,1,255,check-in,2026-02-10 12:11:03
660038,19354,2025-10-28 17:32:34,1,255,check-in,2026-02-10 12:11:03
550193,19355,2025-10-28 17:32:37,1,255,check-in,2026-02-10 12:11:03
550204,19356,2025-10-28 17:32:49,1,255,check-in,2026-02-10 12:11:03
550232,19357,2025-10-28 17:33:35,1,255,check-in,2026-02-10 12:11:03
550226,19358,2025-10-28 17:33:40,1,255,check-in,2026-02-10 12:11:03
550220,19359,2025-10-28 17:34:32,1,255,check-in,2026-02-10 12:11:03
550202,19360,2025-10-28 17:35:01,15,255,check-in,2026-02-10 12:11:03
550201,19361,2025-10-28 17:35:09,1,255,check-in,2026-02-10 12:11:03
550038,19362,2025-10-28 17:35:38,1,255,check-in,2026-02-10 12:11:03
550160,19363,2025-10-28 17:58:48,1,255,check-in,2026-02-10 12:11:03
550209,19364,2025-10-28 18:15:44,1,255,check-in,2026-02-10 12:11:03
550153,19365,2025-10-28 19:00:03,1,255,check-in,2026-02-10 12:11:03
550196,19366,2025-10-28 19:04:37,1,255,check-in,2026-02-10 12:11:03
550209,19367,2025-10-29 06:22:01,1,255,check-in,2026-02-10 12:11:03
550241,19368,2025-10-29 06:40:21,1,255,check-in,2026-02-10 12:11:03
550204,19369,2025-10-29 06:40:31,1,255,check-in,2026-02-10 12:11:03
550044,19370,2025-10-29 06:49:38,1,255,check-in,2026-02-10 12:11:03
550232,19371,2025-10-29 07:07:55,15,255,check-in,2026-02-10 12:11:03
550232,19372,2025-10-29 07:07:57,1,255,check-in,2026-02-10 12:11:03
550232,19373,2025-10-29 07:07:58,15,255,check-in,2026-02-10 12:11:03
550185,19374,2025-10-29 07:10:15,1,255,check-in,2026-02-10 12:11:03
550153,19375,2025-10-29 07:12:01,1,255,check-in,2026-02-10 12:11:03
000446,19376,2025-10-29 07:13:40,1,255,check-in,2026-02-10 12:11:03
550226,19377,2025-10-29 07:16:09,1,255,check-in,2026-02-10 12:11:03
550199,19378,2025-10-29 07:21:47,1,255,check-in,2026-02-10 12:11:03
550205,19379,2025-10-29 07:23:33,1,255,check-in,2026-02-10 12:11:03
550193,19380,2025-10-29 07:23:50,1,255,check-in,2026-02-10 12:11:03
550201,19381,2025-10-29 07:24:22,1,255,check-in,2026-02-10 12:11:03
550038,19382,2025-10-29 07:24:37,1,255,check-in,2026-02-10 12:11:03
550179,19383,2025-10-29 07:24:40,1,255,check-in,2026-02-10 12:11:03
000444,19384,2025-10-29 07:25:00,1,255,check-in,2026-02-10 12:11:03
550182,19385,2025-10-29 07:26:07,1,255,check-in,2026-02-10 12:11:03
550220,19386,2025-10-29 07:27:26,1,255,check-in,2026-02-10 12:11:03
550203,19387,2025-10-29 07:28:05,15,255,check-in,2026-02-10 12:11:03
550203,19388,2025-10-29 07:28:06,1,255,check-in,2026-02-10 12:11:03
550196,19389,2025-10-29 07:31:15,1,255,check-in,2026-02-10 12:11:03
550042,19390,2025-10-29 07:31:21,1,255,check-in,2026-02-10 12:11:03
550049,19391,2025-10-29 07:31:51,1,255,check-in,2026-02-10 12:11:03
550210,19392,2025-10-29 07:33:26,1,255,check-in,2026-02-10 12:11:03
660038,19393,2025-10-29 07:33:44,1,255,check-in,2026-02-10 12:11:03
660106,19394,2025-10-29 07:37:00,1,255,check-in,2026-02-10 12:11:03
550202,19395,2025-10-29 07:38:56,1,255,check-in,2026-02-10 12:11:03
550160,19396,2025-10-29 07:41:01,1,255,check-in,2026-02-10 12:11:03
550194,19397,2025-10-29 07:58:46,1,255,check-in,2026-02-10 12:11:03
550220,19398,2025-10-29 13:08:49,1,255,check-in,2026-02-10 12:11:03
550241,19399,2025-10-29 17:30:28,1,255,check-in,2026-02-10 12:11:03
550185,19400,2025-10-29 17:30:36,1,255,check-in,2026-02-10 12:11:03
550049,19401,2025-10-29 17:30:50,1,255,check-in,2026-02-10 12:11:03
550038,19402,2025-10-29 17:30:58,1,255,check-in,2026-02-10 12:11:03
550199,19403,2025-10-29 17:31:02,1,255,check-in,2026-02-10 12:11:03
000444,19404,2025-10-29 17:31:09,1,255,check-in,2026-02-10 12:11:03
550205,19405,2025-10-29 17:31:14,1,255,check-in,2026-02-10 12:11:03
550232,19406,2025-10-29 17:31:19,1,255,check-in,2026-02-10 12:11:03
550232,19407,2025-10-29 17:31:21,15,255,check-in,2026-02-10 12:11:03
000446,19408,2025-10-29 17:31:31,1,255,check-in,2026-02-10 12:11:03
550042,19409,2025-10-29 17:31:35,1,255,check-in,2026-02-10 12:11:03
550193,19410,2025-10-29 17:32:03,1,255,check-in,2026-02-10 12:11:03
550182,19411,2025-10-29 17:32:11,1,255,check-in,2026-02-10 12:11:03
660038,19412,2025-10-29 17:32:31,1,255,check-in,2026-02-10 12:11:03
550210,19413,2025-10-29 17:32:47,1,255,check-in,2026-02-10 12:11:03
550204,19414,2025-10-29 17:32:54,1,255,check-in,2026-02-10 12:11:03
660106,19415,2025-10-29 17:32:59,1,255,check-in,2026-02-10 12:11:03
550203,19416,2025-10-29 17:33:18,1,255,check-in,2026-02-10 12:11:03
550226,19417,2025-10-29 17:34:34,1,255,check-in,2026-02-10 12:11:03
550202,19418,2025-10-29 17:34:39,15,255,check-in,2026-02-10 12:11:03
550202,19419,2025-10-29 17:34:43,1,255,check-in,2026-02-10 12:11:03
550194,19420,2025-10-29 17:35:31,1,255,check-in,2026-02-10 12:11:03
550179,19421,2025-10-29 17:36:59,1,255,check-in,2026-02-10 12:11:03
550201,19422,2025-10-29 17:37:52,15,255,check-in,2026-02-10 12:11:03
550160,19423,2025-10-29 17:46:30,1,255,check-in,2026-02-10 12:11:03
550209,19424,2025-10-29 18:22:12,1,255,check-in,2026-02-10 12:11:03
550044,19425,2025-10-29 19:01:35,1,255,check-in,2026-02-10 12:11:03
550153,19426,2025-10-29 19:02:08,1,255,check-in,2026-02-10 12:11:03
550196,19427,2025-10-29 19:02:41,1,255,check-in,2026-02-10 12:11:03
550209,19428,2025-10-30 06:22:53,1,255,check-in,2026-02-10 12:11:03
550241,19429,2025-10-30 06:45:14,1,255,check-in,2026-02-10 12:11:03
550204,19430,2025-10-30 06:57:14,1,255,check-in,2026-02-10 12:11:03
550232,19431,2025-10-30 07:02:16,1,255,check-in,2026-02-10 12:11:03
000446,19432,2025-10-30 07:05:42,1,255,check-in,2026-02-10 12:11:03
550153,19433,2025-10-30 07:13:41,1,255,check-in,2026-02-10 12:11:03
550185,19434,2025-10-30 07:15:14,1,255,check-in,2026-02-10 12:11:03
550199,19435,2025-10-30 07:20:40,1,255,check-in,2026-02-10 12:11:03
550201,19436,2025-10-30 07:21:14,15,255,check-in,2026-02-10 12:11:03
550201,19437,2025-10-30 07:21:16,1,255,check-in,2026-02-10 12:11:03
550193,19438,2025-10-30 07:21:52,1,255,check-in,2026-02-10 12:11:03
550226,19439,2025-10-30 07:21:58,1,255,check-in,2026-02-10 12:11:03
550194,19440,2025-10-30 07:23:12,1,255,check-in,2026-02-10 12:11:03
550038,19441,2025-10-30 07:24:00,1,255,check-in,2026-02-10 12:11:03
550179,19442,2025-10-30 07:24:13,1,255,check-in,2026-02-10 12:11:03
550044,19443,2025-10-30 07:27:26,1,255,check-in,2026-02-10 12:11:03
550182,19444,2025-10-30 07:31:05,1,255,check-in,2026-02-10 12:11:03
550196,19445,2025-10-30 07:31:14,1,255,check-in,2026-02-10 12:11:03
000444,19446,2025-10-30 07:31:19,1,255,check-in,2026-02-10 12:11:03
550042,19447,2025-10-30 07:33:15,1,255,check-in,2026-02-10 12:11:03
660106,19448,2025-10-30 07:35:40,1,255,check-in,2026-02-10 12:11:03
550202,19449,2025-10-30 07:35:50,1,255,check-in,2026-02-10 12:11:03
550220,19450,2025-10-30 07:36:14,1,255,check-in,2026-02-10 12:11:03
660038,19451,2025-10-30 07:45:08,1,255,check-in,2026-02-10 12:11:03
550203,19452,2025-10-30 07:48:22,1,255,check-in,2026-02-10 12:11:03
550210,19453,2025-10-30 07:48:30,1,255,check-in,2026-02-10 12:11:03
550160,19454,2025-10-30 07:49:05,1,255,check-in,2026-02-10 12:11:03
550049,19455,2025-10-30 08:55:57,1,255,check-in,2026-02-10 12:11:03
660106,19456,2025-10-30 12:39:53,1,255,check-in,2026-02-10 12:11:03
000446,19457,2025-10-30 15:19:31,1,255,check-in,2026-02-10 12:11:03
000447,19458,2025-10-30 16:00:09,15,255,check-in,2026-02-10 12:11:03
000447,19459,2025-10-30 16:00:12,15,255,check-in,2026-02-10 12:11:03
000447,19460,2025-10-30 16:00:14,15,255,check-in,2026-02-10 12:11:03
000447,19461,2025-10-30 16:00:22,1,255,check-in,2026-02-10 12:11:03
000447,19462,2025-10-30 16:00:27,1,255,check-in,2026-02-10 12:11:03
000447,19463,2025-10-30 16:00:34,1,255,check-in,2026-02-10 12:11:03
550199,19464,2025-10-30 17:30:01,1,255,check-in,2026-02-10 12:11:03
550241,19465,2025-10-30 17:30:11,1,255,check-in,2026-02-10 12:11:03
000447,19466,2025-10-30 17:30:19,1,255,check-in,2026-02-10 12:11:03
000447,19467,2025-10-30 17:30:22,1,255,check-in,2026-02-10 12:11:03
550241,19468,2025-10-30 17:30:29,1,255,check-in,2026-02-10 12:11:03
550220,19469,2025-10-30 17:30:45,1,255,check-in,2026-02-10 12:11:03
550185,19470,2025-10-30 17:30:53,1,255,check-in,2026-02-10 12:11:03
550049,19471,2025-10-30 17:30:59,1,255,check-in,2026-02-10 12:11:03
000444,19472,2025-10-30 17:31:03,1,255,check-in,2026-02-10 12:11:03
550042,19473,2025-10-30 17:31:12,1,255,check-in,2026-02-10 12:11:03
550182,19474,2025-10-30 17:31:18,1,255,check-in,2026-02-10 12:11:03
550182,19475,2025-10-30 17:31:19,15,255,check-in,2026-02-10 12:11:03
660038,19476,2025-10-30 17:31:21,1,255,check-in,2026-02-10 12:11:03
660038,19477,2025-10-30 17:31:22,1,255,check-in,2026-02-10 12:11:03
550196,19478,2025-10-30 17:31:25,1,255,check-in,2026-02-10 12:11:03
550153,19479,2025-10-30 17:31:27,1,255,check-in,2026-02-10 12:11:03
550044,19480,2025-10-30 17:31:30,1,255,check-in,2026-02-10 12:11:03
550038,19481,2025-10-30 17:31:32,1,255,check-in,2026-02-10 12:11:03
550232,19482,2025-10-30 17:31:36,1,255,check-in,2026-02-10 12:11:03
550232,19483,2025-10-30 17:31:37,15,255,check-in,2026-02-10 12:11:03
550204,19484,2025-10-30 17:32:03,1,255,check-in,2026-02-10 12:11:03
550203,19485,2025-10-30 17:32:42,15,255,check-in,2026-02-10 12:11:03
550203,19486,2025-10-30 17:32:44,1,255,check-in,2026-02-10 12:11:03
550179,19487,2025-10-30 17:33:06,1,255,check-in,2026-02-10 12:11:03
550201,19488,2025-10-30 17:33:22,1,255,check-in,2026-02-10 12:11:03
550202,19489,2025-10-30 17:33:27,1,255,check-in,2026-02-10 12:11:03
550210,19490,2025-10-30 17:33:57,1,255,check-in,2026-02-10 12:11:03
550226,19491,2025-10-30 17:34:01,1,255,check-in,2026-02-10 12:11:03
550160,19492,2025-10-30 17:48:55,1,255,check-in,2026-02-10 12:11:03
550209,19493,2025-10-30 18:15:14,1,255,check-in,2026-02-10 12:11:03
550209,19494,2025-10-31 06:23:12,1,255,check-in,2026-02-10 12:11:03
550241,19495,2025-10-31 06:44:58,1,255,check-in,2026-02-10 12:11:03
550204,19496,2025-10-31 06:47:46,1,255,check-in,2026-02-10 12:11:03
550241,19497,2025-10-31 06:53:03,1,255,check-in,2026-02-10 12:11:03
550232,19498,2025-10-31 06:57:11,1,255,check-in,2026-02-10 12:11:03
550232,19499,2025-10-31 06:57:13,1,255,check-in,2026-02-10 12:11:03
550044,19500,2025-10-31 07:04:34,1,255,check-in,2026-02-10 12:11:03
550153,19501,2025-10-31 07:11:48,1,255,check-in,2026-02-10 12:11:03
550199,19502,2025-10-31 07:13:16,1,255,check-in,2026-02-10 12:11:03
550179,19503,2025-10-31 07:13:56,1,255,check-in,2026-02-10 12:11:03
000446,19504,2025-10-31 07:16:02,1,255,check-in,2026-02-10 12:11:03
550185,19505,2025-10-31 07:18:02,1,255,check-in,2026-02-10 12:11:03
000447,19506,2025-10-31 07:18:51,1,255,check-in,2026-02-10 12:11:03
550203,19507,2025-10-31 07:24:42,1,255,check-in,2026-02-10 12:11:03
550193,19508,2025-10-31 07:24:50,1,255,check-in,2026-02-10 12:11:03
474,19509,2025-10-31 07:25:59,1,255,check-in,2026-02-10 12:11:03
550210,19510,2025-10-31 07:26:08,1,255,check-in,2026-02-10 12:11:03
550201,19511,2025-10-31 07:26:17,15,255,check-in,2026-02-10 12:11:03
550201,19512,2025-10-31 07:26:19,15,255,check-in,2026-02-10 12:11:03
000444,19513,2025-10-31 07:27:24,1,255,check-in,2026-02-10 12:11:03
660106,19514,2025-10-31 07:32:02,1,255,check-in,2026-02-10 12:11:03
550207,19515,2025-10-31 07:32:23,1,255,check-in,2026-02-10 12:11:03
550205,19516,2025-10-31 07:32:49,1,255,check-in,2026-02-10 12:11:03
550042,19517,2025-10-31 07:33:02,1,255,check-in,2026-02-10 12:11:03
550049,19518,2025-10-31 07:34:07,1,255,check-in,2026-02-10 12:11:03
550160,19519,2025-10-31 07:35:27,1,255,check-in,2026-02-10 12:11:03
550202,19520,2025-10-31 07:36:59,1,255,check-in,2026-02-10 12:11:03
550220,19521,2025-10-31 07:40:44,1,255,check-in,2026-02-10 12:11:03
550082,19522,2025-10-31 07:43:46,1,255,check-in,2026-02-10 12:11:03
550196,19523,2025-10-31 07:45:54,1,255,check-in,2026-02-10 12:11:03
660038,19524,2025-10-31 07:48:02,1,255,check-in,2026-02-10 12:11:03
550182,19525,2025-10-31 08:04:57,1,255,check-in,2026-02-10 12:11:03
550153,19526,2025-10-31 15:32:04,1,255,check-in,2026-02-10 12:11:03
550049,19527,2025-10-31 15:34:39,1,255,check-in,2026-02-10 12:11:03
550082,19528,2025-10-31 17:30:51,1,255,check-in,2026-02-10 12:11:03
000444,19529,2025-10-31 17:30:55,1,255,check-in,2026-02-10 12:11:03
550241,19530,2025-10-31 17:31:00,1,255,check-in,2026-02-10 12:11:03
550232,19531,2025-10-31 17:31:09,1,255,check-in,2026-02-10 12:11:03
550199,19532,2025-10-31 17:31:14,1,255,check-in,2026-02-10 12:11:03
550220,19533,2025-10-31 17:31:33,1,255,check-in,2026-02-10 12:11:03
550241,19534,2025-10-31 17:31:45,1,255,check-in,2026-02-10 12:11:03
550179,19535,2025-10-31 17:32:04,1,255,check-in,2026-02-10 12:11:03
000447,19536,2025-10-31 17:32:15,1,255,check-in,2026-02-10 12:11:03
550185,19537,2025-10-31 17:32:19,1,255,check-in,2026-02-10 12:11:03
550196,19538,2025-10-31 17:32:24,1,255,check-in,2026-02-10 12:11:03
550207,19539,2025-10-31 17:32:27,1,255,check-in,2026-02-10 12:11:03
000446,19540,2025-10-31 17:32:30,1,255,check-in,2026-02-10 12:11:03
550205,19541,2025-10-31 17:32:33,1,255,check-in,2026-02-10 12:11:03
550042,19542,2025-10-31 17:32:36,1,255,check-in,2026-02-10 12:11:03
660106,19543,2025-10-31 17:32:39,1,255,check-in,2026-02-10 12:11:03
660038,19544,2025-10-31 17:32:42,1,255,check-in,2026-02-10 12:11:03
550044,19545,2025-10-31 17:32:46,1,255,check-in,2026-02-10 12:11:03
550209,19546,2025-10-31 17:32:49,1,255,check-in,2026-02-10 12:11:03
550210,19547,2025-10-31 17:33:18,1,255,check-in,2026-02-10 12:11:03
550203,19548,2025-10-31 17:33:39,15,255,check-in,2026-02-10 12:11:03
550204,19549,2025-10-31 17:33:59,1,255,check-in,2026-02-10 12:11:03
550182,19550,2025-10-31 17:34:19,1,255,check-in,2026-02-10 12:11:03
550202,19551,2025-10-31 17:35:55,15,255,check-in,2026-02-10 12:11:03
550202,19552,2025-10-31 17:35:57,1,255,check-in,2026-02-10 12:11:03
474,19553,2025-10-31 17:36:08,1,255,check-in,2026-02-10 12:11:03
550193,19554,2025-10-31 17:37:04,1,255,check-in,2026-02-10 12:11:03
550201,19555,2025-10-31 17:37:30,15,255,check-in,2026-02-10 12:11:03
550160,19556,2025-10-31 17:49:30,1,255,check-in,2026-02-10 12:11:03
550241,19557,2025-11-01 06:52:51,1,255,check-in,2026-02-10 12:11:03
550241,19558,2025-11-01 17:35:40,1,255,check-in,2026-02-10 12:11:03
550185,19559,2025-11-01 17:35:46,1,255,check-in,2026-02-10 12:11:03
550241,19560,2025-11-03 06:45:50,1,255,check-in,2026-02-10 12:11:03
550204,19561,2025-11-03 06:46:40,1,255,check-in,2026-02-10 12:11:03
550044,19562,2025-11-03 07:02:50,1,255,check-in,2026-02-10 12:11:03
550153,19563,2025-11-03 07:11:57,1,255,check-in,2026-02-10 12:11:03
550179,19564,2025-11-03 07:14:04,1,255,check-in,2026-02-10 12:11:03
550226,19565,2025-11-03 07:15:25,1,255,check-in,2026-02-10 12:11:03
550185,19566,2025-11-03 07:16:53,1,255,check-in,2026-02-10 12:11:03
550203,19567,2025-11-03 07:17:02,1,255,check-in,2026-02-10 12:11:03
550209,19568,2025-11-03 07:17:43,1,255,check-in,2026-02-10 12:11:03
550201,19569,2025-11-03 07:18:40,1,255,check-in,2026-02-10 12:11:03
550082,19570,2025-11-03 07:21:56,1,255,check-in,2026-02-10 12:11:03
000447,19571,2025-11-03 07:23:11,15,255,check-in,2026-02-10 12:11:03
000447,19572,2025-11-03 07:23:12,1,255,check-in,2026-02-10 12:11:03
000447,19573,2025-11-03 07:23:14,15,255,check-in,2026-02-10 12:11:03
000447,19574,2025-11-03 07:23:16,1,255,check-in,2026-02-10 12:11:03
550193,19575,2025-11-03 07:27:58,1,255,check-in,2026-02-10 12:11:03
550205,19576,2025-11-03 07:28:06,1,255,check-in,2026-02-10 12:11:03
550196,19577,2025-11-03 07:29:34,1,255,check-in,2026-02-10 12:11:03
550049,19578,2025-11-03 07:30:31,1,255,check-in,2026-02-10 12:11:03
000444,19579,2025-11-03 07:31:28,1,255,check-in,2026-02-10 12:11:03
474,19580,2025-11-03 07:32:02,1,255,check-in,2026-02-10 12:11:03
550042,19581,2025-11-03 07:32:18,1,255,check-in,2026-02-10 12:11:03
660106,19582,2025-11-03 07:32:24,1,255,check-in,2026-02-10 12:11:03
550220,19583,2025-11-03 07:33:00,1,255,check-in,2026-02-10 12:11:03
550199,19584,2025-11-03 07:34:26,1,255,check-in,2026-02-10 12:11:03
550202,19585,2025-11-03 07:37:02,1,255,check-in,2026-02-10 12:11:03
000487,19586,2025-11-03 07:39:21,1,255,check-in,2026-02-10 12:11:03
550182,19587,2025-11-03 07:39:25,1,255,check-in,2026-02-10 12:11:03
550207,19588,2025-11-03 07:44:10,1,255,check-in,2026-02-10 12:11:03
550160,19589,2025-11-03 07:44:29,1,255,check-in,2026-02-10 12:11:03
660038,19590,2025-11-03 07:49:28,1,255,check-in,2026-02-10 12:11:03
550194,19591,2025-11-03 07:57:23,1,255,check-in,2026-02-10 12:11:03
550210,19592,2025-11-03 10:58:57,1,255,check-in,2026-02-10 12:11:03
550196,19593,2025-11-03 17:31:32,1,255,check-in,2026-02-10 12:11:03
550196,19594,2025-11-03 17:31:40,1,255,check-in,2026-02-10 12:11:03
550241,19595,2025-11-03 17:31:46,1,255,check-in,2026-02-10 12:11:03
000447,19596,2025-11-03 17:31:51,1,255,check-in,2026-02-10 12:11:03
550196,19597,2025-11-03 17:31:55,1,255,check-in,2026-02-10 12:11:03
550082,19598,2025-11-03 17:31:58,1,255,check-in,2026-02-10 12:11:03
550194,19599,2025-11-03 17:32:00,1,255,check-in,2026-02-10 12:11:03
550049,19600,2025-11-03 17:32:03,1,255,check-in,2026-02-10 12:11:03
550042,19601,2025-11-03 17:32:05,1,255,check-in,2026-02-10 12:11:03
550205,19602,2025-11-03 17:32:09,1,255,check-in,2026-02-10 12:11:03
550207,19603,2025-11-03 17:32:11,1,255,check-in,2026-02-10 12:11:03
550185,19604,2025-11-03 17:32:15,1,255,check-in,2026-02-10 12:11:03
550185,19605,2025-11-03 17:32:16,1,255,check-in,2026-02-10 12:11:03
660038,19606,2025-11-03 17:32:18,1,255,check-in,2026-02-10 12:11:03
550044,19607,2025-11-03 17:32:22,1,255,check-in,2026-02-10 12:11:03
000444,19608,2025-11-03 17:32:25,1,255,check-in,2026-02-10 12:11:03
550182,19609,2025-11-03 17:32:36,1,255,check-in,2026-02-10 12:11:03
550199,19610,2025-11-03 17:32:40,1,255,check-in,2026-02-10 12:11:03
550220,19611,2025-11-03 17:32:44,1,255,check-in,2026-02-10 12:11:03
550153,19612,2025-11-03 17:32:46,1,255,check-in,2026-02-10 12:11:03
550210,19613,2025-11-03 17:32:52,1,255,check-in,2026-02-10 12:11:03
474,19614,2025-11-03 17:33:04,1,255,check-in,2026-02-10 12:11:03
550203,19615,2025-11-03 17:33:09,1,255,check-in,2026-02-10 12:11:03
550226,19616,2025-11-03 17:33:13,1,255,check-in,2026-02-10 12:11:03
550179,19617,2025-11-03 17:33:16,1,255,check-in,2026-02-10 12:11:03
660106,19618,2025-11-03 17:33:21,1,255,check-in,2026-02-10 12:11:03
550193,19619,2025-11-03 17:34:15,1,255,check-in,2026-02-10 12:11:03
550202,19620,2025-11-03 17:35:21,1,255,check-in,2026-02-10 12:11:03
550201,19621,2025-11-03 17:35:32,1,255,check-in,2026-02-10 12:11:03
550204,19622,2025-11-03 17:36:53,1,255,check-in,2026-02-10 12:11:03
000487,19623,2025-11-03 17:37:28,1,255,check-in,2026-02-10 12:11:03
550160,19624,2025-11-03 17:46:23,1,255,check-in,2026-02-10 12:11:03
550209,19625,2025-11-04 06:14:39,1,255,check-in,2026-02-10 12:11:03
550204,19626,2025-11-04 06:43:19,1,255,check-in,2026-02-10 12:11:03
550241,19627,2025-11-04 06:49:08,1,255,check-in,2026-02-10 12:11:03
550232,19628,2025-11-04 07:02:07,15,255,check-in,2026-02-10 12:11:03
550232,19629,2025-11-04 07:02:09,1,255,check-in,2026-02-10 12:11:03
550232,19630,2025-11-04 07:02:10,15,255,check-in,2026-02-10 12:11:03
550185,19631,2025-11-04 07:07:15,1,255,check-in,2026-02-10 12:11:03
000446,19632,2025-11-04 07:10:55,1,255,check-in,2026-02-10 12:11:03
550153,19633,2025-11-04 07:11:09,1,255,check-in,2026-02-10 12:11:03
550203,19634,2025-11-04 07:12:22,15,255,check-in,2026-02-10 12:11:03
550203,19635,2025-11-04 07:12:24,1,255,check-in,2026-02-10 12:11:03
550193,19636,2025-11-04 07:16:26,1,255,check-in,2026-02-10 12:11:03
550226,19637,2025-11-04 07:16:33,1,255,check-in,2026-02-10 12:11:03
550201,19638,2025-11-04 07:18:55,1,255,check-in,2026-02-10 12:11:03
550044,19639,2025-11-04 07:20:49,1,255,check-in,2026-02-10 12:11:03
000444,19640,2025-11-04 07:21:49,1,255,check-in,2026-02-10 12:11:03
550179,19641,2025-11-04 07:22:27,1,255,check-in,2026-02-10 12:11:03
550199,19642,2025-11-04 07:23:45,1,255,check-in,2026-02-10 12:11:03
550182,19643,2025-11-04 07:24:30,1,255,check-in,2026-02-10 12:11:03
550082,19644,2025-11-04 07:25:42,1,255,check-in,2026-02-10 12:11:03
000447,19645,2025-11-04 07:25:48,15,255,check-in,2026-02-10 12:11:03
000447,19646,2025-11-04 07:25:50,1,255,check-in,2026-02-10 12:11:03
000447,19647,2025-11-04 07:25:53,15,255,check-in,2026-02-10 12:11:03
000447,19648,2025-11-04 07:25:55,1,255,check-in,2026-02-10 12:11:03
660106,19649,2025-11-04 07:26:19,1,255,check-in,2026-02-10 12:11:03
550196,19650,2025-11-04 07:30:28,1,255,check-in,2026-02-10 12:11:03
550220,19651,2025-11-04 07:33:27,1,255,check-in,2026-02-10 12:11:03
474,19652,2025-11-04 07:33:55,1,255,check-in,2026-02-10 12:11:03
474,19653,2025-11-04 07:33:57,15,255,check-in,2026-02-10 12:11:03
550049,19654,2025-11-04 07:34:45,1,255,check-in,2026-02-10 12:11:03
550202,19655,2025-11-04 07:34:55,1,255,check-in,2026-02-10 12:11:03
550194,19656,2025-11-04 07:34:58,1,255,check-in,2026-02-10 12:11:03
550207,19657,2025-11-04 07:36:18,1,255,check-in,2026-02-10 12:11:03
550042,19658,2025-11-04 07:37:32,1,255,check-in,2026-02-10 12:11:03
550160,19659,2025-11-04 07:43:08,1,255,check-in,2026-02-10 12:11:03
660038,19660,2025-11-04 07:50:31,1,255,check-in,2026-02-10 12:11:03
550210,19661,2025-11-04 10:11:18,1,255,check-in,2026-02-10 12:11:03
000487,19662,2025-11-04 10:36:49,1,255,check-in,2026-02-10 12:11:03
550042,19663,2025-11-04 12:11:31,1,255,check-in,2026-02-10 12:11:03
550049,19664,2025-11-04 17:31:21,1,255,check-in,2026-02-10 12:11:03
550082,19665,2025-11-04 17:31:26,1,255,check-in,2026-02-10 12:11:03
550241,19666,2025-11-04 17:31:32,1,255,check-in,2026-02-10 12:11:03
550196,19667,2025-11-04 17:31:38,1,255,check-in,2026-02-10 12:11:03
000446,19668,2025-11-04 17:31:49,1,255,check-in,2026-02-10 12:11:03
550207,19669,2025-11-04 17:31:52,1,255,check-in,2026-02-10 12:11:03
550232,19670,2025-11-04 17:31:54,1,255,check-in,2026-02-10 12:11:03
550232,19671,2025-11-04 17:31:56,1,255,check-in,2026-02-10 12:11:03
550185,19672,2025-11-04 17:32:00,1,255,check-in,2026-02-10 12:11:03
550232,19673,2025-11-04 17:32:03,1,255,check-in,2026-02-10 12:11:03
000444,19674,2025-11-04 17:32:06,1,255,check-in,2026-02-10 12:11:03
000447,19675,2025-11-04 17:32:10,1,255,check-in,2026-02-10 12:11:03
000447,19676,2025-11-04 17:32:12,1,255,check-in,2026-02-10 12:11:03
550220,19677,2025-11-04 17:32:17,1,255,check-in,2026-02-10 12:11:03
550199,19678,2025-11-04 17:32:21,1,255,check-in,2026-02-10 12:11:03
550153,19679,2025-11-04 17:32:32,1,255,check-in,2026-02-10 12:11:03
550209,19680,2025-11-04 17:33:01,1,255,check-in,2026-02-10 12:11:03
550194,19681,2025-11-04 17:33:09,1,255,check-in,2026-02-10 12:11:03
550044,19682,2025-11-04 17:33:19,1,255,check-in,2026-02-10 12:11:03
550193,19683,2025-11-04 17:33:22,1,255,check-in,2026-02-10 12:11:03
550210,19684,2025-11-04 17:33:28,1,255,check-in,2026-02-10 12:11:03
550182,19685,2025-11-04 17:33:34,1,255,check-in,2026-02-10 12:11:03
550182,19686,2025-11-04 17:33:36,15,255,check-in,2026-02-10 12:11:03
660106,19687,2025-11-04 17:33:38,1,255,check-in,2026-02-10 12:11:03
660038,19688,2025-11-04 17:33:42,1,255,check-in,2026-02-10 12:11:03
474,19689,2025-11-04 17:33:50,1,255,check-in,2026-02-10 12:11:03
550203,19690,2025-11-04 17:33:56,1,255,check-in,2026-02-10 12:11:03
550226,19691,2025-11-04 17:33:59,1,255,check-in,2026-02-10 12:11:03
550179,19692,2025-11-04 17:34:19,1,255,check-in,2026-02-10 12:11:03
550204,19693,2025-11-04 17:34:23,1,255,check-in,2026-02-10 12:11:03
550202,19694,2025-11-04 17:35:56,15,255,check-in,2026-02-10 12:11:03
550201,19695,2025-11-04 17:37:04,1,255,check-in,2026-02-10 12:11:03
550160,19696,2025-11-04 17:37:14,1,255,check-in,2026-02-10 12:11:03
000487,19697,2025-11-04 17:41:46,1,255,check-in,2026-02-10 12:11:03
000447,19698,2025-11-04 18:19:08,15,255,check-in,2026-02-10 12:11:03
000447,19699,2025-11-04 18:19:11,1,255,check-in,2026-02-10 12:11:03
000447,19700,2025-11-04 23:49:07,1,255,check-in,2026-02-10 12:11:03
000447,19701,2025-11-04 23:49:10,1,255,check-in,2026-02-10 12:11:03
550204,19702,2025-11-06 06:47:21,1,255,check-in,2026-02-10 12:11:03
550241,19703,2025-11-06 06:55:11,1,255,check-in,2026-02-10 12:11:03
550153,19704,2025-11-06 07:16:33,1,255,check-in,2026-02-10 12:11:03
550179,19705,2025-11-06 07:16:44,1,255,check-in,2026-02-10 12:11:03
474,19706,2025-11-06 07:17:04,1,255,check-in,2026-02-10 12:11:03
550193,19707,2025-11-06 07:17:15,1,255,check-in,2026-02-10 12:11:03
550044,19708,2025-11-06 07:17:20,1,255,check-in,2026-02-10 12:11:03
000447,19709,2025-11-06 07:17:27,1,255,check-in,2026-02-10 12:11:03
000447,19710,2025-11-06 07:17:29,1,255,check-in,2026-02-10 12:11:03
000446,19711,2025-11-06 07:17:37,1,255,check-in,2026-02-10 12:11:03
550042,19712,2025-11-06 07:19:54,1,255,check-in,2026-02-10 12:11:03
550185,19713,2025-11-06 07:22:26,1,255,check-in,2026-02-10 12:11:03
550201,19714,2025-11-06 07:23:38,15,255,check-in,2026-02-10 12:11:03
550201,19715,2025-11-06 07:23:59,1,255,check-in,2026-02-10 12:11:03
550205,19716,2025-11-06 07:24:24,1,255,check-in,2026-02-10 12:11:03
000444,19717,2025-11-06 07:24:29,1,255,check-in,2026-02-10 12:11:03
550226,19718,2025-11-06 07:26:04,1,255,check-in,2026-02-10 12:11:03
550210,19719,2025-11-06 07:27:37,1,255,check-in,2026-02-10 12:11:03
550182,19720,2025-11-06 07:28:23,1,255,check-in,2026-02-10 12:11:03
660106,19721,2025-11-06 07:30:42,1,255,check-in,2026-02-10 12:11:03
550082,19722,2025-11-06 07:31:34,1,255,check-in,2026-02-10 12:11:03
000487,19723,2025-11-06 07:32:04,1,255,check-in,2026-02-10 12:11:03
550203,19724,2025-11-06 07:32:34,1,255,check-in,2026-02-10 12:11:03
550049,19725,2025-11-06 07:33:09,1,255,check-in,2026-02-10 12:11:03
550207,19726,2025-11-06 07:34:09,1,255,check-in,2026-02-10 12:11:03
550196,19727,2025-11-06 07:34:15,1,255,check-in,2026-02-10 12:11:03
550202,19728,2025-11-06 07:37:24,1,255,check-in,2026-02-10 12:11:03
660038,19729,2025-11-06 07:42:24,1,255,check-in,2026-02-10 12:11:03
550220,19730,2025-11-06 07:42:52,1,255,check-in,2026-02-10 12:11:03
550199,19731,2025-11-06 07:46:09,1,255,check-in,2026-02-10 12:11:03
550209,19732,2025-11-06 10:09:44,1,255,check-in,2026-02-10 12:11:03
550196,19733,2025-11-06 17:31:14,1,255,check-in,2026-02-10 12:11:03
550082,19734,2025-11-06 17:31:28,1,255,check-in,2026-02-10 12:11:03
550199,19735,2025-11-06 17:31:34,1,255,check-in,2026-02-10 12:11:03
550207,19736,2025-11-06 17:31:42,1,255,check-in,2026-02-10 12:11:03
000444,19737,2025-11-06 17:31:44,1,255,check-in,2026-02-10 12:11:03
000446,19738,2025-11-06 17:31:48,1,255,check-in,2026-02-10 12:11:03
550220,19739,2025-11-06 17:31:51,1,255,check-in,2026-02-10 12:11:03
550241,19740,2025-11-06 17:31:57,1,255,check-in,2026-02-10 12:11:03
550049,19741,2025-11-06 17:32:00,1,255,check-in,2026-02-10 12:11:03
550205,19742,2025-11-06 17:32:03,1,255,check-in,2026-02-10 12:11:03
550042,19743,2025-11-06 17:32:21,1,255,check-in,2026-02-10 12:11:03
550210,19744,2025-11-06 17:32:28,1,255,check-in,2026-02-10 12:11:03
550153,19745,2025-11-06 17:32:32,1,255,check-in,2026-02-10 12:11:03
550182,19746,2025-11-06 17:32:37,1,255,check-in,2026-02-10 12:11:03
550193,19747,2025-11-06 17:32:40,1,255,check-in,2026-02-10 12:11:03
550203,19748,2025-11-06 17:33:17,1,255,check-in,2026-02-10 12:11:03
550179,19749,2025-11-06 17:34:34,1,255,check-in,2026-02-10 12:11:03
550226,19750,2025-11-06 17:34:56,1,255,check-in,2026-02-10 12:11:03
550202,19751,2025-11-06 17:35:25,1,255,check-in,2026-02-10 12:11:03
660106,19752,2025-11-06 17:35:29,1,255,check-in,2026-02-10 12:11:03
000487,19753,2025-11-06 17:36:26,1,255,check-in,2026-02-10 12:11:03
550204,19754,2025-11-06 17:36:38,1,255,check-in,2026-02-10 12:11:03
474,19755,2025-11-06 17:39:50,1,255,check-in,2026-02-10 12:11:03
550201,19756,2025-11-06 17:44:14,1,255,check-in,2026-02-10 12:11:03
550201,19757,2025-11-06 17:44:15,15,255,check-in,2026-02-10 12:11:03
660038,19758,2025-11-06 17:45:58,1,255,check-in,2026-02-10 12:11:03
550185,19759,2025-11-06 17:49:02,1,255,check-in,2026-02-10 12:11:03
000447,19760,2025-11-06 17:51:55,1,255,check-in,2026-02-10 12:11:03
000447,19761,2025-11-06 17:51:58,1,255,check-in,2026-02-10 12:11:03
550044,19762,2025-11-06 17:58:53,1,255,check-in,2026-02-10 12:11:03
550204,19763,2025-11-07 06:47:55,1,255,check-in,2026-02-10 12:11:03
550241,19764,2025-11-07 07:07:03,1,255,check-in,2026-02-10 12:11:03
550241,19765,2025-11-07 07:07:10,1,255,check-in,2026-02-10 12:11:03
550153,19766,2025-11-07 07:13:57,1,255,check-in,2026-02-10 12:11:03
550179,19767,2025-11-07 07:14:54,1,255,check-in,2026-02-10 12:11:03
550209,19768,2025-11-07 07:16:36,1,255,check-in,2026-02-10 12:11:03
000444,19769,2025-11-07 07:21:53,1,255,check-in,2026-02-10 12:11:03
550044,19770,2025-11-07 07:22:10,1,255,check-in,2026-02-10 12:11:03
550185,19771,2025-11-07 07:27:48,1,255,check-in,2026-02-10 12:11:03
550185,19772,2025-11-07 07:27:50,15,255,check-in,2026-02-10 12:11:03
000446,19773,2025-11-07 07:28:58,1,255,check-in,2026-02-10 12:11:03
550196,19774,2025-11-07 07:30:48,1,255,check-in,2026-02-10 12:11:03
550201,19775,2025-11-07 07:33:49,1,255,check-in,2026-02-10 12:11:03
550193,19776,2025-11-07 07:34:25,1,255,check-in,2026-02-10 12:11:03
000447,19777,2025-11-07 07:35:16,15,255,check-in,2026-02-10 12:11:03
000447,19778,2025-11-07 07:35:19,15,255,check-in,2026-02-10 12:11:03
000447,19779,2025-11-07 07:35:21,1,255,check-in,2026-02-10 12:11:03
550202,19780,2025-11-07 07:38:55,1,255,check-in,2026-02-10 12:11:03
550042,19781,2025-11-07 07:41:14,1,255,check-in,2026-02-10 12:11:03
474,19782,2025-11-07 07:41:51,1,255,check-in,2026-02-10 12:11:03
550210,19783,2025-11-07 07:42:07,1,255,check-in,2026-02-10 12:11:03
550210,19784,2025-11-07 07:42:09,1,255,check-in,2026-02-10 12:11:03
550220,19785,2025-11-07 07:42:25,1,255,check-in,2026-02-10 12:11:03
660106,19786,2025-11-07 07:43:48,1,255,check-in,2026-02-10 12:11:03
000487,19787,2025-11-07 07:43:56,1,255,check-in,2026-02-10 12:11:03
550199,19788,2025-11-07 07:45:22,1,255,check-in,2026-02-10 12:11:03
550182,19789,2025-11-07 07:48:06,1,255,check-in,2026-02-10 12:11:03
550160,19790,2025-11-07 07:53:59,1,255,check-in,2026-02-10 12:11:03
550203,19791,2025-11-07 08:03:54,1,255,check-in,2026-02-10 12:11:03
550082,19792,2025-11-07 09:09:57,1,255,check-in,2026-02-10 12:11:03
550049,19793,2025-11-07 09:11:57,1,255,check-in,2026-02-10 12:11:03
660038,19794,2025-11-07 09:27:18,1,255,check-in,2026-02-10 12:11:03
550207,19795,2025-11-07 09:33:32,1,255,check-in,2026-02-10 12:11:03
000447,19796,2025-11-07 12:00:39,15,255,check-in,2026-02-10 12:11:03
000447,19797,2025-11-07 12:00:41,1,255,check-in,2026-02-10 12:11:03
550199,19798,2025-11-07 17:30:44,1,255,check-in,2026-02-10 12:11:03
550179,19799,2025-11-07 17:30:50,1,255,check-in,2026-02-10 12:11:03
550082,19800,2025-11-07 17:31:00,1,255,check-in,2026-02-10 12:11:03
550207,19801,2025-11-07 17:31:12,1,255,check-in,2026-02-10 12:11:03
550241,19802,2025-11-07 17:31:22,1,255,check-in,2026-02-10 12:11:03
550196,19803,2025-11-07 17:31:42,1,255,check-in,2026-02-10 12:11:03
550049,19804,2025-11-07 17:31:45,1,255,check-in,2026-02-10 12:11:03
550042,19805,2025-11-07 17:31:58,1,255,check-in,2026-02-10 12:11:03
550044,19806,2025-11-07 17:32:02,1,255,check-in,2026-02-10 12:11:03
550193,19807,2025-11-07 17:32:05,1,255,check-in,2026-02-10 12:11:03
550153,19808,2025-11-07 17:32:10,1,255,check-in,2026-02-10 12:11:03
000444,19809,2025-11-07 17:32:12,1,255,check-in,2026-02-10 12:11:03
000446,19810,2025-11-07 17:32:17,1,255,check-in,2026-02-10 12:11:03
660106,19811,2025-11-07 17:32:22,1,255,check-in,2026-02-10 12:11:03
550210,19812,2025-11-07 17:32:33,1,255,check-in,2026-02-10 12:11:03
474,19813,2025-11-07 17:32:45,1,255,check-in,2026-02-10 12:11:03
550182,19814,2025-11-07 17:32:50,1,255,check-in,2026-02-10 12:11:03
550220,19815,2025-11-07 17:33:05,1,255,check-in,2026-02-10 12:11:03
550185,19816,2025-11-07 17:33:24,1,255,check-in,2026-02-10 12:11:03
550203,19817,2025-11-07 17:33:28,1,255,check-in,2026-02-10 12:11:03
550201,19818,2025-11-07 17:34:38,15,255,check-in,2026-02-10 12:11:03
660038,19819,2025-11-07 17:34:45,1,255,check-in,2026-02-10 12:11:03
550202,19820,2025-11-07 17:34:54,1,255,check-in,2026-02-10 12:11:03
550204,19821,2025-11-07 17:35:08,1,255,check-in,2026-02-10 12:11:03
000487,19822,2025-11-07 17:39:13,1,255,check-in,2026-02-10 12:11:03
550160,19823,2025-11-07 17:45:52,1,255,check-in,2026-02-10 12:11:03
550209,19824,2025-11-07 18:03:30,1,255,check-in,2026-02-10 12:11:03
550179,19825,2025-11-08 07:26:27,1,255,check-in,2026-02-10 12:11:03
550179,19826,2025-11-08 17:01:39,15,255,check-in,2026-02-10 12:11:03
550179,19827,2025-11-08 17:01:42,1,255,check-in,2026-02-10 12:11:03
550204,19828,2025-11-10 06:44:53,1,255,check-in,2026-02-10 12:11:03
550241,19829,2025-11-10 06:55:29,1,255,check-in,2026-02-10 12:11:03
550241,19830,2025-11-10 07:04:31,1,255,check-in,2026-02-10 12:11:03
550153,19831,2025-11-10 07:13:25,1,255,check-in,2026-02-10 12:11:03
550226,19832,2025-11-10 07:18:32,1,255,check-in,2026-02-10 12:11:03
000447,19833,2025-11-10 07:21:16,15,255,check-in,2026-02-10 12:11:03
000447,19834,2025-11-10 07:21:18,1,255,check-in,2026-02-10 12:11:03
000447,19835,2025-11-10 07:21:20,1,255,check-in,2026-02-10 12:11:03
000446,19836,2025-11-10 07:22:25,1,255,check-in,2026-02-10 12:11:03
550185,19837,2025-11-10 07:23:53,1,255,check-in,2026-02-10 12:11:03
550205,19838,2025-11-10 07:25:11,1,255,check-in,2026-02-10 12:11:03
660106,19839,2025-11-10 07:25:39,1,255,check-in,2026-02-10 12:11:03
550179,19840,2025-11-10 07:26:30,1,255,check-in,2026-02-10 12:11:03
550194,19841,2025-11-10 07:27:20,1,255,check-in,2026-02-10 12:11:03
550210,19842,2025-11-10 07:28:07,1,255,check-in,2026-02-10 12:11:03
550193,19843,2025-11-10 07:28:32,1,255,check-in,2026-02-10 12:11:03
550220,19844,2025-11-10 07:29:37,1,255,check-in,2026-02-10 12:11:03
550207,19845,2025-11-10 07:30:09,1,255,check-in,2026-02-10 12:11:03
550201,19846,2025-11-10 07:30:26,1,255,check-in,2026-02-10 12:11:03
550082,19847,2025-11-10 07:30:56,1,255,check-in,2026-02-10 12:11:03
474,19848,2025-11-10 07:31:11,1,255,check-in,2026-02-10 12:11:03
550182,19849,2025-11-10 07:35:34,1,255,check-in,2026-02-10 12:11:03
550196,19850,2025-11-10 07:35:59,1,255,check-in,2026-02-10 12:11:03
550202,19851,2025-11-10 07:36:19,1,255,check-in,2026-02-10 12:11:03
550160,19852,2025-11-10 07:38:34,1,255,check-in,2026-02-10 12:11:03
550199,19853,2025-11-10 07:41:02,1,255,check-in,2026-02-10 12:11:03
550203,19854,2025-11-10 07:42:36,1,255,check-in,2026-02-10 12:11:03
550042,19855,2025-11-10 07:52:58,1,255,check-in,2026-02-10 12:11:03
660038,19856,2025-11-10 08:08:22,1,255,check-in,2026-02-10 12:11:03
550044,19857,2025-11-10 09:29:45,1,255,check-in,2026-02-10 12:11:03
000487,19858,2025-11-10 10:58:26,1,255,check-in,2026-02-10 12:11:03
550220,19859,2025-11-10 13:25:27,1,255,check-in,2026-02-10 12:11:03
550082,19860,2025-11-10 17:29:42,1,255,check-in,2026-02-10 12:11:03
550241,19861,2025-11-10 17:29:50,1,255,check-in,2026-02-10 12:11:03
000447,19862,2025-11-10 17:30:12,1,255,check-in,2026-02-10 12:11:03
000447,19863,2025-11-10 17:30:14,1,255,check-in,2026-02-10 12:11:03
550185,19864,2025-11-10 17:30:28,1,255,check-in,2026-02-10 12:11:03
550205,19865,2025-11-10 17:30:33,1,255,check-in,2026-02-10 12:11:03
550199,19866,2025-11-10 17:30:37,1,255,check-in,2026-02-10 12:11:03
000446,19867,2025-11-10 17:30:43,1,255,check-in,2026-02-10 12:11:03
550207,19868,2025-11-10 17:31:09,1,255,check-in,2026-02-10 12:11:03
550196,19869,2025-11-10 17:31:12,1,255,check-in,2026-02-10 12:11:03
550042,19870,2025-11-10 17:31:14,1,255,check-in,2026-02-10 12:11:03
550044,19871,2025-11-10 17:31:18,1,255,check-in,2026-02-10 12:11:03
550203,19872,2025-11-10 17:31:43,1,255,check-in,2026-02-10 12:11:03
550194,19873,2025-11-10 17:32:09,1,255,check-in,2026-02-10 12:11:03
474,19874,2025-11-10 17:32:17,1,255,check-in,2026-02-10 12:11:03
550210,19875,2025-11-10 17:33:16,1,255,check-in,2026-02-10 12:11:03
550182,19876,2025-11-10 17:33:20,1,255,check-in,2026-02-10 12:11:03
550204,19877,2025-11-10 17:33:31,1,255,check-in,2026-02-10 12:11:03
550226,19878,2025-11-10 17:33:38,1,255,check-in,2026-02-10 12:11:03
550153,19879,2025-11-10 17:33:50,1,255,check-in,2026-02-10 12:11:03
550193,19880,2025-11-10 17:34:23,1,255,check-in,2026-02-10 12:11:03
000487,19881,2025-11-10 17:34:45,1,255,check-in,2026-02-10 12:11:03
550179,19882,2025-11-10 17:37:06,1,255,check-in,2026-02-10 12:11:03
660106,19883,2025-11-10 17:39:19,1,255,check-in,2026-02-10 12:11:03
550201,19884,2025-11-10 17:40:06,1,255,check-in,2026-02-10 12:11:03
550201,19885,2025-11-10 17:40:07,15,255,check-in,2026-02-10 12:11:03
550160,19886,2025-11-10 17:40:18,1,255,check-in,2026-02-10 12:11:03
550202,19887,2025-11-10 17:40:23,1,255,check-in,2026-02-10 12:11:03
660038,19888,2025-11-10 17:43:33,1,255,check-in,2026-02-10 12:11:03
550209,19889,2025-11-11 06:12:51,1,255,check-in,2026-02-10 12:11:03
550204,19890,2025-11-11 06:41:31,1,255,check-in,2026-02-10 12:11:03
550241,19891,2025-11-11 06:52:14,1,255,check-in,2026-02-10 12:11:03
550153,19892,2025-11-11 07:09:56,1,255,check-in,2026-02-10 12:11:03
550226,19893,2025-11-11 07:11:00,1,255,check-in,2026-02-10 12:11:03
550226,19894,2025-11-11 07:11:02,15,255,check-in,2026-02-10 12:11:03
550179,19895,2025-11-11 07:13:18,1,255,check-in,2026-02-10 12:11:03
550203,19896,2025-11-11 07:15:37,1,255,check-in,2026-02-10 12:11:03
550196,19897,2025-11-11 07:19:30,1,255,check-in,2026-02-10 12:11:03
550193,19898,2025-11-11 07:20:16,1,255,check-in,2026-02-10 12:11:03
000446,19899,2025-11-11 07:22:38,1,255,check-in,2026-02-10 12:11:03
550185,19900,2025-11-11 07:23:18,15,255,check-in,2026-02-10 12:11:03
000447,19901,2025-11-11 07:24:55,1,255,check-in,2026-02-10 12:11:03
000447,19902,2025-11-11 07:24:58,1,255,check-in,2026-02-10 12:11:03
550044,19903,2025-11-11 07:25:02,1,255,check-in,2026-02-10 12:11:03
550201,19904,2025-11-11 07:26:22,1,255,check-in,2026-02-10 12:11:03
474,19905,2025-11-11 07:27:17,1,255,check-in,2026-02-10 12:11:03
550205,19906,2025-11-11 07:27:35,1,255,check-in,2026-02-10 12:11:03
000444,19907,2025-11-11 07:27:39,1,255,check-in,2026-02-10 12:11:03
660106,19908,2025-11-11 07:28:15,1,255,check-in,2026-02-10 12:11:03
550210,19909,2025-11-11 07:28:24,1,255,check-in,2026-02-10 12:11:03
550182,19910,2025-11-11 07:29:20,1,255,check-in,2026-02-10 12:11:03
550199,19911,2025-11-11 07:29:57,1,255,check-in,2026-02-10 12:11:03
550049,19912,2025-11-11 07:30:53,1,255,check-in,2026-02-10 12:11:03
550160,19913,2025-11-11 07:37:00,1,255,check-in,2026-02-10 12:11:03
000487,19914,2025-11-11 07:37:06,1,255,check-in,2026-02-10 12:11:03
550202,19915,2025-11-11 07:39:52,1,255,check-in,2026-02-10 12:11:03
550207,19916,2025-11-11 07:40:59,1,255,check-in,2026-02-10 12:11:03
550194,19917,2025-11-11 07:43:16,1,255,check-in,2026-02-10 12:11:03
660038,19918,2025-11-11 07:50:51,1,255,check-in,2026-02-10 12:11:03
550042,19919,2025-11-11 09:55:40,1,255,check-in,2026-02-10 12:11:03
550082,19920,2025-11-11 12:40:06,1,255,check-in,2026-02-10 12:11:03
550082,19921,2025-11-11 17:30:36,1,255,check-in,2026-02-10 12:11:03
000447,19922,2025-11-11 17:30:41,1,255,check-in,2026-02-10 12:11:03
000447,19923,2025-11-11 17:30:43,1,255,check-in,2026-02-10 12:11:03
550049,19924,2025-11-11 17:30:46,1,255,check-in,2026-02-10 12:11:03
550207,19925,2025-11-11 17:30:53,1,255,check-in,2026-02-10 12:11:03
000444,19926,2025-11-11 17:30:56,1,255,check-in,2026-02-10 12:11:03
550241,19927,2025-11-11 17:31:02,1,255,check-in,2026-02-10 12:11:03
550185,19928,2025-11-11 17:31:10,1,255,check-in,2026-02-10 12:11:03
550153,19929,2025-11-11 17:31:12,1,255,check-in,2026-02-10 12:11:03
550205,19930,2025-11-11 17:31:15,1,255,check-in,2026-02-10 12:11:03
550196,19931,2025-11-11 17:31:23,1,255,check-in,2026-02-10 12:11:03
000446,19932,2025-11-11 17:31:27,1,255,check-in,2026-02-10 12:11:03
550042,19933,2025-11-11 17:31:41,15,255,check-in,2026-02-10 12:11:03
550042,19934,2025-11-11 17:31:43,1,255,check-in,2026-02-10 12:11:03
550044,19935,2025-11-11 17:31:46,1,255,check-in,2026-02-10 12:11:03
550194,19936,2025-11-11 17:31:49,1,255,check-in,2026-02-10 12:11:03
660106,19937,2025-11-11 17:31:53,1,255,check-in,2026-02-10 12:11:03
660038,19938,2025-11-11 17:31:56,1,255,check-in,2026-02-10 12:11:03
550203,19939,2025-11-11 17:32:03,1,255,check-in,2026-02-10 12:11:03
550199,19940,2025-11-11 17:32:06,1,255,check-in,2026-02-10 12:11:03
550210,19941,2025-11-11 17:32:12,1,255,check-in,2026-02-10 12:11:03
550193,19942,2025-11-11 17:32:16,1,255,check-in,2026-02-10 12:11:03
550202,19943,2025-11-11 17:32:45,1,255,check-in,2026-02-10 12:11:03
474,19944,2025-11-11 17:32:52,1,255,check-in,2026-02-10 12:11:03
550182,19945,2025-11-11 17:32:57,1,255,check-in,2026-02-10 12:11:03
550179,19946,2025-11-11 17:35:39,1,255,check-in,2026-02-10 12:11:03
550226,19947,2025-11-11 17:37:11,1,255,check-in,2026-02-10 12:11:03
550160,19948,2025-11-11 17:40:14,1,255,check-in,2026-02-10 12:11:03
550204,19949,2025-11-11 17:41:27,1,255,check-in,2026-02-10 12:11:03
550201,19950,2025-11-11 17:44:46,15,255,check-in,2026-02-10 12:11:03
000487,19951,2025-11-11 17:51:04,1,255,check-in,2026-02-10 12:11:03
550209,19952,2025-11-11 18:28:04,1,255,check-in,2026-02-10 12:11:03
550209,19953,2025-11-12 06:13:29,1,255,check-in,2026-02-10 12:11:03
550204,19954,2025-11-12 06:45:44,15,255,check-in,2026-02-10 12:11:03
550241,19955,2025-11-12 06:54:44,1,255,check-in,2026-02-10 12:11:03
550241,19956,2025-11-12 06:54:51,1,255,check-in,2026-02-10 12:11:03
550241,19957,2025-11-12 07:02:19,15,255,check-in,2026-02-10 12:11:03
550241,19958,2025-11-12 07:02:20,1,255,check-in,2026-02-10 12:11:03
550179,19959,2025-11-12 07:08:38,1,255,check-in,2026-02-10 12:11:03
550153,19960,2025-11-12 07:10:50,1,255,check-in,2026-02-10 12:11:03
000446,19961,2025-11-12 07:11:33,1,255,check-in,2026-02-10 12:11:03
550044,19962,2025-11-12 07:14:24,1,255,check-in,2026-02-10 12:11:03
000444,19963,2025-11-12 07:18:29,1,255,check-in,2026-02-10 12:11:03
550082,19964,2025-11-12 07:19:03,1,255,check-in,2026-02-10 12:11:03
000447,19965,2025-11-12 07:20:39,1,255,check-in,2026-02-10 12:11:03
000447,19966,2025-11-12 07:20:42,1,255,check-in,2026-02-10 12:11:03
550205,19967,2025-11-12 07:21:51,1,255,check-in,2026-02-10 12:11:03
550226,19968,2025-11-12 07:21:56,1,255,check-in,2026-02-10 12:11:03
550193,19969,2025-11-12 07:22:33,1,255,check-in,2026-02-10 12:11:03
660106,19970,2025-11-12 07:22:41,1,255,check-in,2026-02-10 12:11:03
550196,19971,2025-11-12 07:22:53,1,255,check-in,2026-02-10 12:11:03
550185,19972,2025-11-12 07:24:32,1,255,check-in,2026-02-10 12:11:03
550207,19973,2025-11-12 07:24:44,1,255,check-in,2026-02-10 12:11:03
474,19974,2025-11-12 07:26:10,1,255,check-in,2026-02-10 12:11:03
550203,19975,2025-11-12 07:27:42,15,255,check-in,2026-02-10 12:11:03
550203,19976,2025-11-12 07:27:44,1,255,check-in,2026-02-10 12:11:03
550210,19977,2025-11-12 07:27:57,1,255,check-in,2026-02-10 12:11:03
550042,19978,2025-11-12 07:28:16,1,255,check-in,2026-02-10 12:11:03
550160,19979,2025-11-12 07:31:48,1,255,check-in,2026-02-10 12:11:03
550201,19980,2025-11-12 07:31:56,1,255,check-in,2026-02-10 12:11:03
550049,19981,2025-11-12 07:34:10,1,255,check-in,2026-02-10 12:11:03
000487,19982,2025-11-12 07:36:15,1,255,check-in,2026-02-10 12:11:03
550182,19983,2025-11-12 07:36:36,1,255,check-in,2026-02-10 12:11:03
550199,19984,2025-11-12 07:37:27,1,255,check-in,2026-02-10 12:11:03
550202,19985,2025-11-12 07:37:43,1,255,check-in,2026-02-10 12:11:03
660038,19986,2025-11-12 07:57:31,1,255,check-in,2026-02-10 12:11:03
660106,19987,2025-11-12 12:44:03,1,255,check-in,2026-02-10 12:11:03
660038,19988,2025-11-12 17:30:09,1,255,check-in,2026-02-10 12:11:03
000447,19989,2025-11-12 17:30:28,1,255,check-in,2026-02-10 12:11:03
000447,19990,2025-11-12 17:30:31,1,255,check-in,2026-02-10 12:11:03
550199,19991,2025-11-12 17:30:35,1,255,check-in,2026-02-10 12:11:03
550241,19992,2025-11-12 17:30:39,1,255,check-in,2026-02-10 12:11:03
550082,19993,2025-11-12 17:30:48,1,255,check-in,2026-02-10 12:11:03
550207,19994,2025-11-12 17:30:52,1,255,check-in,2026-02-10 12:11:03
550049,19995,2025-11-12 17:30:54,1,255,check-in,2026-02-10 12:11:03
550205,19996,2025-11-12 17:31:07,1,255,check-in,2026-02-10 12:11:03
550042,19997,2025-11-12 17:31:10,1,255,check-in,2026-02-10 12:11:03
550042,19998,2025-11-12 17:31:12,15,255,check-in,2026-02-10 12:11:03
000444,19999,2025-11-12 17:31:14,1,255,check-in,2026-02-10 12:11:03
550153,20000,2025-11-12 17:31:19,1,255,check-in,2026-02-10 12:11:03
550044,20001,2025-11-12 17:31:21,1,255,check-in,2026-02-10 12:11:03
550196,20002,2025-11-12 17:31:25,1,255,check-in,2026-02-10 12:11:03
550182,20003,2025-11-12 17:31:41,1,255,check-in,2026-02-10 12:11:03
474,20004,2025-11-12 17:31:46,1,255,check-in,2026-02-10 12:11:03
550204,20005,2025-11-12 17:32:02,1,255,check-in,2026-02-10 12:11:03
550226,20006,2025-11-12 17:32:23,1,255,check-in,2026-02-10 12:11:03
550185,20007,2025-11-12 17:32:35,15,255,check-in,2026-02-10 12:11:03
550202,20008,2025-11-12 17:32:45,15,255,check-in,2026-02-10 12:11:03
000446,20009,2025-11-12 17:33:13,1,255,check-in,2026-02-10 12:11:03
550203,20010,2025-11-12 17:33:22,1,255,check-in,2026-02-10 12:11:03
550179,20011,2025-11-12 17:33:47,1,255,check-in,2026-02-10 12:11:03
550201,20012,2025-11-12 17:34:04,15,255,check-in,2026-02-10 12:11:03
550201,20013,2025-11-12 17:34:06,15,255,check-in,2026-02-10 12:11:03
550210,20014,2025-11-12 17:34:19,1,255,check-in,2026-02-10 12:11:03
550160,20015,2025-11-12 17:34:46,1,255,check-in,2026-02-10 12:11:03
550193,20016,2025-11-12 17:37:00,1,255,check-in,2026-02-10 12:11:03
000487,20017,2025-11-12 17:38:09,1,255,check-in,2026-02-10 12:11:03
550209,20018,2025-11-12 18:02:28,1,255,check-in,2026-02-10 12:11:03
550209,20019,2025-11-13 05:52:31,1,255,check-in,2026-02-10 12:11:03
550241,20020,2025-11-13 06:43:54,15,255,check-in,2026-02-10 12:11:03
550241,20021,2025-11-13 06:44:00,1,255,check-in,2026-02-10 12:11:03
550204,20022,2025-11-13 06:58:32,1,255,check-in,2026-02-10 12:11:03
550153,20023,2025-11-13 07:12:07,1,255,check-in,2026-02-10 12:11:03
550226,20024,2025-11-13 07:15:32,1,255,check-in,2026-02-10 12:11:03
550179,20025,2025-11-13 07:19:04,1,255,check-in,2026-02-10 12:11:03
550203,20026,2025-11-13 07:20:49,15,255,check-in,2026-02-10 12:11:03
000447,20027,2025-11-13 07:23:01,15,255,check-in,2026-02-10 12:11:03
000447,20028,2025-11-13 07:23:03,15,255,check-in,2026-02-10 12:11:03
000444,20029,2025-11-13 07:23:30,1,255,check-in,2026-02-10 12:11:03
550201,20030,2025-11-13 07:23:39,15,255,check-in,2026-02-10 12:11:03
550082,20031,2025-11-13 07:24:29,1,255,check-in,2026-02-10 12:11:03
550210,20032,2025-11-13 07:26:13,1,255,check-in,2026-02-10 12:11:03
550205,20033,2025-11-13 07:26:52,1,255,check-in,2026-02-10 12:11:03
550182,20034,2025-11-13 07:27:15,1,255,check-in,2026-02-10 12:11:03
550193,20035,2025-11-13 07:27:26,1,255,check-in,2026-02-10 12:11:03
550044,20036,2025-11-13 07:28:46,1,255,check-in,2026-02-10 12:11:03
550207,20037,2025-11-13 07:28:49,1,255,check-in,2026-02-10 12:11:03
550196,20038,2025-11-13 07:31:01,1,255,check-in,2026-02-10 12:11:03
550049,20039,2025-11-13 07:32:27,1,255,check-in,2026-02-10 12:11:03
550199,20040,2025-11-13 07:33:54,1,255,check-in,2026-02-10 12:11:03
550042,20041,2025-11-13 07:34:17,1,255,check-in,2026-02-10 12:11:03
550160,20042,2025-11-13 07:34:37,1,255,check-in,2026-02-10 12:11:03
000487,20043,2025-11-13 07:35:23,1,255,check-in,2026-02-10 12:11:03
474,20044,2025-11-13 07:35:43,1,255,check-in,2026-02-10 12:11:03
550202,20045,2025-11-13 07:37:34,1,255,check-in,2026-02-10 12:11:03
660038,20046,2025-11-13 07:54:47,1,255,check-in,2026-02-10 12:11:03
550205,20047,2025-11-13 15:32:38,1,255,check-in,2026-02-10 12:11:03
550241,20048,2025-11-13 17:31:03,1,255,check-in,2026-02-10 12:11:03
550241,20049,2025-11-13 17:31:09,1,255,check-in,2026-02-10 12:11:03
550042,20050,2025-11-13 17:31:15,15,255,check-in,2026-02-10 12:11:03
550207,20051,2025-11-13 17:31:18,1,255,check-in,2026-02-10 12:11:03
550049,20052,2025-11-13 17:31:38,1,255,check-in,2026-02-10 12:11:03
550082,20053,2025-11-13 17:31:42,1,255,check-in,2026-02-10 12:11:03
000444,20054,2025-11-13 17:31:45,1,255,check-in,2026-02-10 12:11:03
000447,20055,2025-11-13 17:31:57,15,255,check-in,2026-02-10 12:11:03
550044,20056,2025-11-13 17:32:02,1,255,check-in,2026-02-10 12:11:03
550153,20057,2025-11-13 17:32:22,1,255,check-in,2026-02-10 12:11:03
550185,20058,2025-11-13 17:32:35,15,255,check-in,2026-02-10 12:11:03
550199,20059,2025-11-13 17:32:46,1,255,check-in,2026-02-10 12:11:03
550226,20060,2025-11-13 17:32:59,1,255,check-in,2026-02-10 12:11:03
550185,20061,2025-11-13 17:33:03,15,255,check-in,2026-02-10 12:11:03
550185,20062,2025-11-13 17:33:05,15,255,check-in,2026-02-10 12:11:03
550196,20063,2025-11-13 17:33:39,1,255,check-in,2026-02-10 12:11:03
474,20064,2025-11-13 17:33:47,1,255,check-in,2026-02-10 12:11:03
550179,20065,2025-11-13 17:34:34,1,255,check-in,2026-02-10 12:11:03
550182,20066,2025-11-13 17:34:55,1,255,check-in,2026-02-10 12:11:03
550203,20067,2025-11-13 17:35:01,1,255,check-in,2026-02-10 12:11:03
550202,20068,2025-11-13 17:35:35,1,255,check-in,2026-02-10 12:11:03
550204,20069,2025-11-13 17:35:45,1,255,check-in,2026-02-10 12:11:03
550210,20070,2025-11-13 17:35:55,1,255,check-in,2026-02-10 12:11:03
550201,20071,2025-11-13 17:40:24,15,255,check-in,2026-02-10 12:11:03
000487,20072,2025-11-13 17:45:21,1,255,check-in,2026-02-10 12:11:03
550160,20073,2025-11-13 17:45:52,1,255,check-in,2026-02-10 12:11:03
660038,20074,2025-11-13 17:48:03,15,255,check-in,2026-02-10 12:11:03
660038,20075,2025-11-13 17:48:05,15,255,check-in,2026-02-10 12:11:03
550193,20076,2025-11-13 17:56:43,1,255,check-in,2026-02-10 12:11:03
550209,20077,2025-11-13 18:36:59,1,255,check-in,2026-02-10 12:11:03
550209,20078,2025-11-14 06:22:31,1,255,check-in,2026-02-10 12:11:03
550241,20079,2025-11-14 06:43:56,1,255,check-in,2026-02-10 12:11:03
550241,20080,2025-11-14 06:44:01,15,255,check-in,2026-02-10 12:11:03
550204,20081,2025-11-14 06:44:26,1,255,check-in,2026-02-10 12:11:03
550153,20082,2025-11-14 07:09:56,1,255,check-in,2026-02-10 12:11:03
550193,20083,2025-11-14 07:17:27,1,255,check-in,2026-02-10 12:11:03
000444,20084,2025-11-14 07:17:39,1,255,check-in,2026-02-10 12:11:03
550179,20085,2025-11-14 07:18:47,1,255,check-in,2026-02-10 12:11:03
550044,20086,2025-11-14 07:20:05,1,255,check-in,2026-02-10 12:11:03
550185,20087,2025-11-14 07:20:17,1,255,check-in,2026-02-10 12:11:03
550226,20088,2025-11-14 07:21:22,1,255,check-in,2026-02-10 12:11:03
550205,20089,2025-11-14 07:22:36,1,255,check-in,2026-02-10 12:11:03
474,20090,2025-11-14 07:22:40,15,255,check-in,2026-02-10 12:11:03
474,20091,2025-11-14 07:22:42,1,255,check-in,2026-02-10 12:11:03
660106,20092,2025-11-14 07:22:58,1,255,check-in,2026-02-10 12:11:03
550082,20093,2025-11-14 07:26:17,1,255,check-in,2026-02-10 12:11:03
550049,20094,2025-11-14 07:26:22,1,255,check-in,2026-02-10 12:11:03
550210,20095,2025-11-14 07:26:54,1,255,check-in,2026-02-10 12:11:03
550207,20096,2025-11-14 07:27:05,1,255,check-in,2026-02-10 12:11:03
000447,20097,2025-11-14 07:29:10,15,255,check-in,2026-02-10 12:11:03
000447,20098,2025-11-14 07:29:12,15,255,check-in,2026-02-10 12:11:03
000447,20099,2025-11-14 07:29:14,1,255,check-in,2026-02-10 12:11:03
550182,20100,2025-11-14 07:29:47,1,255,check-in,2026-02-10 12:11:03
550203,20101,2025-11-14 07:29:53,1,255,check-in,2026-02-10 12:11:03
550196,20102,2025-11-14 07:30:45,1,255,check-in,2026-02-10 12:11:03
550202,20103,2025-11-14 07:31:42,1,255,check-in,2026-02-10 12:11:03
550042,20104,2025-11-14 07:33:14,1,255,check-in,2026-02-10 12:11:03
550199,20105,2025-11-14 07:33:39,1,255,check-in,2026-02-10 12:11:03
550160,20106,2025-11-14 07:35:02,1,255,check-in,2026-02-10 12:11:03
550194,20107,2025-11-14 07:38:25,1,255,check-in,2026-02-10 12:11:03
550201,20108,2025-11-14 07:38:41,1,255,check-in,2026-02-10 12:11:03
660038,20109,2025-11-14 07:39:32,1,255,check-in,2026-02-10 12:11:03
000487,20110,2025-11-14 07:39:51,1,255,check-in,2026-02-10 12:11:03
000446,20111,2025-11-14 09:27:07,1,255,check-in,2026-02-10 12:11:03
550193,20112,2025-11-14 15:29:22,1,255,check-in,2026-02-10 12:11:03
550202,20113,2025-11-14 15:30:34,1,255,check-in,2026-02-10 12:11:03
550209,20114,2025-11-14 15:32:18,1,255,check-in,2026-02-10 12:11:03
550082,20115,2025-11-14 17:31:23,1,255,check-in,2026-02-10 12:11:03
000447,20116,2025-11-14 17:31:28,1,255,check-in,2026-02-10 12:11:03
000447,20117,2025-11-14 17:31:30,1,255,check-in,2026-02-10 12:11:03
550205,20118,2025-11-14 17:31:34,1,255,check-in,2026-02-10 12:11:03
550196,20119,2025-11-14 17:31:41,15,255,check-in,2026-02-10 12:11:03
550199,20120,2025-11-14 17:31:54,1,255,check-in,2026-02-10 12:11:03
550196,20121,2025-11-14 17:32:05,1,255,check-in,2026-02-10 12:11:03
550042,20122,2025-11-14 17:32:09,1,255,check-in,2026-02-10 12:11:03
550207,20123,2025-11-14 17:33:48,1,255,check-in,2026-02-10 12:11:03
660106,20124,2025-11-14 17:35:27,1,255,check-in,2026-02-10 12:11:03
550226,20125,2025-11-14 17:35:47,1,255,check-in,2026-02-10 12:11:03
550185,20126,2025-11-14 17:35:53,15,255,check-in,2026-02-10 12:11:03
550226,20127,2025-11-14 17:35:58,1,255,check-in,2026-02-10 12:11:03
550179,20128,2025-11-14 17:36:56,1,255,check-in,2026-02-10 12:11:03
000446,20129,2025-11-14 17:37:40,1,255,check-in,2026-02-10 12:11:03
550194,20130,2025-11-14 17:37:43,1,255,check-in,2026-02-10 12:11:03
550204,20131,2025-11-14 17:38:31,1,255,check-in,2026-02-10 12:11:03
550182,20132,2025-11-14 17:39:01,1,255,check-in,2026-02-10 12:11:03
550153,20133,2025-11-14 17:39:16,1,255,check-in,2026-02-10 12:11:03
474,20134,2025-11-14 17:39:24,1,255,check-in,2026-02-10 12:11:03
474,20135,2025-11-14 17:39:50,1,255,check-in,2026-02-10 12:11:03
550049,20136,2025-11-14 17:45:13,1,255,check-in,2026-02-10 12:11:03
660038,20137,2025-11-14 17:47:05,1,255,check-in,2026-02-10 12:11:03
550210,20138,2025-11-14 17:47:40,1,255,check-in,2026-02-10 12:11:03
000487,20139,2025-11-14 17:49:02,1,255,check-in,2026-02-10 12:11:03
550241,20140,2025-11-14 17:50:20,1,255,check-in,2026-02-10 12:11:03
550044,20141,2025-11-14 17:51:15,1,255,check-in,2026-02-10 12:11:03
550201,20142,2025-11-14 17:51:59,1,255,check-in,2026-02-10 12:11:03
550203,20143,2025-11-14 18:08:00,1,255,check-in,2026-02-10 12:11:03
550044,20144,2025-11-16 08:30:20,1,255,check-in,2026-02-10 12:11:03
000447,20145,2025-11-16 08:30:24,1,255,check-in,2026-02-10 12:11:03
000447,20146,2025-11-16 12:08:43,1,255,check-in,2026-02-10 12:11:03
550204,20147,2025-11-17 06:39:33,1,255,check-in,2026-02-10 12:11:03
550241,20148,2025-11-17 06:58:10,1,255,check-in,2026-02-10 12:11:03
550153,20149,2025-11-17 07:10:42,1,255,check-in,2026-02-10 12:11:03
550226,20150,2025-11-17 07:15:46,1,255,check-in,2026-02-10 12:11:03
000446,20151,2025-11-17 07:17:12,1,255,check-in,2026-02-10 12:11:03
550179,20152,2025-11-17 07:17:46,1,255,check-in,2026-02-10 12:11:03
550199,20153,2025-11-17 07:20:53,1,255,check-in,2026-02-10 12:11:03
550220,20154,2025-11-17 07:22:56,1,255,check-in,2026-02-10 12:11:03
000444,20155,2025-11-17 07:23:03,1,255,check-in,2026-02-10 12:11:03
550196,20156,2025-11-17 07:23:19,1,255,check-in,2026-02-10 12:11:03
660106,20157,2025-11-17 07:23:26,1,255,check-in,2026-02-10 12:11:03
550185,20158,2025-11-17 07:23:34,1,255,check-in,2026-02-10 12:11:03
000447,20159,2025-11-17 07:26:29,15,255,check-in,2026-02-10 12:11:03
000447,20160,2025-11-17 07:26:31,15,255,check-in,2026-02-10 12:11:03
550082,20161,2025-11-17 07:26:36,1,255,check-in,2026-02-10 12:11:03
550203,20162,2025-11-17 07:26:44,1,255,check-in,2026-02-10 12:11:03
550182,20163,2025-11-17 07:29:57,1,255,check-in,2026-02-10 12:11:03
550210,20164,2025-11-17 07:30:05,1,255,check-in,2026-02-10 12:11:03
550049,20165,2025-11-17 07:30:54,1,255,check-in,2026-02-10 12:11:03
550201,20166,2025-11-17 07:31:00,15,255,check-in,2026-02-10 12:11:03
550201,20167,2025-11-17 07:31:11,15,255,check-in,2026-02-10 12:11:03
550201,20168,2025-11-17 07:31:13,15,255,check-in,2026-02-10 12:11:03
550207,20169,2025-11-17 07:31:18,1,255,check-in,2026-02-10 12:11:03
550042,20170,2025-11-17 07:32:52,1,255,check-in,2026-02-10 12:11:03
474,20171,2025-11-17 07:35:10,15,255,check-in,2026-02-10 12:11:03
550194,20172,2025-11-17 07:35:34,1,255,check-in,2026-02-10 12:11:03
000487,20173,2025-11-17 07:37:34,1,255,check-in,2026-02-10 12:11:03
550160,20174,2025-11-17 07:41:45,1,255,check-in,2026-02-10 12:11:03
550209,20175,2025-11-17 07:44:42,1,255,check-in,2026-02-10 12:11:03
550044,20176,2025-11-17 08:53:32,1,255,check-in,2026-02-10 12:11:03
550241,20177,2025-11-17 17:30:43,1,255,check-in,2026-02-10 12:11:03
000447,20178,2025-11-17 17:30:51,1,255,check-in,2026-02-10 12:11:03
000447,20179,2025-11-17 17:30:53,1,255,check-in,2026-02-10 12:11:03
550241,20180,2025-11-17 17:30:59,1,255,check-in,2026-02-10 12:11:03
550082,20181,2025-11-17 17:31:09,1,255,check-in,2026-02-10 12:11:03
550199,20182,2025-11-17 17:31:18,1,255,check-in,2026-02-10 12:11:03
550185,20183,2025-11-17 17:31:23,1,255,check-in,2026-02-10 12:11:03
550207,20184,2025-11-17 17:31:25,1,255,check-in,2026-02-10 12:11:03
550196,20185,2025-11-17 17:31:29,1,255,check-in,2026-02-10 12:11:03
000444,20186,2025-11-17 17:31:32,1,255,check-in,2026-02-10 12:11:03
550049,20187,2025-11-17 17:31:35,1,255,check-in,2026-02-10 12:11:03
550044,20188,2025-11-17 17:31:38,1,255,check-in,2026-02-10 12:11:03
550153,20189,2025-11-17 17:31:44,1,255,check-in,2026-02-10 12:11:03
550210,20190,2025-11-17 17:31:51,1,255,check-in,2026-02-10 12:11:03
660106,20191,2025-11-17 17:31:59,1,255,check-in,2026-02-10 12:11:03
550042,20192,2025-11-17 17:32:02,1,255,check-in,2026-02-10 12:11:03
000446,20193,2025-11-17 17:32:05,1,255,check-in,2026-02-10 12:11:03
550204,20194,2025-11-17 17:32:10,1,255,check-in,2026-02-10 12:11:03
550194,20195,2025-11-17 17:32:13,1,255,check-in,2026-02-10 12:11:03
550220,20196,2025-11-17 17:32:19,1,255,check-in,2026-02-10 12:11:03
550182,20197,2025-11-17 17:32:50,1,255,check-in,2026-02-10 12:11:03
550182,20198,2025-11-17 17:32:51,15,255,check-in,2026-02-10 12:11:03
474,20199,2025-11-17 17:33:03,1,255,check-in,2026-02-10 12:11:03
550203,20200,2025-11-17 17:33:28,1,255,check-in,2026-02-10 12:11:03
550226,20201,2025-11-17 17:33:46,1,255,check-in,2026-02-10 12:11:03
550179,20202,2025-11-17 17:35:18,1,255,check-in,2026-02-10 12:11:03
550201,20203,2025-11-17 17:35:58,1,255,check-in,2026-02-10 12:11:03
550160,20204,2025-11-17 17:38:41,1,255,check-in,2026-02-10 12:11:03
000487,20205,2025-11-17 17:44:20,1,255,check-in,2026-02-10 12:11:03
550209,20206,2025-11-17 18:25:58,1,255,check-in,2026-02-10 12:11:03
550241,20207,2025-11-18 06:40:02,1,255,check-in,2026-02-10 12:11:03
550204,20208,2025-11-18 06:44:16,1,255,check-in,2026-02-10 12:11:03
550209,20209,2025-11-18 07:06:21,1,255,check-in,2026-02-10 12:11:03
550044,20210,2025-11-18 07:11:23,1,255,check-in,2026-02-10 12:11:03
550153,20211,2025-11-18 07:12:33,1,255,check-in,2026-02-10 12:11:03
550232,20212,2025-11-18 07:14:12,1,255,check-in,2026-02-10 12:11:03
550185,20213,2025-11-18 07:14:30,1,255,check-in,2026-02-10 12:11:03
550203,20214,2025-11-18 07:16:21,1,255,check-in,2026-02-10 12:11:03
550179,20215,2025-11-18 07:17:27,1,255,check-in,2026-02-10 12:11:03
550082,20216,2025-11-18 07:20:05,1,255,check-in,2026-02-10 12:11:03
000447,20217,2025-11-18 07:21:16,15,255,check-in,2026-02-10 12:11:03
000447,20218,2025-11-18 07:21:18,1,255,check-in,2026-02-10 12:11:03
550226,20219,2025-11-18 07:22:26,1,255,check-in,2026-02-10 12:11:03
550196,20220,2025-11-18 07:22:44,1,255,check-in,2026-02-10 12:11:03
550205,20221,2025-11-18 07:22:51,1,255,check-in,2026-02-10 12:11:03
000444,20222,2025-11-18 07:22:55,1,255,check-in,2026-02-10 12:11:03
550201,20223,2025-11-18 07:23:12,1,255,check-in,2026-02-10 12:11:03
550193,20224,2025-11-18 07:24:37,1,255,check-in,2026-02-10 12:11:03
660106,20225,2025-11-18 07:25:55,1,255,check-in,2026-02-10 12:11:03
660038,20226,2025-11-18 07:26:26,1,255,check-in,2026-02-10 12:11:03
550207,20227,2025-11-18 07:26:39,1,255,check-in,2026-02-10 12:11:03
550220,20228,2025-11-18 07:27:29,1,255,check-in,2026-02-10 12:11:03
000446,20229,2025-11-18 07:27:41,1,255,check-in,2026-02-10 12:11:03
550049,20230,2025-11-18 07:28:05,1,255,check-in,2026-02-10 12:11:03
550042,20231,2025-11-18 07:30:40,1,255,check-in,2026-02-10 12:11:03
550182,20232,2025-11-18 07:30:47,1,255,check-in,2026-02-10 12:11:03
550210,20233,2025-11-18 07:30:54,1,255,check-in,2026-02-10 12:11:03
474,20234,2025-11-18 07:33:02,1,255,check-in,2026-02-10 12:11:03
474,20235,2025-11-18 07:33:17,15,255,check-in,2026-02-10 12:11:03
474,20236,2025-11-18 07:33:18,1,255,check-in,2026-02-10 12:11:03
000487,20237,2025-11-18 07:33:43,1,255,check-in,2026-02-10 12:11:03
550202,20238,2025-11-18 07:35:01,1,255,check-in,2026-02-10 12:11:03
550199,20239,2025-11-18 07:40:51,1,255,check-in,2026-02-10 12:11:03
550194,20240,2025-11-18 07:41:42,1,255,check-in,2026-02-10 12:11:03
550160,20241,2025-11-18 12:34:14,1,255,check-in,2026-02-10 12:11:03
550220,20242,2025-11-18 15:26:42,1,255,check-in,2026-02-10 12:11:03
000447,20243,2025-11-18 17:29:49,1,255,check-in,2026-02-10 12:11:03
000447,20244,2025-11-18 17:29:51,1,255,check-in,2026-02-10 12:11:03
550241,20245,2025-11-18 17:30:03,15,255,check-in,2026-02-10 12:11:03
550241,20246,2025-11-18 17:30:05,1,255,check-in,2026-02-10 12:11:03
550082,20247,2025-11-18 17:30:09,1,255,check-in,2026-02-10 12:11:03
550185,20248,2025-11-18 17:30:17,1,255,check-in,2026-02-10 12:11:03
550205,20249,2025-11-18 17:30:26,1,255,check-in,2026-02-10 12:11:03
000444,20250,2025-11-18 17:30:28,1,255,check-in,2026-02-10 12:11:03
550207,20251,2025-11-18 17:30:40,1,255,check-in,2026-02-10 12:11:03
000446,20252,2025-11-18 17:30:42,1,255,check-in,2026-02-10 12:11:03
550153,20253,2025-11-18 17:30:47,1,255,check-in,2026-02-10 12:11:03
550049,20254,2025-11-18 17:30:50,1,255,check-in,2026-02-10 12:11:03
550199,20255,2025-11-18 17:30:54,1,255,check-in,2026-02-10 12:11:03
550196,20256,2025-11-18 17:31:08,1,255,check-in,2026-02-10 12:11:03
550042,20257,2025-11-18 17:31:14,15,255,check-in,2026-02-10 12:11:03
550232,20258,2025-11-18 17:31:18,1,255,check-in,2026-02-10 12:11:03
550042,20259,2025-11-18 17:31:22,1,255,check-in,2026-02-10 12:11:03
550194,20260,2025-11-18 17:31:34,1,255,check-in,2026-02-10 12:11:03
474,20261,2025-11-18 17:32:20,1,255,check-in,2026-02-10 12:11:03
550210,20262,2025-11-18 17:32:58,1,255,check-in,2026-02-10 12:11:03
550182,20263,2025-11-18 17:33:02,1,255,check-in,2026-02-10 12:11:03
550226,20264,2025-11-18 17:33:07,1,255,check-in,2026-02-10 12:11:03
550202,20265,2025-11-18 17:33:12,15,255,check-in,2026-02-10 12:11:03
550202,20266,2025-11-18 17:33:14,15,255,check-in,2026-02-10 12:11:03
660106,20267,2025-11-18 17:33:37,1,255,check-in,2026-02-10 12:11:03
660038,20268,2025-11-18 17:34:32,1,255,check-in,2026-02-10 12:11:03
550193,20269,2025-11-18 17:34:37,1,255,check-in,2026-02-10 12:11:03
550203,20270,2025-11-18 17:34:46,1,255,check-in,2026-02-10 12:11:03
550204,20271,2025-11-18 17:34:55,1,255,check-in,2026-02-10 12:11:03
550179,20272,2025-11-18 17:35:42,1,255,check-in,2026-02-10 12:11:03
550044,20273,2025-11-18 17:35:45,1,255,check-in,2026-02-10 12:11:03
550201,20274,2025-11-18 17:36:46,1,255,check-in,2026-02-10 12:11:03
550201,20275,2025-11-18 17:36:48,15,255,check-in,2026-02-10 12:11:03
550160,20276,2025-11-18 17:41:06,1,255,check-in,2026-02-10 12:11:03
000487,20277,2025-11-18 17:45:55,1,255,check-in,2026-02-10 12:11:03
550209,20278,2025-11-18 18:11:57,1,255,check-in,2026-02-10 12:11:03
000447,20279,2025-11-18 19:02:54,15,255,check-in,2026-02-10 12:11:03
550044,20280,2025-11-19 06:46:56,1,255,check-in,2026-02-10 12:11:03
550204,20281,2025-11-19 06:49:08,1,255,check-in,2026-02-10 12:11:03
550241,20282,2025-11-19 07:00:40,1,255,check-in,2026-02-10 12:11:03
550179,20283,2025-11-19 07:14:14,15,255,check-in,2026-02-10 12:11:03
550153,20284,2025-11-19 07:14:26,1,255,check-in,2026-02-10 12:11:03
550232,20285,2025-11-19 07:14:40,15,255,check-in,2026-02-10 12:11:03
550232,20286,2025-11-19 07:14:42,1,255,check-in,2026-02-10 12:11:03
550232,20287,2025-11-19 07:14:43,15,255,check-in,2026-02-10 12:11:03
000446,20288,2025-11-19 07:15:20,1,255,check-in,2026-02-10 12:11:03
550209,20289,2025-11-19 07:18:11,1,255,check-in,2026-02-10 12:11:03
550226,20290,2025-11-19 07:18:27,1,255,check-in,2026-02-10 12:11:03
550185,20291,2025-11-19 07:19:30,1,255,check-in,2026-02-10 12:11:03
550193,20292,2025-11-19 07:20:32,1,255,check-in,2026-02-10 12:11:03
550205,20293,2025-11-19 07:21:53,1,255,check-in,2026-02-10 12:11:03
000444,20294,2025-11-19 07:22:06,1,255,check-in,2026-02-10 12:11:03
550196,20295,2025-11-19 07:22:13,1,255,check-in,2026-02-10 12:11:03
000447,20296,2025-11-19 07:22:33,15,255,check-in,2026-02-10 12:11:03
000447,20297,2025-11-19 07:22:37,15,255,check-in,2026-02-10 12:11:03
550203,20298,2025-11-19 07:23:40,1,255,check-in,2026-02-10 12:11:03
550082,20299,2025-11-19 07:23:57,1,255,check-in,2026-02-10 12:11:03
550201,20300,2025-11-19 07:24:04,1,255,check-in,2026-02-10 12:11:03
550207,20301,2025-11-19 07:25:49,1,255,check-in,2026-02-10 12:11:03
550182,20302,2025-11-19 07:26:18,1,255,check-in,2026-02-10 12:11:03
550220,20303,2025-11-19 07:27:05,1,255,check-in,2026-02-10 12:11:03
660106,20304,2025-11-19 07:27:52,1,255,check-in,2026-02-10 12:11:03
550199,20305,2025-11-19 07:28:22,1,255,check-in,2026-02-10 12:11:03
550210,20306,2025-11-19 07:29:36,1,255,check-in,2026-02-10 12:11:03
550049,20307,2025-11-19 07:31:26,1,255,check-in,2026-02-10 12:11:03
550042,20308,2025-11-19 07:34:14,1,255,check-in,2026-02-10 12:11:03
550160,20309,2025-11-19 07:34:18,1,255,check-in,2026-02-10 12:11:03
550202,20310,2025-11-19 07:35:21,1,255,check-in,2026-02-10 12:11:03
000487,20311,2025-11-19 07:35:34,1,255,check-in,2026-02-10 12:11:03
474,20312,2025-11-19 07:36:09,1,255,check-in,2026-02-10 12:11:03
660038,20313,2025-11-19 07:58:06,1,255,check-in,2026-02-10 12:11:03
550194,20314,2025-11-19 08:06:05,1,255,check-in,2026-02-10 12:11:03
550241,20315,2025-11-19 17:30:05,1,255,check-in,2026-02-10 12:11:03
550049,20316,2025-11-19 17:30:22,1,255,check-in,2026-02-10 12:11:03
550205,20317,2025-11-19 17:30:31,1,255,check-in,2026-02-10 12:11:03
550199,20318,2025-11-19 17:30:36,1,255,check-in,2026-02-10 12:11:03
550196,20319,2025-11-19 17:30:49,1,255,check-in,2026-02-10 12:11:03
000444,20320,2025-11-19 17:31:03,1,255,check-in,2026-02-10 12:11:03
550042,20321,2025-11-19 17:31:12,1,255,check-in,2026-02-10 12:11:03
550153,20322,2025-11-19 17:31:15,1,255,check-in,2026-02-10 12:11:03
550185,20323,2025-11-19 17:31:23,15,255,check-in,2026-02-10 12:11:03
550044,20324,2025-11-19 17:31:25,1,255,check-in,2026-02-10 12:11:03
550044,20325,2025-11-19 17:31:30,1,255,check-in,2026-02-10 12:11:03
660038,20326,2025-11-19 17:31:40,1,255,check-in,2026-02-10 12:11:03
550194,20327,2025-11-19 17:31:54,1,255,check-in,2026-02-10 12:11:03
000447,20328,2025-11-19 17:32:07,1,255,check-in,2026-02-10 12:11:03
000446,20329,2025-11-19 17:32:43,1,255,check-in,2026-02-10 12:11:03
550182,20330,2025-11-19 17:32:47,1,255,check-in,2026-02-10 12:11:03
550220,20331,2025-11-19 17:33:20,1,255,check-in,2026-02-10 12:11:03
660106,20332,2025-11-19 17:33:30,1,255,check-in,2026-02-10 12:11:03
550232,20333,2025-11-19 17:33:34,15,255,check-in,2026-02-10 12:11:03
550232,20334,2025-11-19 17:33:36,1,255,check-in,2026-02-10 12:11:03
550203,20335,2025-11-19 17:33:41,1,255,check-in,2026-02-10 12:11:03
550232,20336,2025-11-19 17:33:48,15,255,check-in,2026-02-10 12:11:03
550232,20337,2025-11-19 17:34:04,15,255,check-in,2026-02-10 12:11:03
550210,20338,2025-11-19 17:34:14,1,255,check-in,2026-02-10 12:11:03
550202,20339,2025-11-19 17:35:01,15,255,check-in,2026-02-10 12:11:03
550202,20340,2025-11-19 17:35:03,15,255,check-in,2026-02-10 12:11:03
550179,20341,2025-11-19 17:35:23,1,255,check-in,2026-02-10 12:11:03
550204,20342,2025-11-19 17:35:45,1,255,check-in,2026-02-10 12:11:03
550201,20343,2025-11-19 17:35:50,15,255,check-in,2026-02-10 12:11:03
550201,20344,2025-11-19 17:35:52,15,255,check-in,2026-02-10 12:11:03
550201,20345,2025-11-19 17:35:54,15,255,check-in,2026-02-10 12:11:03
550193,20346,2025-11-19 17:36:37,1,255,check-in,2026-02-10 12:11:03
000487,20347,2025-11-19 17:41:24,1,255,check-in,2026-02-10 12:11:03
550160,20348,2025-11-19 17:48:32,1,255,check-in,2026-02-10 12:11:03
550082,20349,2025-11-19 18:33:05,1,255,check-in,2026-02-10 12:11:03
550207,20350,2025-11-19 18:33:14,1,255,check-in,2026-02-10 12:11:03
550226,20351,2025-11-19 18:33:19,1,255,check-in,2026-02-10 12:11:03
474,20352,2025-11-19 18:33:58,1,255,check-in,2026-02-10 12:11:03
550209,20353,2025-11-19 19:32:38,15,255,check-in,2026-02-10 12:11:03
550209,20354,2025-11-19 19:32:40,15,255,check-in,2026-02-10 12:11:03
550209,20355,2025-11-20 06:11:54,1,255,check-in,2026-02-10 12:11:03
550204,20356,2025-11-20 06:39:42,1,255,check-in,2026-02-10 12:11:03
550241,20357,2025-11-20 06:44:15,1,255,check-in,2026-02-10 12:11:03
550201,20358,2025-11-20 07:10:18,15,255,check-in,2026-02-10 12:11:03
550153,20359,2025-11-20 07:10:37,1,255,check-in,2026-02-10 12:11:03
550044,20360,2025-11-20 07:12:47,1,255,check-in,2026-02-10 12:11:03
550232,20361,2025-11-20 07:15:08,1,255,check-in,2026-02-10 12:11:03
550199,20362,2025-11-20 07:17:19,1,255,check-in,2026-02-10 12:11:03
550226,20363,2025-11-20 07:17:26,1,255,check-in,2026-02-10 12:11:03
550185,20364,2025-11-20 07:19:54,1,255,check-in,2026-02-10 12:11:03
000446,20365,2025-11-20 07:20:03,1,255,check-in,2026-02-10 12:11:03
550203,20366,2025-11-20 07:20:50,1,255,check-in,2026-02-10 12:11:03
550179,20367,2025-11-20 07:21:16,1,255,check-in,2026-02-10 12:11:03
474,20368,2025-11-20 07:22:10,1,255,check-in,2026-02-10 12:11:03
550193,20369,2025-11-20 07:22:32,1,255,check-in,2026-02-10 12:11:03
000444,20370,2025-11-20 07:23:03,1,255,check-in,2026-02-10 12:11:03
550205,20371,2025-11-20 07:23:08,1,255,check-in,2026-02-10 12:11:03
550082,20372,2025-11-20 07:23:55,15,255,check-in,2026-02-10 12:11:03
550210,20373,2025-11-20 07:24:55,1,255,check-in,2026-02-10 12:11:03
550049,20374,2025-11-20 07:24:58,1,255,check-in,2026-02-10 12:11:03
550194,20375,2025-11-20 07:25:02,1,255,check-in,2026-02-10 12:11:03
660106,20376,2025-11-20 07:27:15,1,255,check-in,2026-02-10 12:11:03
550207,20377,2025-11-20 07:27:22,1,255,check-in,2026-02-10 12:11:03
550182,20378,2025-11-20 07:30:03,1,255,check-in,2026-02-10 12:11:03
000447,20379,2025-11-20 07:30:17,15,255,check-in,2026-02-10 12:11:03
000447,20380,2025-11-20 07:30:20,1,255,check-in,2026-02-10 12:11:03
550042,20381,2025-11-20 07:34:14,1,255,check-in,2026-02-10 12:11:03
550202,20382,2025-11-20 07:34:34,1,255,check-in,2026-02-10 12:11:03
550220,20383,2025-11-20 07:37:44,1,255,check-in,2026-02-10 12:11:03
000487,20384,2025-11-20 07:39:31,1,255,check-in,2026-02-10 12:11:03
550160,20385,2025-11-20 07:52:16,1,255,check-in,2026-02-10 12:11:03
660038,20386,2025-11-20 08:01:01,1,255,check-in,2026-02-10 12:11:03
550196,20387,2025-11-20 12:10:14,1,255,check-in,2026-02-10 12:11:03
000447,20388,2025-11-20 17:30:36,1,255,check-in,2026-02-10 12:11:03
000447,20389,2025-11-20 17:30:38,1,255,check-in,2026-02-10 12:11:03
550241,20390,2025-11-20 17:30:44,1,255,check-in,2026-02-10 12:11:03
550185,20391,2025-11-20 17:31:08,1,255,check-in,2026-02-10 12:11:03
550196,20392,2025-11-20 17:31:13,1,255,check-in,2026-02-10 12:11:03
550082,20393,2025-11-20 17:31:23,1,255,check-in,2026-02-10 12:11:03
550199,20394,2025-11-20 17:31:26,1,255,check-in,2026-02-10 12:11:03
550049,20395,2025-11-20 17:31:29,1,255,check-in,2026-02-10 12:11:03
000444,20396,2025-11-20 17:31:32,1,255,check-in,2026-02-10 12:11:03
550205,20397,2025-11-20 17:31:36,1,255,check-in,2026-02-10 12:11:03
550153,20398,2025-11-20 17:31:39,1,255,check-in,2026-02-10 12:11:03
000446,20399,2025-11-20 17:31:44,1,255,check-in,2026-02-10 12:11:03
550232,20400,2025-11-20 17:31:49,1,255,check-in,2026-02-10 12:11:03
550042,20401,2025-11-20 17:31:51,1,255,check-in,2026-02-10 12:11:03
550044,20402,2025-11-20 17:31:56,1,255,check-in,2026-02-10 12:11:03
550210,20403,2025-11-20 17:32:02,1,255,check-in,2026-02-10 12:11:03
550194,20404,2025-11-20 17:32:05,1,255,check-in,2026-02-10 12:11:03
550202,20405,2025-11-20 17:32:14,15,255,check-in,2026-02-10 12:11:03
550202,20406,2025-11-20 17:32:16,1,255,check-in,2026-02-10 12:11:03
550193,20407,2025-11-20 17:32:27,1,255,check-in,2026-02-10 12:11:03
550203,20408,2025-11-20 17:33:46,1,255,check-in,2026-02-10 12:11:03
550179,20409,2025-11-20 17:33:55,1,255,check-in,2026-02-10 12:11:03
660106,20410,2025-11-20 17:34:08,1,255,check-in,2026-02-10 12:11:03
660038,20411,2025-11-20 17:37:48,1,255,check-in,2026-02-10 12:11:03
550204,20412,2025-11-20 17:39:27,1,255,check-in,2026-02-10 12:11:03
000487,20413,2025-11-20 17:40:04,1,255,check-in,2026-02-10 12:11:03
550160,20414,2025-11-20 17:49:14,1,255,check-in,2026-02-10 12:11:03
550207,20415,2025-11-20 18:33:06,1,255,check-in,2026-02-10 12:11:03
550182,20416,2025-11-20 18:33:11,1,255,check-in,2026-02-10 12:11:03
550220,20417,2025-11-20 18:35:36,1,255,check-in,2026-02-10 12:11:03
474,20418,2025-11-20 18:37:24,1,255,check-in,2026-02-10 12:11:03
550226,20419,2025-11-20 18:37:28,1,255,check-in,2026-02-10 12:11:03
550209,20420,2025-11-20 19:48:20,1,255,check-in,2026-02-10 12:11:03
550209,20421,2025-11-21 06:13:20,1,255,check-in,2026-02-10 12:11:03
550204,20422,2025-11-21 06:47:44,1,255,check-in,2026-02-10 12:11:03
550241,20423,2025-11-21 06:51:35,1,255,check-in,2026-02-10 12:11:03
550226,20424,2025-11-21 07:03:21,1,255,check-in,2026-02-10 12:11:03
550153,20425,2025-11-21 07:09:58,1,255,check-in,2026-02-10 12:11:03
550179,20426,2025-11-21 07:10:44,1,255,check-in,2026-02-10 12:11:03
550044,20427,2025-11-21 07:11:52,1,255,check-in,2026-02-10 12:11:03
550185,20428,2025-11-21 07:12:48,1,255,check-in,2026-02-10 12:11:03
550203,20429,2025-11-21 07:18:48,1,255,check-in,2026-02-10 12:11:03
000446,20430,2025-11-21 07:19:24,1,255,check-in,2026-02-10 12:11:03
550082,20431,2025-11-21 07:21:40,1,255,check-in,2026-02-10 12:11:03
550199,20432,2025-11-21 07:22:53,1,255,check-in,2026-02-10 12:11:03
660106,20433,2025-11-21 07:23:16,1,255,check-in,2026-02-10 12:11:03
550201,20434,2025-11-21 07:23:38,1,255,check-in,2026-02-10 12:11:03
550205,20435,2025-11-21 07:23:44,1,255,check-in,2026-02-10 12:11:03
000447,20436,2025-11-21 07:23:47,15,255,check-in,2026-02-10 12:11:03
000447,20437,2025-11-21 07:23:50,1,255,check-in,2026-02-10 12:11:03
000444,20438,2025-11-21 07:23:53,1,255,check-in,2026-02-10 12:11:03
550196,20439,2025-11-21 07:23:58,1,255,check-in,2026-02-10 12:11:03
550049,20440,2025-11-21 07:25:57,1,255,check-in,2026-02-10 12:11:03
550193,20441,2025-11-21 07:28:56,1,255,check-in,2026-02-10 12:11:03
550182,20442,2025-11-21 07:29:22,1,255,check-in,2026-02-10 12:11:03
550207,20443,2025-11-21 07:29:44,1,255,check-in,2026-02-10 12:11:03
550210,20444,2025-11-21 07:31:30,1,255,check-in,2026-02-10 12:11:03
550160,20445,2025-11-21 07:32:08,1,255,check-in,2026-02-10 12:11:03
550220,20446,2025-11-21 07:32:12,1,255,check-in,2026-02-10 12:11:03
550202,20447,2025-11-21 07:33:52,1,255,check-in,2026-02-10 12:11:03
474,20448,2025-11-21 07:35:23,1,255,check-in,2026-02-10 12:11:03
550194,20449,2025-11-21 07:35:46,1,255,check-in,2026-02-10 12:11:03
000487,20450,2025-11-21 07:37:39,1,255,check-in,2026-02-10 12:11:03
550042,20451,2025-11-21 07:43:54,1,255,check-in,2026-02-10 12:11:03
660038,20452,2025-11-21 07:55:02,1,255,check-in,2026-02-10 12:11:03
660129,20453,2025-11-21 09:31:08,15,255,check-in,2026-02-10 12:11:03
660129,20454,2025-11-21 09:31:10,1,255,check-in,2026-02-10 12:11:03
660129,20455,2025-11-21 09:31:11,1,255,check-in,2026-02-10 12:11:03
550042,20456,2025-11-21 17:30:59,1,255,check-in,2026-02-10 12:11:03
000447,20457,2025-11-21 17:31:07,1,255,check-in,2026-02-10 12:11:03
000447,20458,2025-11-21 17:31:10,1,255,check-in,2026-02-10 12:11:03
550196,20459,2025-11-21 17:31:14,1,255,check-in,2026-02-10 12:11:03
550205,20460,2025-11-21 17:31:19,1,255,check-in,2026-02-10 12:11:03
000444,20461,2025-11-21 17:31:22,1,255,check-in,2026-02-10 12:11:03
000446,20462,2025-11-21 17:31:27,1,255,check-in,2026-02-10 12:11:03
660106,20463,2025-11-21 17:32:30,1,255,check-in,2026-02-10 12:11:03
550199,20464,2025-11-21 17:32:40,1,255,check-in,2026-02-10 12:11:03
550241,20465,2025-11-21 17:33:54,1,255,check-in,2026-02-10 12:11:03
550194,20466,2025-11-21 17:34:42,1,255,check-in,2026-02-10 12:11:03
550185,20467,2025-11-21 17:35:34,15,255,check-in,2026-02-10 12:11:03
550185,20468,2025-11-21 17:35:36,15,255,check-in,2026-02-10 12:11:03
550204,20469,2025-11-21 18:02:12,1,255,check-in,2026-02-10 12:11:03
550202,20470,2025-11-21 18:04:07,1,255,check-in,2026-02-10 12:11:03
550203,20471,2025-11-21 18:09:38,1,255,check-in,2026-02-10 12:11:03
550209,20472,2025-11-21 18:19:12,1,255,check-in,2026-02-10 12:11:03
550193,20473,2025-11-21 18:20:12,1,255,check-in,2026-02-10 12:11:03
550179,20474,2025-11-21 18:21:44,15,255,check-in,2026-02-10 12:11:03
550179,20475,2025-11-21 18:22:04,1,255,check-in,2026-02-10 12:11:03
550153,20476,2025-11-21 18:28:12,1,255,check-in,2026-02-10 12:11:03
550082,20477,2025-11-21 18:31:34,1,255,check-in,2026-02-10 12:11:03
550220,20478,2025-11-21 18:32:53,1,255,check-in,2026-02-10 12:11:03
550207,20479,2025-11-21 18:35:22,1,255,check-in,2026-02-10 12:11:03
550226,20480,2025-11-21 18:35:28,1,255,check-in,2026-02-10 12:11:03
550210,20481,2025-11-21 18:35:38,1,255,check-in,2026-02-10 12:11:03
550182,20482,2025-11-21 18:35:43,1,255,check-in,2026-02-10 12:11:03
550182,20483,2025-11-21 18:35:45,15,255,check-in,2026-02-10 12:11:03
474,20484,2025-11-21 18:35:59,15,255,check-in,2026-02-10 12:11:03
474,20485,2025-11-21 18:36:12,1,255,check-in,2026-02-10 12:11:03
000487,20486,2025-11-21 18:36:28,1,255,check-in,2026-02-10 12:11:03
550049,20487,2025-11-21 18:59:00,1,255,check-in,2026-02-10 12:11:03
550044,20488,2025-11-21 18:59:25,1,255,check-in,2026-02-10 12:11:03
550160,20489,2025-11-21 19:00:52,1,255,check-in,2026-02-10 12:11:03
660038,20490,2025-11-21 19:04:32,1,255,check-in,2026-02-10 12:11:03
550201,20491,2025-11-21 19:06:06,15,255,check-in,2026-02-10 12:11:03
550201,20492,2025-11-21 19:06:09,15,255,check-in,2026-02-10 12:11:03
550226,20493,2025-11-22 07:15:17,1,255,check-in,2026-02-10 12:11:03
660106,20494,2025-11-22 07:19:09,1,255,check-in,2026-02-10 12:11:03
550082,20495,2025-11-22 07:36:14,1,255,check-in,2026-02-10 12:11:03
550199,20496,2025-11-22 07:39:33,1,255,check-in,2026-02-10 12:11:03
550153,20497,2025-11-22 07:43:17,1,255,check-in,2026-02-10 12:11:03
474,20498,2025-11-22 07:45:50,1,255,check-in,2026-02-10 12:11:03
000444,20499,2025-11-22 07:51:02,1,255,check-in,2026-02-10 12:11:03
000444,20500,2025-11-22 07:51:24,1,255,check-in,2026-02-10 12:11:03
550044,20501,2025-11-22 07:56:57,1,255,check-in,2026-02-10 12:11:03
550207,20502,2025-11-22 07:59:53,1,255,check-in,2026-02-10 12:11:03
550210,20503,2025-11-22 08:03:09,1,255,check-in,2026-02-10 12:11:03
550042,20504,2025-11-22 08:09:02,1,255,check-in,2026-02-10 12:11:03
550182,20505,2025-11-22 08:10:31,1,255,check-in,2026-02-10 12:11:03
550220,20506,2025-11-22 08:13:45,1,255,check-in,2026-02-10 12:11:03
550160,20507,2025-11-22 08:49:34,1,255,check-in,2026-02-10 12:11:03
660106,20508,2025-11-22 14:13:44,1,255,check-in,2026-02-10 12:11:03
550082,20509,2025-11-22 16:31:35,1,255,check-in,2026-02-10 12:11:03
550042,20510,2025-11-22 16:58:40,1,255,check-in,2026-02-10 12:11:03
550199,20511,2025-11-22 16:58:52,1,255,check-in,2026-02-10 12:11:03
550210,20512,2025-11-22 16:58:57,1,255,check-in,2026-02-10 12:11:03
550182,20513,2025-11-22 16:59:02,1,255,check-in,2026-02-10 12:11:03
550220,20514,2025-11-22 16:59:08,1,255,check-in,2026-02-10 12:11:03
000444,20515,2025-11-22 16:59:34,1,255,check-in,2026-02-10 12:11:03
550153,20516,2025-11-22 17:00:03,1,255,check-in,2026-02-10 12:11:03
550160,20517,2025-11-22 17:00:06,1,255,check-in,2026-02-10 12:11:03
550207,20518,2025-11-22 17:00:50,1,255,check-in,2026-02-10 12:11:03
550226,20519,2025-11-22 17:03:17,1,255,check-in,2026-02-10 12:11:03
474,20520,2025-11-22 17:06:30,1,255,check-in,2026-02-10 12:11:03
550044,20521,2025-11-22 18:22:29,1,255,check-in,2026-02-10 12:11:03
550204,20522,2025-11-24 06:37:47,1,255,check-in,2026-02-10 12:11:03
550241,20523,2025-11-24 06:54:05,1,255,check-in,2026-02-10 12:11:03
550232,20524,2025-11-24 07:04:22,1,255,check-in,2026-02-10 12:11:03
550232,20525,2025-11-24 07:04:24,1,255,check-in,2026-02-10 12:11:03
550232,20526,2025-11-24 07:04:26,15,255,check-in,2026-02-10 12:11:03
550226,20527,2025-11-24 07:04:53,1,255,check-in,2026-02-10 12:11:03
550044,20528,2025-11-24 07:09:21,1,255,check-in,2026-02-10 12:11:03
550153,20529,2025-11-24 07:10:30,15,255,check-in,2026-02-10 12:11:03
550179,20530,2025-11-24 07:14:06,1,255,check-in,2026-02-10 12:11:03
550185,20531,2025-11-24 07:19:11,1,255,check-in,2026-02-10 12:11:03
000447,20532,2025-11-24 07:19:21,15,255,check-in,2026-02-10 12:11:03
000447,20533,2025-11-24 07:19:23,15,255,check-in,2026-02-10 12:11:03
000447,20534,2025-11-24 07:19:25,1,255,check-in,2026-02-10 12:11:03
000444,20535,2025-11-24 07:21:30,1,255,check-in,2026-02-10 12:11:03
550196,20536,2025-11-24 07:22:41,1,255,check-in,2026-02-10 12:11:03
550082,20537,2025-11-24 07:22:47,1,255,check-in,2026-02-10 12:11:03
550205,20538,2025-11-24 07:23:03,1,255,check-in,2026-02-10 12:11:03
550049,20539,2025-11-24 07:24:12,1,255,check-in,2026-02-10 12:11:03
550193,20540,2025-11-24 07:24:49,1,255,check-in,2026-02-10 12:11:03
550201,20541,2025-11-24 07:25:42,1,255,check-in,2026-02-10 12:11:03
550182,20542,2025-11-24 07:29:23,1,255,check-in,2026-02-10 12:11:03
550042,20543,2025-11-24 07:31:50,1,255,check-in,2026-02-10 12:11:03
550210,20544,2025-11-24 07:32:08,1,255,check-in,2026-02-10 12:11:03
550160,20545,2025-11-24 07:33:46,1,255,check-in,2026-02-10 12:11:03
474,20546,2025-11-24 07:33:55,1,255,check-in,2026-02-10 12:11:03
550202,20547,2025-11-24 07:34:15,1,255,check-in,2026-02-10 12:11:03
550220,20548,2025-11-24 07:35:01,1,255,check-in,2026-02-10 12:11:03
550207,20549,2025-11-24 07:35:06,1,255,check-in,2026-02-10 12:11:03
550203,20550,2025-11-24 07:35:15,1,255,check-in,2026-02-10 12:11:03
000487,20551,2025-11-24 07:36:01,1,255,check-in,2026-02-10 12:11:03
000446,20552,2025-11-24 07:38:57,1,255,check-in,2026-02-10 12:11:03
550194,20553,2025-11-24 07:40:45,1,255,check-in,2026-02-10 12:11:03
660038,20554,2025-11-24 07:47:04,1,255,check-in,2026-02-10 12:11:03
550209,20555,2025-11-24 07:50:10,1,255,check-in,2026-02-10 12:11:03
550194,20556,2025-11-24 07:59:21,1,255,check-in,2026-02-10 12:11:03
550194,20557,2025-11-24 10:14:24,1,255,check-in,2026-02-10 12:11:03
000446,20558,2025-11-24 12:03:19,1,255,check-in,2026-02-10 12:11:03
550207,20559,2025-11-24 15:35:26,1,255,check-in,2026-02-10 12:11:03
550049,20560,2025-11-24 17:30:31,1,255,check-in,2026-02-10 12:11:03
550241,20561,2025-11-24 17:30:34,15,255,check-in,2026-02-10 12:11:03
550241,20562,2025-11-24 17:30:38,1,255,check-in,2026-02-10 12:11:03
550205,20563,2025-11-24 17:30:52,1,255,check-in,2026-02-10 12:11:03
550042,20564,2025-11-24 17:31:08,1,255,check-in,2026-02-10 12:11:03
550044,20565,2025-11-24 17:31:17,1,255,check-in,2026-02-10 12:11:03
550185,20566,2025-11-24 17:31:20,15,255,check-in,2026-02-10 12:11:03
550153,20567,2025-11-24 17:31:25,15,255,check-in,2026-02-10 12:11:03
550153,20568,2025-11-24 17:31:27,15,255,check-in,2026-02-10 12:11:03
550196,20569,2025-11-24 17:31:33,1,255,check-in,2026-02-10 12:11:03
550194,20570,2025-11-24 17:32:01,1,255,check-in,2026-02-10 12:11:03
550210,20571,2025-11-24 17:32:07,1,255,check-in,2026-02-10 12:11:03
550182,20572,2025-11-24 17:32:12,15,255,check-in,2026-02-10 12:11:03
550232,20573,2025-11-24 17:33:31,1,255,check-in,2026-02-10 12:11:03
550232,20574,2025-11-24 17:33:33,15,255,check-in,2026-02-10 12:11:03
550203,20575,2025-11-24 17:33:36,1,255,check-in,2026-02-10 12:11:03
550202,20576,2025-11-24 17:33:42,15,255,check-in,2026-02-10 12:11:03
550179,20577,2025-11-24 17:34:49,1,255,check-in,2026-02-10 12:11:03
550193,20578,2025-11-24 17:35:45,1,255,check-in,2026-02-10 12:11:03
550201,20579,2025-11-24 17:36:14,1,255,check-in,2026-02-10 12:11:03
550201,20580,2025-11-24 17:36:16,15,255,check-in,2026-02-10 12:11:03
000447,20581,2025-11-24 17:37:29,1,255,check-in,2026-02-10 12:11:03
000447,20582,2025-11-24 17:37:31,1,255,check-in,2026-02-10 12:11:03
550204,20583,2025-11-24 17:38:38,1,255,check-in,2026-02-10 12:11:03
660038,20584,2025-11-24 17:44:11,1,255,check-in,2026-02-10 12:11:03
550160,20585,2025-11-24 17:49:16,1,255,check-in,2026-02-10 12:11:03
000487,20586,2025-11-24 17:51:37,1,255,check-in,2026-02-10 12:11:03
000444,20587,2025-11-24 18:31:38,1,255,check-in,2026-02-10 12:11:03
550082,20588,2025-11-24 18:33:07,1,255,check-in,2026-02-10 12:11:03
550220,20589,2025-11-24 18:34:27,1,255,check-in,2026-02-10 12:11:03
550226,20590,2025-11-24 18:36:33,1,255,check-in,2026-02-10 12:11:03
474,20591,2025-11-24 18:37:24,1,255,check-in,2026-02-10 12:11:03
550209,20592,2025-11-24 19:38:00,1,255,check-in,2026-02-10 12:11:03
550209,20593,2025-11-25 06:13:18,1,255,check-in,2026-02-10 12:11:03
550241,20594,2025-11-25 06:53:42,1,255,check-in,2026-02-10 12:11:03
550226,20595,2025-11-25 07:08:18,1,255,check-in,2026-02-10 12:11:03
000446,20596,2025-11-25 07:09:14,1,255,check-in,2026-02-10 12:11:03
550232,20597,2025-11-25 07:12:23,1,255,check-in,2026-02-10 12:11:03
550232,20598,2025-11-25 07:12:25,15,255,check-in,2026-02-10 12:11:03
550153,20599,2025-11-25 07:13:14,1,255,check-in,2026-02-10 12:11:03
550185,20600,2025-11-25 07:13:37,1,255,check-in,2026-02-10 12:11:03
550044,20601,2025-11-25 07:21:43,1,255,check-in,2026-02-10 12:11:03
550049,20602,2025-11-25 07:22:44,1,255,check-in,2026-02-10 12:11:03
550205,20603,2025-11-25 07:22:59,1,255,check-in,2026-02-10 12:11:03
000444,20604,2025-11-25 07:23:03,1,255,check-in,2026-02-10 12:11:03
550193,20605,2025-11-25 07:23:09,1,255,check-in,2026-02-10 12:11:03
550182,20606,2025-11-25 07:23:15,1,255,check-in,2026-02-10 12:11:03
550196,20607,2025-11-25 07:23:32,1,255,check-in,2026-02-10 12:11:03
550194,20608,2025-11-25 07:23:51,15,255,check-in,2026-02-10 12:11:03
550194,20609,2025-11-25 07:23:53,1,255,check-in,2026-02-10 12:11:03
550201,20610,2025-11-25 07:23:57,15,255,check-in,2026-02-10 12:11:03
550201,20611,2025-11-25 07:23:59,15,255,check-in,2026-02-10 12:11:03
660106,20612,2025-11-25 07:24:32,1,255,check-in,2026-02-10 12:11:03
550179,20613,2025-11-25 07:27:21,1,255,check-in,2026-02-10 12:11:03
000447,20614,2025-11-25 07:27:43,15,255,check-in,2026-02-10 12:11:03
000447,20615,2025-11-25 07:27:45,1,255,check-in,2026-02-10 12:11:03
550210,20616,2025-11-25 07:30:04,1,255,check-in,2026-02-10 12:11:03
550207,20617,2025-11-25 07:31:49,1,255,check-in,2026-02-10 12:11:03
474,20618,2025-11-25 07:32:59,1,255,check-in,2026-02-10 12:11:03
550202,20619,2025-11-25 07:33:10,15,255,check-in,2026-02-10 12:11:03
550220,20620,2025-11-25 07:33:35,1,255,check-in,2026-02-10 12:11:03
550160,20621,2025-11-25 07:33:55,1,255,check-in,2026-02-10 12:11:03
550042,20622,2025-11-25 07:42:06,1,255,check-in,2026-02-10 12:11:03
000487,20623,2025-11-25 07:43:10,1,255,check-in,2026-02-10 12:11:03
550203,20624,2025-11-25 07:48:19,1,255,check-in,2026-02-10 12:11:03
660038,20625,2025-11-25 07:53:04,1,255,check-in,2026-02-10 12:11:03
550194,20626,2025-11-25 12:03:31,1,255,check-in,2026-02-10 12:11:03
000447,20627,2025-11-25 17:30:19,1,255,check-in,2026-02-10 12:11:03
550049,20628,2025-11-25 17:30:23,1,255,check-in,2026-02-10 12:11:03
550241,20629,2025-11-25 17:30:29,1,255,check-in,2026-02-10 12:11:03
550199,20630,2025-11-25 17:30:33,1,255,check-in,2026-02-10 12:11:03
550205,20631,2025-11-25 17:30:36,1,255,check-in,2026-02-10 12:11:03
550207,20632,2025-11-25 17:30:41,1,255,check-in,2026-02-10 12:11:03
000446,20633,2025-11-25 17:30:57,1,255,check-in,2026-02-10 12:11:03
550042,20634,2025-11-25 17:31:11,1,255,check-in,2026-02-10 12:11:03
660106,20635,2025-11-25 17:31:16,1,255,check-in,2026-02-10 12:11:03
550044,20636,2025-11-25 17:31:18,1,255,check-in,2026-02-10 12:11:03
550196,20637,2025-11-25 17:31:22,1,255,check-in,2026-02-10 12:11:03
660038,20638,2025-11-25 17:31:24,1,255,check-in,2026-02-10 12:11:03
550226,20639,2025-11-25 17:31:28,1,255,check-in,2026-02-10 12:11:03
550210,20640,2025-11-25 17:31:36,1,255,check-in,2026-02-10 12:11:03
550153,20641,2025-11-25 17:31:40,1,255,check-in,2026-02-10 12:11:03
550179,20642,2025-11-25 17:31:51,1,255,check-in,2026-02-10 12:11:03
550193,20643,2025-11-25 17:33:06,1,255,check-in,2026-02-10 12:11:03
550203,20644,2025-11-25 17:33:43,1,255,check-in,2026-02-10 12:11:03
550202,20645,2025-11-25 17:33:49,15,255,check-in,2026-02-10 12:11:03
550202,20646,2025-11-25 17:33:51,1,255,check-in,2026-02-10 12:11:03
550232,20647,2025-11-25 17:34:45,1,255,check-in,2026-02-10 12:11:03
550201,20648,2025-11-25 17:36:53,1,255,check-in,2026-02-10 12:11:03
000487,20649,2025-11-25 17:44:57,1,255,check-in,2026-02-10 12:11:03
000444,20650,2025-11-25 18:34:01,1,255,check-in,2026-02-10 12:11:03
550182,20651,2025-11-25 18:34:26,15,255,check-in,2026-02-10 12:11:03
550182,20652,2025-11-25 18:34:28,15,255,check-in,2026-02-10 12:11:03
550220,20653,2025-11-25 18:37:54,1,255,check-in,2026-02-10 12:11:03
474,20654,2025-11-25 18:42:51,1,255,check-in,2026-02-10 12:11:03
550160,20655,2025-11-25 18:50:56,1,255,check-in,2026-02-10 12:11:03
550209,20656,2025-11-25 20:03:50,1,255,check-in,2026-02-10 12:11:03
550209,20657,2025-11-26 06:16:18,1,255,check-in,2026-02-10 12:11:03
550204,20658,2025-11-26 06:42:55,1,255,check-in,2026-02-10 12:11:03
550241,20659,2025-11-26 06:59:08,1,255,check-in,2026-02-10 12:11:03
550232,20660,2025-11-26 07:05:45,15,255,check-in,2026-02-10 12:11:03
550232,20661,2025-11-26 07:05:47,1,255,check-in,2026-02-10 12:11:03
550232,20662,2025-11-26 07:05:49,1,255,check-in,2026-02-10 12:11:03
550201,20663,2025-11-26 07:05:58,1,255,check-in,2026-02-10 12:11:03
550201,20664,2025-11-26 07:05:59,15,255,check-in,2026-02-10 12:11:03
550179,20665,2025-11-26 07:07:28,1,255,check-in,2026-02-10 12:11:03
550153,20666,2025-11-26 07:08:28,1,255,check-in,2026-02-10 12:11:03
550193,20667,2025-11-26 07:10:52,1,255,check-in,2026-02-10 12:11:03
000446,20668,2025-11-26 07:12:41,1,255,check-in,2026-02-10 12:11:03
550226,20669,2025-11-26 07:13:53,1,255,check-in,2026-02-10 12:11:03
550185,20670,2025-11-26 07:15:28,15,255,check-in,2026-02-10 12:11:03
550199,20671,2025-11-26 07:16:17,1,255,check-in,2026-02-10 12:11:03
550082,20672,2025-11-26 07:20:33,1,255,check-in,2026-02-10 12:11:03
550044,20673,2025-11-26 07:21:55,1,255,check-in,2026-02-10 12:11:03
000447,20674,2025-11-26 07:22:00,15,255,check-in,2026-02-10 12:11:03
000447,20675,2025-11-26 07:22:01,15,255,check-in,2026-02-10 12:11:03
550196,20676,2025-11-26 07:23:31,1,255,check-in,2026-02-10 12:11:03
550203,20677,2025-11-26 07:23:37,1,255,check-in,2026-02-10 12:11:03
000444,20678,2025-11-26 07:24:11,1,255,check-in,2026-02-10 12:11:03
660106,20679,2025-11-26 07:25:26,1,255,check-in,2026-02-10 12:11:03
550049,20680,2025-11-26 07:27:16,1,255,check-in,2026-02-10 12:11:03
550194,20681,2025-11-26 07:27:47,1,255,check-in,2026-02-10 12:11:03
474,20682,2025-11-26 07:30:04,1,255,check-in,2026-02-10 12:11:03
550182,20683,2025-11-26 07:31:13,1,255,check-in,2026-02-10 12:11:03
550220,20684,2025-11-26 07:31:53,1,255,check-in,2026-02-10 12:11:03
550210,20685,2025-11-26 07:32:59,1,255,check-in,2026-02-10 12:11:03
550207,20686,2025-11-26 07:34:19,1,255,check-in,2026-02-10 12:11:03
550160,20687,2025-11-26 07:35:40,1,255,check-in,2026-02-10 12:11:03
550202,20688,2025-11-26 07:36:04,1,255,check-in,2026-02-10 12:11:03
550042,20689,2025-11-26 07:37:56,1,255,check-in,2026-02-10 12:11:03
000487,20690,2025-11-26 07:39:36,1,255,check-in,2026-02-10 12:11:03
660038,20691,2025-11-26 07:43:27,1,255,check-in,2026-02-10 12:11:03
550203,20692,2025-11-26 15:34:11,1,255,check-in,2026-02-10 12:11:03
550232,20693,2025-11-26 15:34:15,15,255,check-in,2026-02-10 12:11:03
550232,20694,2025-11-26 15:34:17,15,255,check-in,2026-02-10 12:11:03
550232,20695,2025-11-26 15:34:19,15,255,check-in,2026-02-10 12:11:03
550049,20696,2025-11-26 17:30:22,1,255,check-in,2026-02-10 12:11:03
550241,20697,2025-11-26 17:30:40,1,255,check-in,2026-02-10 12:11:03
000444,20698,2025-11-26 17:30:44,1,255,check-in,2026-02-10 12:11:03
550207,20699,2025-11-26 17:30:47,1,255,check-in,2026-02-10 12:11:03
550199,20700,2025-11-26 17:30:52,1,255,check-in,2026-02-10 12:11:03
000447,20701,2025-11-26 17:31:23,15,255,check-in,2026-02-10 12:11:03
550196,20702,2025-11-26 17:31:37,1,255,check-in,2026-02-10 12:11:03
550193,20703,2025-11-26 17:31:40,1,255,check-in,2026-02-10 12:11:03
000446,20704,2025-11-26 17:31:42,1,255,check-in,2026-02-10 12:11:03
550044,20705,2025-11-26 17:31:51,1,255,check-in,2026-02-10 12:11:03
550042,20706,2025-11-26 17:31:54,1,255,check-in,2026-02-10 12:11:03
660106,20707,2025-11-26 17:32:09,1,255,check-in,2026-02-10 12:11:03
660038,20708,2025-11-26 17:32:15,1,255,check-in,2026-02-10 12:11:03
550194,20709,2025-11-26 17:32:19,1,255,check-in,2026-02-10 12:11:03
550202,20710,2025-11-26 17:32:28,1,255,check-in,2026-02-10 12:11:03
550185,20711,2025-11-26 17:32:33,15,255,check-in,2026-02-10 12:11:03
550210,20712,2025-11-26 17:32:49,1,255,check-in,2026-02-10 12:11:03
550153,20713,2025-11-26 17:32:54,1,255,check-in,2026-02-10 12:11:03
550179,20714,2025-11-26 17:33:24,1,255,check-in,2026-02-10 12:11:03
550204,20715,2025-11-26 17:34:31,1,255,check-in,2026-02-10 12:11:03
550201,20716,2025-11-26 17:34:39,1,255,check-in,2026-02-10 12:11:03
000487,20717,2025-11-26 17:49:40,1,255,check-in,2026-02-10 12:11:03
550082,20718,2025-11-26 18:32:16,1,255,check-in,2026-02-10 12:11:03
550226,20719,2025-11-26 18:33:11,1,255,check-in,2026-02-10 12:11:03
550182,20720,2025-11-26 18:33:17,1,255,check-in,2026-02-10 12:11:03
474,20721,2025-11-26 18:38:33,1,255,check-in,2026-02-10 12:11:03
550160,20722,2025-11-26 18:44:02,1,255,check-in,2026-02-10 12:11:03
550220,20723,2025-11-26 19:32:30,1,255,check-in,2026-02-10 12:11:03
550209,20724,2025-11-26 20:03:27,1,255,check-in,2026-02-10 12:11:03
550241,20725,2025-11-27 06:57:14,1,255,check-in,2026-02-10 12:11:03
550204,20726,2025-11-27 07:00:28,15,255,check-in,2026-02-10 12:11:03
550226,20727,2025-11-27 07:09:34,1,255,check-in,2026-02-10 12:11:03
550153,20728,2025-11-27 07:10:01,1,255,check-in,2026-02-10 12:11:03
550199,20729,2025-11-27 07:14:42,1,255,check-in,2026-02-10 12:11:03
550201,20730,2025-11-27 07:17:55,1,255,check-in,2026-02-10 12:11:03
550185,20731,2025-11-27 07:18:12,1,255,check-in,2026-02-10 12:11:03
550194,20732,2025-11-27 07:21:34,1,255,check-in,2026-02-10 12:11:03
550182,20733,2025-11-27 07:21:41,1,255,check-in,2026-02-10 12:11:03
550209,20734,2025-11-27 07:22:15,1,255,check-in,2026-02-10 12:11:03
550044,20735,2025-11-27 07:24:24,1,255,check-in,2026-02-10 12:11:03
550193,20736,2025-11-27 07:24:35,1,255,check-in,2026-02-10 12:11:03
000446,20737,2025-11-27 07:24:40,1,255,check-in,2026-02-10 12:11:03
550205,20738,2025-11-27 07:27:32,1,255,check-in,2026-02-10 12:11:03
550203,20739,2025-11-27 07:27:45,1,255,check-in,2026-02-10 12:11:03
000447,20740,2025-11-27 07:28:18,15,255,check-in,2026-02-10 12:11:03
000447,20741,2025-11-27 07:28:20,1,255,check-in,2026-02-10 12:11:03
660106,20742,2025-11-27 07:28:58,1,255,check-in,2026-02-10 12:11:03
550049,20743,2025-11-27 07:29:44,1,255,check-in,2026-02-10 12:11:03
550220,20744,2025-11-27 07:30:30,1,255,check-in,2026-02-10 12:11:03
550082,20745,2025-11-27 07:32:37,1,255,check-in,2026-02-10 12:11:03
550207,20746,2025-11-27 07:33:06,1,255,check-in,2026-02-10 12:11:03
550210,20747,2025-11-27 07:33:10,1,255,check-in,2026-02-10 12:11:03
550202,20748,2025-11-27 07:33:34,1,255,check-in,2026-02-10 12:11:03
474,20749,2025-11-27 07:34:01,15,255,check-in,2026-02-10 12:11:03
474,20750,2025-11-27 07:34:21,1,255,check-in,2026-02-10 12:11:03
550179,20751,2025-11-27 07:34:36,1,255,check-in,2026-02-10 12:11:03
550160,20752,2025-11-27 07:39:09,1,255,check-in,2026-02-10 12:11:03
000487,20753,2025-11-27 07:49:53,1,255,check-in,2026-02-10 12:11:03
550042,20754,2025-11-27 08:00:36,15,255,check-in,2026-02-10 12:11:03
550042,20755,2025-11-27 08:00:38,1,255,check-in,2026-02-10 12:11:03
000444,20756,2025-11-27 09:43:36,1,255,check-in,2026-02-10 12:11:03
550196,20757,2025-11-27 11:26:17,1,255,check-in,2026-02-10 12:11:03
000446,20758,2025-11-27 15:01:45,1,255,check-in,2026-02-10 12:11:03
000447,20759,2025-11-27 15:27:27,15,255,check-in,2026-02-10 12:11:03
000447,20760,2025-11-27 15:27:29,15,255,check-in,2026-02-10 12:11:03
000447,20761,2025-11-27 15:27:31,1,255,check-in,2026-02-10 12:11:03
550199,20762,2025-11-27 17:29:46,1,255,check-in,2026-02-10 12:11:03
550194,20763,2025-11-27 17:29:50,1,255,check-in,2026-02-10 12:11:03
550082,20764,2025-11-27 17:29:54,1,255,check-in,2026-02-10 12:11:03
550049,20765,2025-11-27 17:29:57,1,255,check-in,2026-02-10 12:11:03
550205,20766,2025-11-27 17:30:00,15,255,check-in,2026-02-10 12:11:03
550205,20767,2025-11-27 17:30:02,15,255,check-in,2026-02-10 12:11:03
550207,20768,2025-11-27 17:30:04,1,255,check-in,2026-02-10 12:11:03
550241,20769,2025-11-27 17:30:10,1,255,check-in,2026-02-10 12:11:03
550203,20770,2025-11-27 17:30:14,1,255,check-in,2026-02-10 12:11:03
000444,20771,2025-11-27 17:30:15,1,255,check-in,2026-02-10 12:11:03
550044,20772,2025-11-27 17:30:19,1,255,check-in,2026-02-10 12:11:03
550042,20773,2025-11-27 17:30:22,1,255,check-in,2026-02-10 12:11:03
550182,20774,2025-11-27 17:30:27,1,255,check-in,2026-02-10 12:11:03
550185,20775,2025-11-27 17:30:38,15,255,check-in,2026-02-10 12:11:03
660106,20776,2025-11-27 17:30:54,1,255,check-in,2026-02-10 12:11:03
550153,20777,2025-11-27 17:31:11,1,255,check-in,2026-02-10 12:11:03
550202,20778,2025-11-27 17:31:49,1,255,check-in,2026-02-10 12:11:03
550179,20779,2025-11-27 17:31:52,1,255,check-in,2026-02-10 12:11:03
550201,20780,2025-11-27 17:32:09,1,255,check-in,2026-02-10 12:11:03
550201,20781,2025-11-27 17:32:11,15,255,check-in,2026-02-10 12:11:03
550196,20782,2025-11-27 17:32:26,1,255,check-in,2026-02-10 12:11:03
550210,20783,2025-11-27 17:32:33,1,255,check-in,2026-02-10 12:11:03
550226,20784,2025-11-27 17:32:37,1,255,check-in,2026-02-10 12:11:03
550193,20785,2025-11-27 17:32:41,1,255,check-in,2026-02-10 12:11:03
474,20786,2025-11-27 17:32:50,1,255,check-in,2026-02-10 12:11:03
550220,20787,2025-11-27 17:33:51,1,255,check-in,2026-02-10 12:11:03
550204,20788,2025-11-27 17:34:00,1,255,check-in,2026-02-10 12:11:03
000487,20789,2025-11-27 17:36:02,1,255,check-in,2026-02-10 12:11:03
550160,20790,2025-11-27 17:36:23,1,255,check-in,2026-02-10 12:11:03
550209,20791,2025-11-27 18:37:17,1,255,check-in,2026-02-10 12:11:03
550241,20792,2025-11-28 06:50:21,15,255,check-in,2026-02-10 12:11:03
550241,20793,2025-11-28 06:50:23,15,255,check-in,2026-02-10 12:11:03
550204,20794,2025-11-28 07:14:34,1,255,check-in,2026-02-10 12:11:03
550153,20795,2025-11-28 07:14:39,1,255,check-in,2026-02-10 12:11:03
474,20796,2025-11-28 07:19:03,1,255,check-in,2026-02-10 12:11:03
550203,20797,2025-11-28 07:20:38,1,255,check-in,2026-02-10 12:11:03
550226,20798,2025-11-28 07:21:12,1,255,check-in,2026-02-10 12:11:03
550209,20799,2025-11-28 07:23:14,1,255,check-in,2026-02-10 12:11:03
550194,20800,2025-11-28 07:24:45,1,255,check-in,2026-02-10 12:11:03
550185,20801,2025-11-28 07:25:49,1,255,check-in,2026-02-10 12:11:03
000444,20802,2025-11-28 07:28:22,1,255,check-in,2026-02-10 12:11:03
000446,20803,2025-11-28 07:28:40,1,255,check-in,2026-02-10 12:11:03
000446,20804,2025-11-28 07:28:46,1,255,check-in,2026-02-10 12:11:03
550202,20805,2025-11-28 07:30:23,1,255,check-in,2026-02-10 12:11:03
550044,20806,2025-11-28 07:31:35,1,255,check-in,2026-02-10 12:11:03
000447,20807,2025-11-28 07:32:15,1,255,check-in,2026-02-10 12:11:03
550202,20808,2025-11-28 07:32:22,1,255,check-in,2026-02-10 12:11:03
550042,20809,2025-11-28 07:38:58,1,255,check-in,2026-02-10 12:11:03
550049,20810,2025-11-28 07:39:45,1,255,check-in,2026-02-10 12:11:03
550220,20811,2025-11-28 07:42:43,15,255,check-in,2026-02-10 12:11:03
550193,20812,2025-11-28 07:44:18,1,255,check-in,2026-02-10 12:11:03
550196,20813,2025-11-28 07:55:56,1,255,check-in,2026-02-10 12:11:03
550082,20814,2025-11-28 07:59:52,1,255,check-in,2026-02-10 12:11:03
550182,20815,2025-11-28 08:01:44,1,255,check-in,2026-02-10 12:11:03
550160,20816,2025-11-28 08:03:10,1,255,check-in,2026-02-10 12:11:03
000487,20817,2025-11-28 08:08:33,1,255,check-in,2026-02-10 12:11:03
550201,20818,2025-11-28 08:09:10,1,255,check-in,2026-02-10 12:11:03
550207,20819,2025-11-28 08:39:38,1,255,check-in,2026-02-10 12:11:03
550210,20820,2025-11-28 09:02:29,1,255,check-in,2026-02-10 12:11:03
550220,20821,2025-11-28 11:59:34,1,255,check-in,2026-02-10 12:11:03
550220,20822,2025-11-28 11:59:38,15,255,check-in,2026-02-10 12:11:03
550220,20823,2025-11-28 11:59:41,15,255,check-in,2026-02-10 12:11:03
000447,20824,2025-11-28 11:59:51,1,255,check-in,2026-02-10 12:11:03
000447,20825,2025-11-28 11:59:55,1,255,check-in,2026-02-10 12:11:03
550202,20826,2025-11-28 12:00:19,1,255,check-in,2026-02-10 12:11:03
550160,20827,2025-11-28 12:03:30,1,255,check-in,2026-02-10 12:11:03
550185,20828,2025-11-28 12:05:23,15,255,check-in,2026-02-10 12:11:03
550204,20829,2025-11-28 12:07:46,1,255,check-in,2026-02-10 12:11:03
550226,20830,2025-11-28 12:08:11,1,255,check-in,2026-02-10 12:11:03
550194,20831,2025-11-28 12:09:29,1,255,check-in,2026-02-10 12:11:03
550044,20832,2025-11-28 12:09:35,1,255,check-in,2026-02-10 12:11:03
550182,20833,2025-11-28 12:12:02,1,255,check-in,2026-02-10 12:11:03
550207,20834,2025-11-28 12:12:08,1,255,check-in,2026-02-10 12:11:03
550042,20835,2025-11-28 12:12:12,1,255,check-in,2026-02-10 12:11:03
474,20836,2025-11-28 12:12:31,1,255,check-in,2026-02-10 12:11:03
550082,20837,2025-11-28 12:16:00,1,255,check-in,2026-02-10 12:11:03
550209,20838,2025-11-28 12:17:11,1,255,check-in,2026-02-10 12:11:03
550210,20839,2025-11-28 12:23:26,1,255,check-in,2026-02-10 12:11:03
550241,20840,2025-11-28 12:23:35,1,255,check-in,2026-02-10 12:11:03
550049,20841,2025-11-28 12:30:24,1,255,check-in,2026-02-10 12:11:03
550153,20842,2025-11-28 12:31:33,1,255,check-in,2026-02-10 12:11:03
000444,20843,2025-11-28 12:35:01,1,255,check-in,2026-02-10 12:11:03
550203,20844,2025-11-28 12:35:09,1,255,check-in,2026-02-10 12:11:03
550196,20845,2025-11-28 12:35:37,1,255,check-in,2026-02-10 12:11:03
550201,20846,2025-11-28 13:03:43,1,255,check-in,2026-02-10 12:11:03
550044,20847,2025-11-29 07:33:01,1,255,check-in,2026-02-10 12:11:03
000447,20848,2025-11-29 08:26:45,1,255,check-in,2026-02-10 12:11:03
000447,20849,2025-11-29 12:41:42,15,255,check-in,2026-02-10 12:11:03
550204,20850,2025-12-01 06:42:37,1,255,check-in,2026-02-10 12:11:03
550241,20851,2025-12-01 07:01:04,1,255,check-in,2026-02-10 12:11:03
550232,20852,2025-12-01 07:07:06,15,255,check-in,2026-02-10 12:11:03
550232,20853,2025-12-01 07:07:08,1,255,check-in,2026-02-10 12:11:03
550226,20854,2025-12-01 07:12:11,1,255,check-in,2026-02-10 12:11:03
550153,20855,2025-12-01 07:12:42,1,255,check-in,2026-02-10 12:11:03
550179,20856,2025-12-01 07:14:49,1,255,check-in,2026-02-10 12:11:03
550185,20857,2025-12-01 07:23:35,15,255,check-in,2026-02-10 12:11:03
000444,20858,2025-12-01 07:24:31,1,255,check-in,2026-02-10 12:11:03
660106,20859,2025-12-01 07:26:09,1,255,check-in,2026-02-10 12:11:03
000447,20860,2025-12-01 07:26:37,15,255,check-in,2026-02-10 12:11:03
000447,20861,2025-12-01 07:26:40,1,255,check-in,2026-02-10 12:11:03
550205,20862,2025-12-01 07:27:04,1,255,check-in,2026-02-10 12:11:03
550196,20863,2025-12-01 07:28:26,1,255,check-in,2026-02-10 12:11:03
550082,20864,2025-12-01 07:30:12,1,255,check-in,2026-02-10 12:11:03
000446,20865,2025-12-01 07:30:29,1,255,check-in,2026-02-10 12:11:03
550193,20866,2025-12-01 07:31:22,1,255,check-in,2026-02-10 12:11:03
550201,20867,2025-12-01 07:31:55,15,255,check-in,2026-02-10 12:11:03
550207,20868,2025-12-01 07:31:59,1,255,check-in,2026-02-10 12:11:03
550201,20869,2025-12-01 07:32:10,1,255,check-in,2026-02-10 12:11:03
550220,20870,2025-12-01 07:32:24,1,255,check-in,2026-02-10 12:11:03
550049,20871,2025-12-01 07:33:06,1,255,check-in,2026-02-10 12:11:03
550182,20872,2025-12-01 07:33:35,1,255,check-in,2026-02-10 12:11:03
550042,20873,2025-12-01 07:35:31,1,255,check-in,2026-02-10 12:11:03
474,20874,2025-12-01 07:38:28,1,255,check-in,2026-02-10 12:11:03
550160,20875,2025-12-01 07:41:06,1,255,check-in,2026-02-10 12:11:03
000487,20876,2025-12-01 07:43:06,1,255,check-in,2026-02-10 12:11:03
550199,20877,2025-12-01 07:44:14,1,255,check-in,2026-02-10 12:11:03
550203,20878,2025-12-01 07:44:18,1,255,check-in,2026-02-10 12:11:03
550209,20879,2025-12-01 08:52:53,1,255,check-in,2026-02-10 12:11:03
550202,20880,2025-12-01 08:54:30,1,255,check-in,2026-02-10 12:11:03
550202,20881,2025-12-01 08:55:28,1,255,check-in,2026-02-10 12:11:03
550210,20882,2025-12-01 09:09:14,1,255,check-in,2026-02-10 12:11:03
550044,20883,2025-12-01 09:51:00,1,255,check-in,2026-02-10 12:11:03
550226,20884,2025-12-01 12:38:04,1,255,check-in,2026-02-10 12:11:03
1111,20885,2025-12-01 14:41:11,3,255,check-in,2026-02-10 12:11:03
1111,20886,2025-12-01 14:41:20,3,255,check-in,2026-02-10 12:11:03
000447,20887,2025-12-01 17:30:13,1,255,check-in,2026-02-10 12:11:03
550082,20888,2025-12-01 17:30:17,1,255,check-in,2026-02-10 12:11:03
550199,20889,2025-12-01 17:30:27,1,255,check-in,2026-02-10 12:11:03
550241,20890,2025-12-01 17:30:36,1,255,check-in,2026-02-10 12:11:03
000444,20891,2025-12-01 17:30:39,1,255,check-in,2026-02-10 12:11:03
550232,20892,2025-12-01 17:30:43,1,255,check-in,2026-02-10 12:11:03
550220,20893,2025-12-01 17:30:48,1,255,check-in,2026-02-10 12:11:03
550049,20894,2025-12-01 17:30:53,1,255,check-in,2026-02-10 12:11:03
550205,20895,2025-12-01 17:30:57,1,255,check-in,2026-02-10 12:11:03
550196,20896,2025-12-01 17:31:04,1,255,check-in,2026-02-10 12:11:03
550207,20897,2025-12-01 17:31:07,1,255,check-in,2026-02-10 12:11:03
550153,20898,2025-12-01 17:31:11,1,255,check-in,2026-02-10 12:11:03
000446,20899,2025-12-01 17:31:15,1,255,check-in,2026-02-10 12:11:03
550179,20900,2025-12-01 17:31:29,1,255,check-in,2026-02-10 12:11:03
550042,20901,2025-12-01 17:31:37,1,255,check-in,2026-02-10 12:11:03
550044,20902,2025-12-01 17:31:40,1,255,check-in,2026-02-10 12:11:03
550210,20903,2025-12-01 17:31:46,1,255,check-in,2026-02-10 12:11:03
550185,20904,2025-12-01 17:31:53,1,255,check-in,2026-02-10 12:11:03
550182,20905,2025-12-01 17:31:57,1,255,check-in,2026-02-10 12:11:03
550204,20906,2025-12-01 17:33:38,1,255,check-in,2026-02-10 12:11:03
550202,20907,2025-12-01 17:33:42,15,255,check-in,2026-02-10 12:11:03
550202,20908,2025-12-01 17:33:45,15,255,check-in,2026-02-10 12:11:03
550203,20909,2025-12-01 17:34:42,1,255,check-in,2026-02-10 12:11:03
660106,20910,2025-12-01 17:34:47,1,255,check-in,2026-02-10 12:11:03
474,20911,2025-12-01 17:36:29,1,255,check-in,2026-02-10 12:11:03
550160,20912,2025-12-01 17:36:37,1,255,check-in,2026-02-10 12:11:03
550193,20913,2025-12-01 17:37:53,1,255,check-in,2026-02-10 12:11:03
000487,20914,2025-12-01 17:42:01,1,255,check-in,2026-02-10 12:11:03
550209,20915,2025-12-01 20:21:04,1,255,check-in,2026-02-10 12:11:03
550209,20916,2025-12-02 06:09:16,1,255,check-in,2026-02-10 12:11:03
550241,20917,2025-12-02 07:03:12,1,255,check-in,2026-02-10 12:11:03
550204,20918,2025-12-02 07:05:05,1,255,check-in,2026-02-10 12:11:03
550044,20919,2025-12-02 07:09:46,1,255,check-in,2026-02-10 12:11:03
550153,20920,2025-12-02 07:13:15,1,255,check-in,2026-02-10 12:11:03
550232,20921,2025-12-02 07:16:10,1,255,check-in,2026-02-10 12:11:03
550232,20922,2025-12-02 07:16:11,15,255,check-in,2026-02-10 12:11:03
000487,20923,2025-12-02 07:17:52,1,255,check-in,2026-02-10 12:11:03
660106,20924,2025-12-02 07:18:46,1,255,check-in,2026-02-10 12:11:03
550179,20925,2025-12-02 07:19:01,1,255,check-in,2026-02-10 12:11:03
550203,20926,2025-12-02 07:19:07,1,255,check-in,2026-02-10 12:11:03
000444,20927,2025-12-02 07:19:14,1,255,check-in,2026-02-10 12:11:03
550193,20928,2025-12-02 07:19:30,1,255,check-in,2026-02-10 12:11:03
000446,20929,2025-12-02 07:19:34,1,255,check-in,2026-02-10 12:11:03
550185,20930,2025-12-02 07:20:22,15,255,check-in,2026-02-10 12:11:03
550082,20931,2025-12-02 07:21:47,1,255,check-in,2026-02-10 12:11:03
000447,20932,2025-12-02 07:22:27,1,255,check-in,2026-02-10 12:11:03
000447,20933,2025-12-02 07:22:28,15,255,check-in,2026-02-10 12:11:03
550038,20934,2025-12-02 07:23:59,1,255,check-in,2026-02-10 12:11:03
550205,20935,2025-12-02 07:27:56,1,255,check-in,2026-02-10 12:11:03
550194,20936,2025-12-02 07:28:57,1,255,check-in,2026-02-10 12:11:03
550182,20937,2025-12-02 07:31:05,1,255,check-in,2026-02-10 12:11:03
474,20938,2025-12-02 07:33:02,1,255,check-in,2026-02-10 12:11:03
550210,20939,2025-12-02 07:33:09,1,255,check-in,2026-02-10 12:11:03
550049,20940,2025-12-02 07:33:13,1,255,check-in,2026-02-10 12:11:03
550042,20941,2025-12-02 07:34:47,1,255,check-in,2026-02-10 12:11:03
550042,20942,2025-12-02 07:35:30,1,255,check-in,2026-02-10 12:11:03
550202,20943,2025-12-02 07:36:08,15,255,check-in,2026-02-10 12:11:03
550220,20944,2025-12-02 07:39:45,1,255,check-in,2026-02-10 12:11:03
550207,20945,2025-12-02 07:44:30,1,255,check-in,2026-02-10 12:11:03
660038,20946,2025-12-02 07:56:08,1,255,check-in,2026-02-10 12:11:03
550199,20947,2025-12-02 08:24:26,1,255,check-in,2026-02-10 12:11:03
550196,20948,2025-12-02 13:18:59,1,255,check-in,2026-02-10 12:11:03
550207,20949,2025-12-02 15:38:35,1,255,check-in,2026-02-10 12:11:03
474,20950,2025-12-02 15:47:50,1,255,check-in,2026-02-10 12:11:03
550038,20951,2025-12-02 17:30:43,1,255,check-in,2026-02-10 12:11:03
550241,20952,2025-12-02 17:30:51,1,255,check-in,2026-02-10 12:11:03
550199,20953,2025-12-02 17:30:56,1,255,check-in,2026-02-10 12:11:03
000447,20954,2025-12-02 17:31:07,15,255,check-in,2026-02-10 12:11:03
000447,20955,2025-12-02 17:31:09,15,255,check-in,2026-02-10 12:11:03
000447,20956,2025-12-02 17:31:12,15,255,check-in,2026-02-10 12:11:03
000447,20957,2025-12-02 17:31:14,15,255,check-in,2026-02-10 12:11:03
550082,20958,2025-12-02 17:31:18,1,255,check-in,2026-02-10 12:11:03
550049,20959,2025-12-02 17:31:20,1,255,check-in,2026-02-10 12:11:03
550205,20960,2025-12-02 17:31:35,1,255,check-in,2026-02-10 12:11:03
000444,20961,2025-12-02 17:31:38,1,255,check-in,2026-02-10 12:11:03
550220,20962,2025-12-02 17:31:42,1,255,check-in,2026-02-10 12:11:03
550153,20963,2025-12-02 17:31:44,1,255,check-in,2026-02-10 12:11:03
550185,20964,2025-12-02 17:31:49,15,255,check-in,2026-02-10 12:11:03
550232,20965,2025-12-02 17:31:55,1,255,check-in,2026-02-10 12:11:03
660038,20966,2025-12-02 17:32:08,1,255,check-in,2026-02-10 12:11:03
550193,20967,2025-12-02 17:32:12,1,255,check-in,2026-02-10 12:11:03
550042,20968,2025-12-02 17:32:18,15,255,check-in,2026-02-10 12:11:03
550044,20969,2025-12-02 17:32:20,1,255,check-in,2026-02-10 12:11:03
550194,20970,2025-12-02 17:32:26,1,255,check-in,2026-02-10 12:11:03
550042,20971,2025-12-02 17:32:31,1,255,check-in,2026-02-10 12:11:03
000446,20972,2025-12-02 17:32:35,1,255,check-in,2026-02-10 12:11:03
550203,20973,2025-12-02 17:32:39,1,255,check-in,2026-02-10 12:11:03
550182,20974,2025-12-02 17:32:45,1,255,check-in,2026-02-10 12:11:03
550210,20975,2025-12-02 17:32:51,1,255,check-in,2026-02-10 12:11:03
550196,20976,2025-12-02 17:32:56,1,255,check-in,2026-02-10 12:11:03
550179,20977,2025-12-02 17:33:04,1,255,check-in,2026-02-10 12:11:03
660106,20978,2025-12-02 17:33:17,1,255,check-in,2026-02-10 12:11:03
550204,20979,2025-12-02 17:33:24,1,255,check-in,2026-02-10 12:11:03
550202,20980,2025-12-02 17:33:50,15,255,check-in,2026-02-10 12:11:03
000487,20981,2025-12-02 17:43:24,1,255,check-in,2026-02-10 12:11:03
550209,20982,2025-12-02 18:32:24,1,255,check-in,2026-02-10 12:11:03
550209,20983,2025-12-03 06:15:50,1,255,check-in,2026-02-10 12:11:03
550241,20984,2025-12-03 06:50:25,1,255,check-in,2026-02-10 12:11:03
550204,20985,2025-12-03 07:01:26,1,255,check-in,2026-02-10 12:11:03
550232,20986,2025-12-03 07:02:24,1,255,check-in,2026-02-10 12:11:03
550185,20987,2025-12-03 07:05:30,1,255,check-in,2026-02-10 12:11:03
550153,20988,2025-12-03 07:12:53,1,255,check-in,2026-02-10 12:11:03
550199,20989,2025-12-03 07:15:19,1,255,check-in,2026-02-10 12:11:03
550038,20990,2025-12-03 07:15:51,1,255,check-in,2026-02-10 12:11:03
550179,20991,2025-12-03 07:16:25,1,255,check-in,2026-02-10 12:11:03
000447,20992,2025-12-03 07:17:44,1,255,check-in,2026-02-10 12:11:03
000446,20993,2025-12-03 07:18:18,1,255,check-in,2026-02-10 12:11:03
660106,20994,2025-12-03 07:21:13,1,255,check-in,2026-02-10 12:11:03
550182,20995,2025-12-03 07:22:21,1,255,check-in,2026-02-10 12:11:03
550082,20996,2025-12-03 07:22:56,1,255,check-in,2026-02-10 12:11:03
550044,20997,2025-12-03 07:25:50,1,255,check-in,2026-02-10 12:11:03
550207,20998,2025-12-03 07:26:09,1,255,check-in,2026-02-10 12:11:03
474,20999,2025-12-03 07:26:16,1,255,check-in,2026-02-10 12:11:03
000444,21000,2025-12-03 07:26:19,1,255,check-in,2026-02-10 12:11:03
550205,21001,2025-12-03 07:26:24,1,255,check-in,2026-02-10 12:11:03
550196,21002,2025-12-03 07:26:31,1,255,check-in,2026-02-10 12:11:03
550220,21003,2025-12-03 07:29:03,1,255,check-in,2026-02-10 12:11:03
550210,21004,2025-12-03 07:29:53,1,255,check-in,2026-02-10 12:11:03
550194,21005,2025-12-03 07:31:43,1,255,check-in,2026-02-10 12:11:03
550203,21006,2025-12-03 07:32:15,1,255,check-in,2026-02-10 12:11:03
550049,21007,2025-12-03 07:33:09,1,255,check-in,2026-02-10 12:11:03
550160,21008,2025-12-03 07:33:29,1,255,check-in,2026-02-10 12:11:03
550202,21009,2025-12-03 07:33:38,1,255,check-in,2026-02-10 12:11:03
000487,21010,2025-12-03 07:37:33,1,255,check-in,2026-02-10 12:11:03
550042,21011,2025-12-03 07:39:36,1,255,check-in,2026-02-10 12:11:03
550226,21012,2025-12-03 07:39:43,1,255,check-in,2026-02-10 12:11:03
660038,21013,2025-12-03 08:12:54,1,255,check-in,2026-02-10 12:11:03
550049,21014,2025-12-03 15:31:25,1,255,check-in,2026-02-10 12:11:03
550153,21015,2025-12-03 15:31:31,1,255,check-in,2026-02-10 12:11:03
550082,21016,2025-12-03 17:35:30,1,255,check-in,2026-02-10 12:11:03
660106,21017,2025-12-03 17:37:19,1,255,check-in,2026-02-10 12:11:03
660038,21018,2025-12-03 17:37:22,1,255,check-in,2026-02-10 12:11:03
550194,21019,2025-12-03 17:37:26,1,255,check-in,2026-02-10 12:11:03
550044,21020,2025-12-03 17:37:29,1,255,check-in,2026-02-10 12:11:03
550038,21021,2025-12-03 17:37:31,1,255,check-in,2026-02-10 12:11:03
550193,21022,2025-12-03 17:37:34,1,255,check-in,2026-02-10 12:11:03
550199,21023,2025-12-03 17:37:37,1,255,check-in,2026-02-10 12:11:03
550220,21024,2025-12-03 17:37:41,1,255,check-in,2026-02-10 12:11:03
000444,21025,2025-12-03 17:37:47,1,255,check-in,2026-02-10 12:11:03
550241,21026,2025-12-03 17:37:51,1,255,check-in,2026-02-10 12:11:03
550196,21027,2025-12-03 17:37:58,1,255,check-in,2026-02-10 12:11:03
550205,21028,2025-12-03 17:38:08,1,255,check-in,2026-02-10 12:11:03
550232,21029,2025-12-03 17:38:10,1,255,check-in,2026-02-10 12:11:03
550042,21030,2025-12-03 17:38:14,1,255,check-in,2026-02-10 12:11:03
550207,21031,2025-12-03 17:38:17,1,255,check-in,2026-02-10 12:11:03
550182,21032,2025-12-03 17:38:23,1,255,check-in,2026-02-10 12:11:03
550210,21033,2025-12-03 17:38:28,1,255,check-in,2026-02-10 12:11:03
550160,21034,2025-12-03 17:38:31,1,255,check-in,2026-02-10 12:11:03
550185,21035,2025-12-03 17:38:34,15,255,check-in,2026-02-10 12:11:03
000446,21036,2025-12-03 17:38:39,1,255,check-in,2026-02-10 12:11:03
550203,21037,2025-12-03 17:38:44,1,255,check-in,2026-02-10 12:11:03
550226,21038,2025-12-03 17:38:48,1,255,check-in,2026-02-10 12:11:03
550202,21039,2025-12-03 17:38:53,1,255,check-in,2026-02-10 12:11:03
474,21040,2025-12-03 17:39:00,1,255,check-in,2026-02-10 12:11:03
550204,21041,2025-12-03 17:39:32,1,255,check-in,2026-02-10 12:11:03
000487,21042,2025-12-03 17:52:01,1,255,check-in,2026-02-10 12:11:03
550209,21043,2025-12-03 18:05:31,1,255,check-in,2026-02-10 12:11:03
000447,21044,2025-12-03 19:11:10,15,255,check-in,2026-02-10 12:11:03
000447,21045,2025-12-03 19:11:12,15,255,check-in,2026-02-10 12:11:03
550204,21046,2025-12-05 06:42:58,1,255,check-in,2026-02-10 12:11:03
550241,21047,2025-12-05 06:51:10,1,255,check-in,2026-02-10 12:11:03
550153,21048,2025-12-05 07:11:33,1,255,check-in,2026-02-10 12:11:03
550044,21049,2025-12-05 07:11:37,1,255,check-in,2026-02-10 12:11:03
000446,21050,2025-12-05 07:13:11,1,255,check-in,2026-02-10 12:11:03
550185,21051,2025-12-05 07:14:57,15,255,check-in,2026-02-10 12:11:03
550185,21052,2025-12-05 07:14:58,15,255,check-in,2026-02-10 12:11:03
550038,21053,2025-12-05 07:19:13,1,255,check-in,2026-02-10 12:11:03
000447,21054,2025-12-05 07:19:40,15,255,check-in,2026-02-10 12:11:03
000447,21055,2025-12-05 07:19:43,1,255,check-in,2026-02-10 12:11:03
550179,21056,2025-12-05 07:19:56,1,255,check-in,2026-02-10 12:11:03
550220,21057,2025-12-05 07:22:07,1,255,check-in,2026-02-10 12:11:03
550082,21058,2025-12-05 07:22:14,1,255,check-in,2026-02-10 12:11:03
550199,21059,2025-12-05 07:24:45,1,255,check-in,2026-02-10 12:11:03
550193,21060,2025-12-05 07:26:26,1,255,check-in,2026-02-10 12:11:03
000444,21061,2025-12-05 07:26:32,1,255,check-in,2026-02-10 12:11:03
550196,21062,2025-12-05 07:27:27,1,255,check-in,2026-02-10 12:11:03
660106,21063,2025-12-05 07:27:33,1,255,check-in,2026-02-10 12:11:03
550182,21064,2025-12-05 07:29:01,1,255,check-in,2026-02-10 12:11:03
550220,21065,2025-12-05 07:29:32,1,255,check-in,2026-02-10 12:11:03
550210,21066,2025-12-05 07:30:36,1,255,check-in,2026-02-10 12:11:03
550194,21067,2025-12-05 07:33:06,1,255,check-in,2026-02-10 12:11:03
550202,21068,2025-12-05 07:33:11,1,255,check-in,2026-02-10 12:11:03
550049,21069,2025-12-05 07:33:20,1,255,check-in,2026-02-10 12:11:03
550160,21070,2025-12-05 07:34:47,1,255,check-in,2026-02-10 12:11:03
550207,21071,2025-12-05 07:36:15,1,255,check-in,2026-02-10 12:11:03
550203,21072,2025-12-05 07:39:36,1,255,check-in,2026-02-10 12:11:03
550042,21073,2025-12-05 07:42:10,1,255,check-in,2026-02-10 12:11:03
000487,21074,2025-12-05 07:43:06,1,255,check-in,2026-02-10 12:11:03
474,21075,2025-12-05 07:52:20,1,255,check-in,2026-02-10 12:11:03
660038,21076,2025-12-05 08:05:41,1,255,check-in,2026-02-10 12:11:03
550209,21077,2025-12-05 08:34:06,1,255,check-in,2026-02-10 12:11:03
550038,21078,2025-12-05 17:30:16,1,255,check-in,2026-02-10 12:11:03
550082,21079,2025-12-05 17:30:18,1,255,check-in,2026-02-10 12:11:03
000447,21080,2025-12-05 17:30:25,1,255,check-in,2026-02-10 12:11:03
000447,21081,2025-12-05 17:30:27,1,255,check-in,2026-02-10 12:11:03
550241,21082,2025-12-05 17:30:33,1,255,check-in,2026-02-10 12:11:03
550220,21083,2025-12-05 17:30:39,1,255,check-in,2026-02-10 12:11:03
550199,21084,2025-12-05 17:30:49,1,255,check-in,2026-02-10 12:11:03
550049,21085,2025-12-05 17:30:53,1,255,check-in,2026-02-10 12:11:03
550185,21086,2025-12-05 17:30:56,1,255,check-in,2026-02-10 12:11:03
550207,21087,2025-12-05 17:31:00,1,255,check-in,2026-02-10 12:11:03
550196,21088,2025-12-05 17:31:03,1,255,check-in,2026-02-10 12:11:03
000444,21089,2025-12-05 17:31:05,1,255,check-in,2026-02-10 12:11:03
000446,21090,2025-12-05 17:31:20,1,255,check-in,2026-02-10 12:11:03
550042,21091,2025-12-05 17:31:24,1,255,check-in,2026-02-10 12:11:03
550042,21092,2025-12-05 17:31:26,15,255,check-in,2026-02-10 12:11:03
550210,21093,2025-12-05 17:31:41,1,255,check-in,2026-02-10 12:11:03
550193,21094,2025-12-05 17:31:49,1,255,check-in,2026-02-10 12:11:03
550194,21095,2025-12-05 17:31:53,1,255,check-in,2026-02-10 12:11:03
550044,21096,2025-12-05 17:31:58,1,255,check-in,2026-02-10 12:11:03
474,21097,2025-12-05 17:32:05,1,255,check-in,2026-02-10 12:11:03
550182,21098,2025-12-05 17:32:10,15,255,check-in,2026-02-10 12:11:03
550182,21099,2025-12-05 17:32:12,1,255,check-in,2026-02-10 12:11:03
660106,21100,2025-12-05 17:32:15,1,255,check-in,2026-02-10 12:11:03
660038,21101,2025-12-05 17:32:26,1,255,check-in,2026-02-10 12:11:03
660038,21102,2025-12-05 17:32:31,1,255,check-in,2026-02-10 12:11:03
550203,21103,2025-12-05 17:32:53,1,255,check-in,2026-02-10 12:11:03
550153,21104,2025-12-05 17:33:12,1,255,check-in,2026-02-10 12:11:03
550179,21105,2025-12-05 17:33:43,1,255,check-in,2026-02-10 12:11:03
550204,21106,2025-12-05 17:34:16,1,255,check-in,2026-02-10 12:11:03
550202,21107,2025-12-05 17:35:15,15,255,check-in,2026-02-10 12:11:03
550202,21108,2025-12-05 17:35:22,15,255,check-in,2026-02-10 12:11:03
550209,21109,2025-12-05 17:37:41,1,255,check-in,2026-02-10 12:11:03
000487,21110,2025-12-05 17:39:51,1,255,check-in,2026-02-10 12:11:03
550160,21111,2025-12-05 17:40:29,1,255,check-in,2026-02-10 12:11:03
550202,21112,2025-12-06 07:51:54,15,255,check-in,2026-02-10 12:11:03
550202,21113,2025-12-06 07:51:56,1,255,check-in,2026-02-10 12:11:03
550203,21114,2025-12-06 08:01:46,1,255,check-in,2026-02-10 12:11:03
550203,21115,2025-12-06 17:04:25,1,255,check-in,2026-02-10 12:11:03
550202,21116,2025-12-06 17:04:38,1,255,check-in,2026-02-10 12:11:03
550204,21117,2025-12-08 06:43:06,1,255,check-in,2026-02-10 12:11:03
550241,21118,2025-12-08 06:55:12,1,255,check-in,2026-02-10 12:11:03
550232,21119,2025-12-08 07:10:03,1,255,check-in,2026-02-10 12:11:03
550232,21120,2025-12-08 07:10:05,15,255,check-in,2026-02-10 12:11:03
550232,21121,2025-12-08 07:10:07,15,255,check-in,2026-02-10 12:11:03
550226,21122,2025-12-08 07:12:15,1,255,check-in,2026-02-10 12:11:03
550185,21123,2025-12-08 07:14:21,1,255,check-in,2026-02-10 12:11:03
550203,21124,2025-12-08 07:14:40,15,255,check-in,2026-02-10 12:11:03
550203,21125,2025-12-08 07:14:42,1,255,check-in,2026-02-10 12:11:03
550153,21126,2025-12-08 07:15:19,1,255,check-in,2026-02-10 12:11:03
000446,21127,2025-12-08 07:16:46,1,255,check-in,2026-02-10 12:11:03
550044,21128,2025-12-08 07:17:15,1,255,check-in,2026-02-10 12:11:03
000447,21129,2025-12-08 07:18:35,1,255,check-in,2026-02-10 12:11:03
550179,21130,2025-12-08 07:19:06,15,255,check-in,2026-02-10 12:11:03
550179,21131,2025-12-08 07:19:14,1,255,check-in,2026-02-10 12:11:03
550199,21132,2025-12-08 07:23:42,1,255,check-in,2026-02-10 12:11:03
550210,21133,2025-12-08 07:23:50,1,255,check-in,2026-02-10 12:11:03
550196,21134,2025-12-08 07:26:49,1,255,check-in,2026-02-10 12:11:03
550194,21135,2025-12-08 07:27:36,1,255,check-in,2026-02-10 12:11:03
660106,21136,2025-12-08 07:28:55,1,255,check-in,2026-02-10 12:11:03
550193,21137,2025-12-08 07:29:14,1,255,check-in,2026-02-10 12:11:03
550220,21138,2025-12-08 07:29:30,1,255,check-in,2026-02-10 12:11:03
550182,21139,2025-12-08 07:30:52,1,255,check-in,2026-02-10 12:11:03
550049,21140,2025-12-08 07:30:59,1,255,check-in,2026-02-10 12:11:03
550042,21141,2025-12-08 07:32:45,1,255,check-in,2026-02-10 12:11:03
550042,21142,2025-12-08 07:32:47,15,255,check-in,2026-02-10 12:11:03
550207,21143,2025-12-08 07:32:49,1,255,check-in,2026-02-10 12:11:03
550202,21144,2025-12-08 07:36:11,1,255,check-in,2026-02-10 12:11:03
000487,21145,2025-12-08 07:40:33,1,255,check-in,2026-02-10 12:11:03
550038,21146,2025-12-08 08:00:21,1,255,check-in,2026-02-10 12:11:03
660038,21147,2025-12-08 08:10:37,1,255,check-in,2026-02-10 12:11:03
550082,21148,2025-12-08 10:14:29,1,255,check-in,2026-02-10 12:11:03
550160,21149,2025-12-08 12:33:35,1,255,check-in,2026-02-10 12:11:03
550207,21150,2025-12-08 15:39:11,1,255,check-in,2026-02-10 12:11:03
550082,21151,2025-12-08 17:30:43,1,255,check-in,2026-02-10 12:11:03
550199,21152,2025-12-08 17:30:46,1,255,check-in,2026-02-10 12:11:03
550038,21153,2025-12-08 17:30:50,1,255,check-in,2026-02-10 12:11:03
550241,21154,2025-12-08 17:30:56,1,255,check-in,2026-02-10 12:11:03
550185,21155,2025-12-08 17:30:59,1,255,check-in,2026-02-10 12:11:03
000447,21156,2025-12-08 17:31:03,1,255,check-in,2026-02-10 12:11:03
550049,21157,2025-12-08 17:31:05,1,255,check-in,2026-02-10 12:11:03
550196,21158,2025-12-08 17:31:08,1,255,check-in,2026-02-10 12:11:03
550044,21159,2025-12-08 17:31:10,1,255,check-in,2026-02-10 12:11:03
550220,21160,2025-12-08 17:31:14,1,255,check-in,2026-02-10 12:11:03
000446,21161,2025-12-08 17:31:19,1,255,check-in,2026-02-10 12:11:03
550182,21162,2025-12-08 17:31:24,1,255,check-in,2026-02-10 12:11:03
550182,21163,2025-12-08 17:31:25,15,255,check-in,2026-02-10 12:11:03
550042,21164,2025-12-08 17:31:31,1,255,check-in,2026-02-10 12:11:03
660106,21165,2025-12-08 17:31:35,1,255,check-in,2026-02-10 12:11:03
550210,21166,2025-12-08 17:31:41,1,255,check-in,2026-02-10 12:11:03
550153,21167,2025-12-08 17:31:45,1,255,check-in,2026-02-10 12:11:03
550232,21168,2025-12-08 17:31:52,1,255,check-in,2026-02-10 12:11:03
550232,21169,2025-12-08 17:31:53,15,255,check-in,2026-02-10 12:11:03
550203,21170,2025-12-08 17:32:27,1,255,check-in,2026-02-10 12:11:03
550194,21171,2025-12-08 17:32:30,1,255,check-in,2026-02-10 12:11:03
550226,21172,2025-12-08 17:33:21,1,255,check-in,2026-02-10 12:11:03
550179,21173,2025-12-08 17:33:59,1,255,check-in,2026-02-10 12:11:03
550202,21174,2025-12-08 17:35:17,1,255,check-in,2026-02-10 12:11:03
550202,21175,2025-12-08 17:35:28,1,255,check-in,2026-02-10 12:11:03
550193,21176,2025-12-08 17:37:41,1,255,check-in,2026-02-10 12:11:03
550160,21177,2025-12-08 17:38:36,1,255,check-in,2026-02-10 12:11:03
550204,21178,2025-12-08 17:39:40,1,255,check-in,2026-02-10 12:11:03
660038,21179,2025-12-08 17:42:01,1,255,check-in,2026-02-10 12:11:03
000487,21180,2025-12-08 17:42:12,1,255,check-in,2026-02-10 12:11:03
550209,21181,2025-12-09 06:09:38,1,255,check-in,2026-02-10 12:11:03
550204,21182,2025-12-09 06:40:27,1,255,check-in,2026-02-10 12:11:03
550241,21183,2025-12-09 06:45:45,1,255,check-in,2026-02-10 12:11:03
550044,21184,2025-12-09 07:08:09,1,255,check-in,2026-02-10 12:11:03
550232,21185,2025-12-09 07:09:30,15,255,check-in,2026-02-10 12:11:03
550232,21186,2025-12-09 07:09:32,1,255,check-in,2026-02-10 12:11:03
550232,21187,2025-12-09 07:09:33,15,255,check-in,2026-02-10 12:11:03
550226,21188,2025-12-09 07:10:27,1,255,check-in,2026-02-10 12:11:03
550038,21189,2025-12-09 07:12:08,1,255,check-in,2026-02-10 12:11:03
550153,21190,2025-12-09 07:13:33,1,255,check-in,2026-02-10 12:11:03
550185,21191,2025-12-09 07:13:45,15,255,check-in,2026-02-10 12:11:03
000446,21192,2025-12-09 07:16:01,1,255,check-in,2026-02-10 12:11:03
550179,21193,2025-12-09 07:16:14,1,255,check-in,2026-02-10 12:11:03
550082,21194,2025-12-09 07:20:51,1,255,check-in,2026-02-10 12:11:03
550203,21195,2025-12-09 07:21:55,1,255,check-in,2026-02-10 12:11:03
550205,21196,2025-12-09 07:22:40,1,255,check-in,2026-02-10 12:11:03
550196,21197,2025-12-09 07:22:46,1,255,check-in,2026-02-10 12:11:03
000444,21198,2025-12-09 07:22:50,1,255,check-in,2026-02-10 12:11:03
550193,21199,2025-12-09 07:23:05,1,255,check-in,2026-02-10 12:11:03
550220,21200,2025-12-09 07:24:56,1,255,check-in,2026-02-10 12:11:03
660106,21201,2025-12-09 07:26:24,1,255,check-in,2026-02-10 12:11:03
550182,21202,2025-12-09 07:26:30,1,255,check-in,2026-02-10 12:11:03
550199,21203,2025-12-09 07:26:44,1,255,check-in,2026-02-10 12:11:03
550042,21204,2025-12-09 07:26:55,1,255,check-in,2026-02-10 12:11:03
000447,21205,2025-12-09 07:27:52,15,255,check-in,2026-02-10 12:11:03
000447,21206,2025-12-09 07:27:54,1,255,check-in,2026-02-10 12:11:03
550210,21207,2025-12-09 07:30:08,1,255,check-in,2026-02-10 12:11:03
474,21208,2025-12-09 07:31:07,1,255,check-in,2026-02-10 12:11:03
550049,21209,2025-12-09 07:32:28,1,255,check-in,2026-02-10 12:11:03
550202,21210,2025-12-09 07:34:14,1,255,check-in,2026-02-10 12:11:03
000487,21211,2025-12-09 07:35:08,1,255,check-in,2026-02-10 12:11:03
660038,21212,2025-12-09 07:45:51,1,255,check-in,2026-02-10 12:11:03
550207,21213,2025-12-09 08:19:47,1,255,check-in,2026-02-10 12:11:03
550160,21214,2025-12-09 08:22:14,1,255,check-in,2026-02-10 12:11:03
550194,21215,2025-12-09 10:28:28,1,255,check-in,2026-02-10 12:11:03
550199,21216,2025-12-09 17:30:36,1,255,check-in,2026-02-10 12:11:03
550082,21217,2025-12-09 17:30:39,1,255,check-in,2026-02-10 12:11:03
550232,21218,2025-12-09 17:30:44,1,255,check-in,2026-02-10 12:11:03
550049,21219,2025-12-09 17:30:57,1,255,check-in,2026-02-10 12:11:03
550205,21220,2025-12-09 17:31:01,1,255,check-in,2026-02-10 12:11:03
550038,21221,2025-12-09 17:31:03,1,255,check-in,2026-02-10 12:11:03
000444,21222,2025-12-09 17:31:05,1,255,check-in,2026-02-10 12:11:03
550207,21223,2025-12-09 17:31:08,1,255,check-in,2026-02-10 12:11:03
000446,21224,2025-12-09 17:31:17,1,255,check-in,2026-02-10 12:11:03
000447,21225,2025-12-09 17:31:22,1,255,check-in,2026-02-10 12:11:03
000447,21226,2025-12-09 17:31:25,1,255,check-in,2026-02-10 12:11:03
550241,21227,2025-12-09 17:31:33,1,255,check-in,2026-02-10 12:11:03
550042,21228,2025-12-09 17:31:38,1,255,check-in,2026-02-10 12:11:03
550194,21229,2025-12-09 17:31:42,1,255,check-in,2026-02-10 12:11:03
550182,21230,2025-12-09 17:31:47,1,255,check-in,2026-02-10 12:11:03
550185,21231,2025-12-09 17:32:06,1,255,check-in,2026-02-10 12:11:03
550210,21232,2025-12-09 17:32:42,1,255,check-in,2026-02-10 12:11:03
550193,21233,2025-12-09 17:32:46,1,255,check-in,2026-02-10 12:11:03
550226,21234,2025-12-09 17:32:51,1,255,check-in,2026-02-10 12:11:03
550203,21235,2025-12-09 17:32:56,1,255,check-in,2026-02-10 12:11:03
550179,21236,2025-12-09 17:33:10,1,255,check-in,2026-02-10 12:11:03
474,21237,2025-12-09 17:34:08,1,255,check-in,2026-02-10 12:11:03
550202,21238,2025-12-09 17:35:22,1,255,check-in,2026-02-10 12:11:03
550204,21239,2025-12-09 17:36:29,1,255,check-in,2026-02-10 12:11:03
000487,21240,2025-12-09 17:45:02,1,255,check-in,2026-02-10 12:11:03
660106,21241,2025-12-09 17:50:20,1,255,check-in,2026-02-10 12:11:03
660038,21242,2025-12-09 18:15:26,1,255,check-in,2026-02-10 12:11:03
550209,21243,2025-12-09 18:19:30,1,255,check-in,2026-02-10 12:11:03
550153,21244,2025-12-09 19:01:29,1,255,check-in,2026-02-10 12:11:03
550196,21245,2025-12-09 19:09:00,1,255,check-in,2026-02-10 12:11:03
550044,21246,2025-12-09 19:25:45,1,255,check-in,2026-02-10 12:11:03
550220,21247,2025-12-09 19:37:31,1,255,check-in,2026-02-10 12:11:03
550160,21248,2025-12-09 19:37:35,1,255,check-in,2026-02-10 12:11:03
550160,21249,2025-12-09 19:38:02,1,255,check-in,2026-02-10 12:11:03
550204,21250,2025-12-10 06:42:26,1,255,check-in,2026-02-10 12:11:03
550241,21251,2025-12-10 06:50:02,1,255,check-in,2026-02-10 12:11:03
550232,21252,2025-12-10 07:03:29,1,255,check-in,2026-02-10 12:11:03
550044,21253,2025-12-10 07:09:27,1,255,check-in,2026-02-10 12:11:03
550153,21254,2025-12-10 07:12:41,1,255,check-in,2026-02-10 12:11:03
550226,21255,2025-12-10 07:15:25,1,255,check-in,2026-02-10 12:11:03
000446,21256,2025-12-10 07:16:44,1,255,check-in,2026-02-10 12:11:03
550179,21257,2025-12-10 07:17:13,1,255,check-in,2026-02-10 12:11:03
550185,21258,2025-12-10 07:17:42,1,255,check-in,2026-02-10 12:11:03
550203,21259,2025-12-10 07:19:21,1,255,check-in,2026-02-10 12:11:03
550194,21260,2025-12-10 07:22:25,1,255,check-in,2026-02-10 12:11:03
550082,21261,2025-12-10 07:22:37,1,255,check-in,2026-02-10 12:11:03
550199,21262,2025-12-10 07:23:41,1,255,check-in,2026-02-10 12:11:03
550205,21263,2025-12-10 07:24:56,1,255,check-in,2026-02-10 12:11:03
000444,21264,2025-12-10 07:25:00,1,255,check-in,2026-02-10 12:11:03
550193,21265,2025-12-10 07:25:07,1,255,check-in,2026-02-10 12:11:03
000447,21266,2025-12-10 07:25:15,1,255,check-in,2026-02-10 12:11:03
660106,21267,2025-12-10 07:25:25,1,255,check-in,2026-02-10 12:11:03
550182,21268,2025-12-10 07:26:40,1,255,check-in,2026-02-10 12:11:03
474,21269,2025-12-10 07:27:49,1,255,check-in,2026-02-10 12:11:03
550207,21270,2025-12-10 07:28:59,1,255,check-in,2026-02-10 12:11:03
550196,21271,2025-12-10 07:29:12,1,255,check-in,2026-02-10 12:11:03
550160,21272,2025-12-10 07:30:23,1,255,check-in,2026-02-10 12:11:03
550049,21273,2025-12-10 07:31:24,1,255,check-in,2026-02-10 12:11:03
550210,21274,2025-12-10 07:32:55,1,255,check-in,2026-02-10 12:11:03
550042,21275,2025-12-10 07:33:04,1,255,check-in,2026-02-10 12:11:03
550220,21276,2025-12-10 07:34:24,1,255,check-in,2026-02-10 12:11:03
550038,21277,2025-12-10 07:34:54,1,255,check-in,2026-02-10 12:11:03
550202,21278,2025-12-10 07:35:11,15,255,check-in,2026-02-10 12:11:03
550202,21279,2025-12-10 07:35:13,1,255,check-in,2026-02-10 12:11:03
000487,21280,2025-12-10 07:47:56,1,255,check-in,2026-02-10 12:11:03
660038,21281,2025-12-10 08:02:12,1,255,check-in,2026-02-10 12:11:03
550082,21282,2025-12-10 15:33:35,1,255,check-in,2026-02-10 12:11:03
550199,21283,2025-12-10 17:31:11,1,255,check-in,2026-02-10 12:11:03
550049,21284,2025-12-10 17:31:24,1,255,check-in,2026-02-10 12:11:03
000444,21285,2025-12-10 17:31:31,1,255,check-in,2026-02-10 12:11:03
550196,21286,2025-12-10 17:31:35,1,255,check-in,2026-02-10 12:11:03
550199,21287,2025-12-10 17:31:39,1,255,check-in,2026-02-10 12:11:03
550038,21288,2025-12-10 17:31:41,1,255,check-in,2026-02-10 12:11:03
550207,21289,2025-12-10 17:31:46,1,255,check-in,2026-02-10 12:11:03
550220,21290,2025-12-10 17:31:55,1,255,check-in,2026-02-10 12:11:03
550241,21291,2025-12-10 17:32:00,1,255,check-in,2026-02-10 12:11:03
550205,21292,2025-12-10 17:32:05,1,255,check-in,2026-02-10 12:11:03
550194,21293,2025-12-10 17:32:08,1,255,check-in,2026-02-10 12:11:03
000446,21294,2025-12-10 17:32:10,1,255,check-in,2026-02-10 12:11:03
550232,21295,2025-12-10 17:32:13,1,255,check-in,2026-02-10 12:11:03
550153,21296,2025-12-10 17:32:16,1,255,check-in,2026-02-10 12:11:03
000447,21297,2025-12-10 17:32:18,1,255,check-in,2026-02-10 12:11:03
550193,21298,2025-12-10 17:32:22,1,255,check-in,2026-02-10 12:11:03
550042,21299,2025-12-10 17:32:27,1,255,check-in,2026-02-10 12:11:03
550185,21300,2025-12-10 17:32:31,15,255,check-in,2026-02-10 12:11:03
550182,21301,2025-12-10 17:32:45,1,255,check-in,2026-02-10 12:11:03
550210,21302,2025-12-10 17:32:54,1,255,check-in,2026-02-10 12:11:03
550044,21303,2025-12-10 17:32:57,1,255,check-in,2026-02-10 12:11:03
550179,21304,2025-12-10 17:33:03,1,255,check-in,2026-02-10 12:11:03
550203,21305,2025-12-10 17:33:19,1,255,check-in,2026-02-10 12:11:03
474,21306,2025-12-10 17:33:25,1,255,check-in,2026-02-10 12:11:03
660106,21307,2025-12-10 17:33:29,1,255,check-in,2026-02-10 12:11:03
550160,21308,2025-12-10 17:34:16,1,255,check-in,2026-02-10 12:11:03
550226,21309,2025-12-10 17:34:22,1,255,check-in,2026-02-10 12:11:03
550202,21310,2025-12-10 17:34:42,1,255,check-in,2026-02-10 12:11:03
550204,21311,2025-12-10 17:39:40,1,255,check-in,2026-02-10 12:11:03
000487,21312,2025-12-10 17:46:25,1,255,check-in,2026-02-10 12:11:03
660038,21313,2025-12-10 17:48:24,1,255,check-in,2026-02-10 12:11:03
550204,21314,2025-12-11 06:44:06,1,255,check-in,2026-02-10 12:11:03
550241,21315,2025-12-11 06:45:01,1,255,check-in,2026-02-10 12:11:03
550232,21316,2025-12-11 07:00:00,1,255,check-in,2026-02-10 12:11:03
550232,21317,2025-12-11 07:00:02,15,255,check-in,2026-02-10 12:11:03
550044,21318,2025-12-11 07:04:25,1,255,check-in,2026-02-10 12:11:03
550185,21319,2025-12-11 07:05:22,1,255,check-in,2026-02-10 12:11:03
550179,21320,2025-12-11 07:10:20,1,255,check-in,2026-02-10 12:11:03
550226,21321,2025-12-11 07:11:19,1,255,check-in,2026-02-10 12:11:03
550153,21322,2025-12-11 07:11:42,1,255,check-in,2026-02-10 12:11:03
550038,21323,2025-12-11 07:12:08,1,255,check-in,2026-02-10 12:11:03
000446,21324,2025-12-11 07:14:28,1,255,check-in,2026-02-10 12:11:03
000447,21325,2025-12-11 07:20:14,1,255,check-in,2026-02-10 12:11:03
550082,21326,2025-12-11 07:21:49,1,255,check-in,2026-02-10 12:11:03
550203,21327,2025-12-11 07:24:29,1,255,check-in,2026-02-10 12:11:03
550220,21328,2025-12-11 07:24:42,1,255,check-in,2026-02-10 12:11:03
000444,21329,2025-12-11 07:26:44,1,255,check-in,2026-02-10 12:11:03
550182,21330,2025-12-11 07:27:13,1,255,check-in,2026-02-10 12:11:03
660106,21331,2025-12-11 07:27:17,1,255,check-in,2026-02-10 12:11:03
550196,21332,2025-12-11 07:27:23,1,255,check-in,2026-02-10 12:11:03
550209,21333,2025-12-11 07:27:54,1,255,check-in,2026-02-10 12:11:03
550199,21334,2025-12-11 07:28:21,1,255,check-in,2026-02-10 12:11:03
550193,21335,2025-12-11 07:28:56,1,255,check-in,2026-02-10 12:11:03
550049,21336,2025-12-11 07:31:50,1,255,check-in,2026-02-10 12:11:03
550160,21337,2025-12-11 07:32:42,1,255,check-in,2026-02-10 12:11:03
550202,21338,2025-12-11 07:35:03,1,255,check-in,2026-02-10 12:11:03
474,21339,2025-12-11 07:35:14,1,255,check-in,2026-02-10 12:11:03
550042,21340,2025-12-11 07:36:31,1,255,check-in,2026-02-10 12:11:03
550207,21341,2025-12-11 07:38:33,1,255,check-in,2026-02-10 12:11:03
550210,21342,2025-12-11 07:38:45,1,255,check-in,2026-02-10 12:11:03
000487,21343,2025-12-11 07:42:58,1,255,check-in,2026-02-10 12:11:03
660038,21344,2025-12-11 07:52:58,1,255,check-in,2026-02-10 12:11:03
550194,21345,2025-12-11 08:07:44,1,255,check-in,2026-02-10 12:11:03
550082,21346,2025-12-11 17:30:17,1,255,check-in,2026-02-10 12:11:03
550049,21347,2025-12-11 17:30:19,1,255,check-in,2026-02-10 12:11:03
000444,21348,2025-12-11 17:30:23,1,255,check-in,2026-02-10 12:11:03
550241,21349,2025-12-11 17:30:37,1,255,check-in,2026-02-10 12:11:03
550199,21350,2025-12-11 17:30:41,1,255,check-in,2026-02-10 12:11:03
550232,21351,2025-12-11 17:30:44,1,255,check-in,2026-02-10 12:11:03
550044,21352,2025-12-11 17:30:47,1,255,check-in,2026-02-10 12:11:03
550220,21353,2025-12-11 17:30:50,1,255,check-in,2026-02-10 12:11:03
550207,21354,2025-12-11 17:30:52,1,255,check-in,2026-02-10 12:11:03
550194,21355,2025-12-11 17:30:54,1,255,check-in,2026-02-10 12:11:03
000446,21356,2025-12-11 17:30:57,1,255,check-in,2026-02-10 12:11:03
550185,21357,2025-12-11 17:31:08,1,255,check-in,2026-02-10 12:11:03
550038,21358,2025-12-11 17:31:28,1,255,check-in,2026-02-10 12:11:03
550203,21359,2025-12-11 17:31:59,1,255,check-in,2026-02-10 12:11:03
550179,21360,2025-12-11 17:32:40,1,255,check-in,2026-02-10 12:11:03
550210,21361,2025-12-11 17:32:52,1,255,check-in,2026-02-10 12:11:03
660038,21362,2025-12-11 17:32:56,1,255,check-in,2026-02-10 12:11:03
550182,21363,2025-12-11 17:33:01,1,255,check-in,2026-02-10 12:11:03
550042,21364,2025-12-11 17:33:06,1,255,check-in,2026-02-10 12:11:03
474,21365,2025-12-11 17:34:54,1,255,check-in,2026-02-10 12:11:03
550226,21366,2025-12-11 17:34:58,1,255,check-in,2026-02-10 12:11:03
550202,21367,2025-12-11 17:35:35,15,255,check-in,2026-02-10 12:11:03
550202,21368,2025-12-11 17:35:38,15,255,check-in,2026-02-10 12:11:03
550160,21369,2025-12-11 17:36:49,1,255,check-in,2026-02-10 12:11:03
550204,21370,2025-12-11 17:39:50,1,255,check-in,2026-02-10 12:11:03
000487,21371,2025-12-11 17:47:25,1,255,check-in,2026-02-10 12:11:03
660106,21372,2025-12-11 18:00:54,1,255,check-in,2026-02-10 12:11:03
550193,21373,2025-12-11 18:32:22,1,255,check-in,2026-02-10 12:11:03
550209,21374,2025-12-11 19:00:39,1,255,check-in,2026-02-10 12:11:03
550153,21375,2025-12-11 19:00:46,1,255,check-in,2026-02-10 12:11:03
550196,21376,2025-12-11 19:01:31,1,255,check-in,2026-02-10 12:11:03
550209,21377,2025-12-12 06:31:03,1,255,check-in,2026-02-10 12:11:03
550204,21378,2025-12-12 06:44:50,1,255,check-in,2026-02-10 12:11:03
550241,21379,2025-12-12 06:50:29,1,255,check-in,2026-02-10 12:11:03
550232,21380,2025-12-12 06:56:49,1,255,check-in,2026-02-10 12:11:03
550226,21381,2025-12-12 07:12:17,1,255,check-in,2026-02-10 12:11:03
550153,21382,2025-12-12 07:14:06,1,255,check-in,2026-02-10 12:11:03
000446,21383,2025-12-12 07:14:14,1,255,check-in,2026-02-10 12:11:03
550185,21384,2025-12-12 07:15:23,1,255,check-in,2026-02-10 12:11:03
550038,21385,2025-12-12 07:17:31,1,255,check-in,2026-02-10 12:11:03
550194,21386,2025-12-12 07:21:03,1,255,check-in,2026-02-10 12:11:03
550179,21387,2025-12-12 07:22:18,1,255,check-in,2026-02-10 12:11:03
000444,21388,2025-12-12 07:23:25,1,255,check-in,2026-02-10 12:11:03
550082,21389,2025-12-12 07:24:27,1,255,check-in,2026-02-10 12:11:03
000447,21390,2025-12-12 07:25:28,1,255,check-in,2026-02-10 12:11:03
000447,21391,2025-12-12 07:25:29,15,255,check-in,2026-02-10 12:11:03
550220,21392,2025-12-12 07:26:17,1,255,check-in,2026-02-10 12:11:03
550203,21393,2025-12-12 07:26:34,1,255,check-in,2026-02-10 12:11:03
550207,21394,2025-12-12 07:26:43,1,255,check-in,2026-02-10 12:11:03
550205,21395,2025-12-12 07:26:46,1,255,check-in,2026-02-10 12:11:03
550205,21396,2025-12-12 07:26:47,15,255,check-in,2026-02-10 12:11:03
550196,21397,2025-12-12 07:28:22,1,255,check-in,2026-02-10 12:11:03
550199,21398,2025-12-12 07:31:01,1,255,check-in,2026-02-10 12:11:03
550042,21399,2025-12-12 07:31:07,1,255,check-in,2026-02-10 12:11:03
550160,21400,2025-12-12 07:31:59,1,255,check-in,2026-02-10 12:11:03
550193,21401,2025-12-12 07:32:18,1,255,check-in,2026-02-10 12:11:03
550193,21402,2025-12-12 07:32:24,1,255,check-in,2026-02-10 12:11:03
474,21403,2025-12-12 07:33:21,1,255,check-in,2026-02-10 12:11:03
550049,21404,2025-12-12 07:33:59,1,255,check-in,2026-02-10 12:11:03
550182,21405,2025-12-12 07:34:02,1,255,check-in,2026-02-10 12:11:03
550202,21406,2025-12-12 07:35:44,15,255,check-in,2026-02-10 12:11:03
550202,21407,2025-12-12 07:35:46,1,255,check-in,2026-02-10 12:11:03
550210,21408,2025-12-12 07:36:40,1,255,check-in,2026-02-10 12:11:03
660106,21409,2025-12-12 07:36:46,1,255,check-in,2026-02-10 12:11:03
660038,21410,2025-12-12 08:24:55,1,255,check-in,2026-02-10 12:11:03
550044,21411,2025-12-12 09:40:40,1,255,check-in,2026-02-10 12:11:03
550082,21412,2025-12-12 17:30:07,1,255,check-in,2026-02-10 12:11:03
550199,21413,2025-12-12 17:30:12,1,255,check-in,2026-02-10 12:11:03
550205,21414,2025-12-12 17:30:23,1,255,check-in,2026-02-10 12:11:03
000444,21415,2025-12-12 17:30:27,1,255,check-in,2026-02-10 12:11:03
550241,21416,2025-12-12 17:30:30,1,255,check-in,2026-02-10 12:11:03
550232,21417,2025-12-12 17:30:35,1,255,check-in,2026-02-10 12:11:03
550196,21418,2025-12-12 17:30:49,1,255,check-in,2026-02-10 12:11:03
550207,21419,2025-12-12 17:30:52,1,255,check-in,2026-02-10 12:11:03
000447,21420,2025-12-12 17:31:02,1,255,check-in,2026-02-10 12:11:03
000446,21421,2025-12-12 17:31:05,1,255,check-in,2026-02-10 12:11:03
660106,21422,2025-12-12 17:31:10,1,255,check-in,2026-02-10 12:11:03
550042,21423,2025-12-12 17:31:12,15,255,check-in,2026-02-10 12:11:03
550042,21424,2025-12-12 17:31:14,1,255,check-in,2026-02-10 12:11:03
550038,21425,2025-12-12 17:31:16,1,255,check-in,2026-02-10 12:11:03
550194,21426,2025-12-12 17:31:20,1,255,check-in,2026-02-10 12:11:03
550153,21427,2025-12-12 17:31:24,1,255,check-in,2026-02-10 12:11:03
550210,21428,2025-12-12 17:31:28,1,255,check-in,2026-02-10 12:11:03
550182,21429,2025-12-12 17:31:33,1,255,check-in,2026-02-10 12:11:03
550049,21430,2025-12-12 17:31:36,1,255,check-in,2026-02-10 12:11:03
550044,21431,2025-12-12 17:31:38,1,255,check-in,2026-02-10 12:11:03
550202,21432,2025-12-12 17:31:51,1,255,check-in,2026-02-10 12:11:03
550179,21433,2025-12-12 17:32:10,1,255,check-in,2026-02-10 12:11:03
550220,21434,2025-12-12 17:32:20,1,255,check-in,2026-02-10 12:11:03
550203,21435,2025-12-12 17:35:57,1,255,check-in,2026-02-10 12:11:03
474,21436,2025-12-12 17:36:42,1,255,check-in,2026-02-10 12:11:03
550160,21437,2025-12-12 17:40:27,1,255,check-in,2026-02-10 12:11:03
550193,21438,2025-12-12 17:41:03,1,255,check-in,2026-02-10 12:11:03
550204,21439,2025-12-12 17:41:39,1,255,check-in,2026-02-10 12:11:03
550209,21440,2025-12-12 18:50:31,1,255,check-in,2026-02-10 12:11:03
660038,21441,2025-12-12 20:38:03,1,255,check-in,2026-02-10 12:11:03
550241,21442,2025-12-13 06:59:25,1,255,check-in,2026-02-10 12:11:03
550204,21443,2025-12-13 07:07:34,1,255,check-in,2026-02-10 12:11:03
550226,21444,2025-12-13 07:10:32,1,255,check-in,2026-02-10 12:11:03
550185,21445,2025-12-13 07:10:53,15,255,check-in,2026-02-10 12:11:03
550209,21446,2025-12-13 07:11:23,1,255,check-in,2026-02-10 12:11:03
550153,21447,2025-12-13 07:13:48,1,255,check-in,2026-02-10 12:11:03
550044,21448,2025-12-13 07:15:50,1,255,check-in,2026-02-10 12:11:03
550179,21449,2025-12-13 07:19:23,1,255,check-in,2026-02-10 12:11:03
550196,21450,2025-12-13 07:23:54,1,255,check-in,2026-02-10 12:11:03
550082,21451,2025-12-13 07:25:16,1,255,check-in,2026-02-10 12:11:03
000444,21452,2025-12-13 07:27:22,1,255,check-in,2026-02-10 12:11:03
550038,21453,2025-12-13 07:28:40,1,255,check-in,2026-02-10 12:11:03
550182,21454,2025-12-13 07:29:57,1,255,check-in,2026-02-10 12:11:03
550160,21455,2025-12-13 07:30:18,1,255,check-in,2026-02-10 12:11:03
550202,21456,2025-12-13 07:34:28,1,255,check-in,2026-02-10 12:11:03
550220,21457,2025-12-13 07:34:51,1,255,check-in,2026-02-10 12:11:03
550042,21458,2025-12-13 07:37:24,1,255,check-in,2026-02-10 12:11:03
550207,21459,2025-12-13 07:37:29,1,255,check-in,2026-02-10 12:11:03
550049,21460,2025-12-13 07:39:05,1,255,check-in,2026-02-10 12:11:03
474,21461,2025-12-13 07:39:38,1,255,check-in,2026-02-10 12:11:03
550210,21462,2025-12-13 07:41:28,1,255,check-in,2026-02-10 12:11:03
000487,21463,2025-12-13 07:46:40,1,255,check-in,2026-02-10 12:11:03
550203,21464,2025-12-13 07:48:30,1,255,check-in,2026-02-10 12:11:03
660038,21465,2025-12-13 07:49:42,1,255,check-in,2026-02-10 12:11:03
550232,21466,2025-12-13 09:28:13,15,255,check-in,2026-02-10 12:11:03
660038,21467,2025-12-13 15:32:04,1,255,check-in,2026-02-10 12:11:03
550209,21468,2025-12-13 15:38:22,1,255,check-in,2026-02-10 12:11:03
550241,21469,2025-12-13 17:29:37,1,255,check-in,2026-02-10 12:11:03
550082,21470,2025-12-13 17:29:41,1,255,check-in,2026-02-10 12:11:03
000444,21471,2025-12-13 17:29:44,1,255,check-in,2026-02-10 12:11:03
550185,21472,2025-12-13 17:29:47,1,255,check-in,2026-02-10 12:11:03
550049,21473,2025-12-13 17:29:50,1,255,check-in,2026-02-10 12:11:03
550220,21474,2025-12-13 17:30:01,1,255,check-in,2026-02-10 12:11:03
550232,21475,2025-12-13 17:30:06,1,255,check-in,2026-02-10 12:11:03
550207,21476,2025-12-13 17:30:08,1,255,check-in,2026-02-10 12:11:03
550196,21477,2025-12-13 17:30:11,1,255,check-in,2026-02-10 12:11:03
550044,21478,2025-12-13 17:30:14,1,255,check-in,2026-02-10 12:11:03
550153,21479,2025-12-13 17:30:18,15,255,check-in,2026-02-10 12:11:03
550042,21480,2025-12-13 17:30:24,1,255,check-in,2026-02-10 12:11:03
550038,21481,2025-12-13 17:30:26,1,255,check-in,2026-02-10 12:11:03
550204,21482,2025-12-13 17:30:33,1,255,check-in,2026-02-10 12:11:03
550182,21483,2025-12-13 17:30:42,1,255,check-in,2026-02-10 12:11:03
550210,21484,2025-12-13 17:30:48,1,255,check-in,2026-02-10 12:11:03
474,21485,2025-12-13 17:30:55,1,255,check-in,2026-02-10 12:11:03
550226,21486,2025-12-13 17:31:32,1,255,check-in,2026-02-10 12:11:03
550202,21487,2025-12-13 17:31:37,15,255,check-in,2026-02-10 12:11:03
550202,21488,2025-12-13 17:31:40,15,255,check-in,2026-02-10 12:11:03
550203,21489,2025-12-13 17:32:38,1,255,check-in,2026-02-10 12:11:03
550179,21490,2025-12-13 17:33:01,1,255,check-in,2026-02-10 12:11:03
550160,21491,2025-12-13 17:33:59,1,255,check-in,2026-02-10 12:11:03
000487,21492,2025-12-13 17:41:07,1,255,check-in,2026-02-10 12:11:03
550241,21493,2025-12-15 06:55:37,1,255,check-in,2026-02-10 12:11:03
550204,21494,2025-12-15 07:00:08,1,255,check-in,2026-02-10 12:11:03
550241,21495,2025-12-15 07:01:59,1,255,check-in,2026-02-10 12:11:03
550232,21496,2025-12-15 07:06:56,1,255,check-in,2026-02-10 12:11:03
550232,21497,2025-12-15 07:06:58,15,255,check-in,2026-02-10 12:11:03
550185,21498,2025-12-15 07:11:05,1,255,check-in,2026-02-10 12:11:03
550044,21499,2025-12-15 07:14:21,1,255,check-in,2026-02-10 12:11:03
550153,21500,2025-12-15 07:15:19,15,255,check-in,2026-02-10 12:11:03
550207,21501,2025-12-15 07:16:28,1,255,check-in,2026-02-10 12:11:03
000446,21502,2025-12-15 07:16:50,1,255,check-in,2026-02-10 12:11:03
550194,21503,2025-12-15 07:19:29,1,255,check-in,2026-02-10 12:11:03
550226,21504,2025-12-15 07:19:41,1,255,check-in,2026-02-10 12:11:03
000447,21505,2025-12-15 07:19:47,1,255,check-in,2026-02-10 12:11:03
000447,21506,2025-12-15 07:19:49,15,255,check-in,2026-02-10 12:11:03
550179,21507,2025-12-15 07:20:36,1,255,check-in,2026-02-10 12:11:03
550203,21508,2025-12-15 07:23:40,1,255,check-in,2026-02-10 12:11:03
550205,21509,2025-12-15 07:23:47,1,255,check-in,2026-02-10 12:11:03
000444,21510,2025-12-15 07:24:49,1,255,check-in,2026-02-10 12:11:03
550220,21511,2025-12-15 07:25:51,1,255,check-in,2026-02-10 12:11:03
550193,21512,2025-12-15 07:27:09,1,255,check-in,2026-02-10 12:11:03
550082,21513,2025-12-15 07:28:18,1,255,check-in,2026-02-10 12:11:03
550199,21514,2025-12-15 07:28:46,1,255,check-in,2026-02-10 12:11:03
550049,21515,2025-12-15 07:29:26,1,255,check-in,2026-02-10 12:11:03
550042,21516,2025-12-15 07:30:18,1,255,check-in,2026-02-10 12:11:03
474,21517,2025-12-15 07:31:37,1,255,check-in,2026-02-10 12:11:03
474,21518,2025-12-15 07:31:38,15,255,check-in,2026-02-10 12:11:03
550202,21519,2025-12-15 07:33:37,1,255,check-in,2026-02-10 12:11:03
550160,21520,2025-12-15 07:41:44,1,255,check-in,2026-02-10 12:11:03
550182,21521,2025-12-15 07:51:13,1,255,check-in,2026-02-10 12:11:03
550210,21522,2025-12-15 08:03:18,1,255,check-in,2026-02-10 12:11:03
660038,21523,2025-12-15 08:07:52,1,255,check-in,2026-02-10 12:11:03
550209,21524,2025-12-15 08:12:47,1,255,check-in,2026-02-10 12:11:03
550196,21525,2025-12-15 11:37:42,1,255,check-in,2026-02-10 12:11:03
550202,21526,2025-12-15 12:53:26,1,255,check-in,2026-02-10 12:11:03
550082,21527,2025-12-15 17:30:03,1,255,check-in,2026-02-10 12:11:03
550199,21528,2025-12-15 17:30:07,1,255,check-in,2026-02-10 12:11:03
000447,21529,2025-12-15 17:30:10,1,255,check-in,2026-02-10 12:11:03
550232,21530,2025-12-15 17:30:13,1,255,check-in,2026-02-10 12:11:03
550049,21531,2025-12-15 17:30:16,1,255,check-in,2026-02-10 12:11:03
550205,21532,2025-12-15 17:30:20,1,255,check-in,2026-02-10 12:11:03
000444,21533,2025-12-15 17:30:23,1,255,check-in,2026-02-10 12:11:03
550241,21534,2025-12-15 17:30:29,1,255,check-in,2026-02-10 12:11:03
550220,21535,2025-12-15 17:30:35,1,255,check-in,2026-02-10 12:11:03
550207,21536,2025-12-15 17:30:38,1,255,check-in,2026-02-10 12:11:03
550196,21537,2025-12-15 17:30:41,1,255,check-in,2026-02-10 12:11:03
000446,21538,2025-12-15 17:30:52,1,255,check-in,2026-02-10 12:11:03
550185,21539,2025-12-15 17:30:59,1,255,check-in,2026-02-10 12:11:03
550042,21540,2025-12-15 17:31:07,1,255,check-in,2026-02-10 12:11:03
550194,21541,2025-12-15 17:31:10,1,255,check-in,2026-02-10 12:11:03
550044,21542,2025-12-15 17:31:13,1,255,check-in,2026-02-10 12:11:03
550160,21543,2025-12-15 17:31:15,1,255,check-in,2026-02-10 12:11:03
660038,21544,2025-12-15 17:31:17,1,255,check-in,2026-02-10 12:11:03
550210,21545,2025-12-15 17:31:27,1,255,check-in,2026-02-10 12:11:03
550182,21546,2025-12-15 17:31:42,1,255,check-in,2026-02-10 12:11:03
550153,21547,2025-12-15 17:31:44,1,255,check-in,2026-02-10 12:11:03
550226,21548,2025-12-15 17:31:51,1,255,check-in,2026-02-10 12:11:03
474,21549,2025-12-15 17:31:54,15,255,check-in,2026-02-10 12:11:03
474,21550,2025-12-15 17:31:56,1,255,check-in,2026-02-10 12:11:03
550226,21551,2025-12-15 17:32:00,1,255,check-in,2026-02-10 12:11:03
550204,21552,2025-12-15 17:32:08,1,255,check-in,2026-02-10 12:11:03
550203,21553,2025-12-15 17:33:08,1,255,check-in,2026-02-10 12:11:03
550179,21554,2025-12-15 17:33:32,1,255,check-in,2026-02-10 12:11:03
550193,21555,2025-12-15 17:37:28,1,255,check-in,2026-02-10 12:11:03
550209,21556,2025-12-15 18:24:14,1,255,check-in,2026-02-10 12:11:03
550209,21557,2025-12-16 06:29:30,1,255,check-in,2026-02-10 12:11:03
550241,21558,2025-12-16 06:43:49,1,255,check-in,2026-02-10 12:11:03
000446,21559,2025-12-16 07:06:29,1,255,check-in,2026-02-10 12:11:03
550185,21560,2025-12-16 07:07:02,15,255,check-in,2026-02-10 12:11:03
550232,21561,2025-12-16 07:07:09,15,255,check-in,2026-02-10 12:11:03
550232,21562,2025-12-16 07:07:10,1,255,check-in,2026-02-10 12:11:03
550232,21563,2025-12-16 07:07:12,15,255,check-in,2026-02-10 12:11:03
550044,21564,2025-12-16 07:15:42,1,255,check-in,2026-02-10 12:11:03
550179,21565,2025-12-16 07:17:10,1,255,check-in,2026-02-10 12:11:03
550194,21566,2025-12-16 07:17:29,1,255,check-in,2026-02-10 12:11:03
550038,21567,2025-12-16 07:21:38,1,255,check-in,2026-02-10 12:11:03
000447,21568,2025-12-16 07:21:43,1,255,check-in,2026-02-10 12:11:03
474,21569,2025-12-16 07:23:35,1,255,check-in,2026-02-10 12:11:03
550182,21570,2025-12-16 07:24:45,1,255,check-in,2026-02-10 12:11:03
550203,21571,2025-12-16 07:24:50,15,255,check-in,2026-02-10 12:11:03
550203,21572,2025-12-16 07:24:52,1,255,check-in,2026-02-10 12:11:03
550193,21573,2025-12-16 07:26:41,1,255,check-in,2026-02-10 12:11:03
550205,21574,2025-12-16 07:27:30,1,255,check-in,2026-02-10 12:11:03
550220,21575,2025-12-16 07:27:35,1,255,check-in,2026-02-10 12:11:03
000444,21576,2025-12-16 07:27:39,1,255,check-in,2026-02-10 12:11:03
550196,21577,2025-12-16 07:28:11,1,255,check-in,2026-02-10 12:11:03
550042,21578,2025-12-16 07:31:15,1,255,check-in,2026-02-10 12:11:03
550210,21579,2025-12-16 07:31:29,1,255,check-in,2026-02-10 12:11:03
550202,21580,2025-12-16 07:31:36,1,255,check-in,2026-02-10 12:11:03
550160,21581,2025-12-16 07:35:42,1,255,check-in,2026-02-10 12:11:03
550207,21582,2025-12-16 07:35:59,1,255,check-in,2026-02-10 12:11:03
660106,21583,2025-12-16 07:36:17,1,255,check-in,2026-02-10 12:11:03
000487,21584,2025-12-16 07:36:50,1,255,check-in,2026-02-10 12:11:03
550199,21585,2025-12-16 07:38:07,1,255,check-in,2026-02-10 12:11:03
660038,21586,2025-12-16 07:43:35,1,255,check-in,2026-02-10 12:11:03
660038,21587,2025-12-16 07:43:42,1,255,check-in,2026-02-10 12:11:03
550204,21588,2025-12-16 09:54:38,1,255,check-in,2026-02-10 12:11:03
660106,21589,2025-12-16 16:55:50,1,255,check-in,2026-02-10 12:11:03
550241,21590,2025-12-16 17:30:18,1,255,check-in,2026-02-10 12:11:03
000444,21591,2025-12-16 17:30:48,1,255,check-in,2026-02-10 12:11:03
550207,21592,2025-12-16 17:30:53,1,255,check-in,2026-02-10 12:11:03
550196,21593,2025-12-16 17:30:56,1,255,check-in,2026-02-10 12:11:03
000447,21594,2025-12-16 17:31:01,1,255,check-in,2026-02-10 12:11:03
550194,21595,2025-12-16 17:31:04,1,255,check-in,2026-02-10 12:11:03
550205,21596,2025-12-16 17:31:06,15,255,check-in,2026-02-10 12:11:03
550205,21597,2025-12-16 17:31:08,1,255,check-in,2026-02-10 12:11:03
550232,21598,2025-12-16 17:31:10,1,255,check-in,2026-02-10 12:11:03
000446,21599,2025-12-16 17:31:15,1,255,check-in,2026-02-10 12:11:03
550199,21600,2025-12-16 17:31:18,1,255,check-in,2026-02-10 12:11:03
550042,21601,2025-12-16 17:31:25,1,255,check-in,2026-02-10 12:11:03
660038,21602,2025-12-16 17:31:33,1,255,check-in,2026-02-10 12:11:03
550182,21603,2025-12-16 17:31:38,1,255,check-in,2026-02-10 12:11:03
550044,21604,2025-12-16 17:31:44,1,255,check-in,2026-02-10 12:11:03
550210,21605,2025-12-16 17:31:50,1,255,check-in,2026-02-10 12:11:03
550038,21606,2025-12-16 17:32:14,1,255,check-in,2026-02-10 12:11:03
550185,21607,2025-12-16 17:32:21,15,255,check-in,2026-02-10 12:11:03
550179,21608,2025-12-16 17:32:42,1,255,check-in,2026-02-10 12:11:03
474,21609,2025-12-16 17:32:45,15,255,check-in,2026-02-10 12:11:03
474,21610,2025-12-16 17:32:51,1,255,check-in,2026-02-10 12:11:03
550193,21611,2025-12-16 17:32:56,1,255,check-in,2026-02-10 12:11:03
550203,21612,2025-12-16 17:33:48,1,255,check-in,2026-02-10 12:11:03
550202,21613,2025-12-16 17:34:44,15,255,check-in,2026-02-10 12:11:03
550220,21614,2025-12-16 17:34:56,1,255,check-in,2026-02-10 12:11:03
000487,21615,2025-12-16 17:38:43,1,255,check-in,2026-02-10 12:11:03
550204,21616,2025-12-16 17:39:04,1,255,check-in,2026-02-10 12:11:03
550160,21617,2025-12-16 17:39:34,1,255,check-in,2026-02-10 12:11:03
550209,21618,2025-12-16 18:17:52,1,255,check-in,2026-02-10 12:11:03
550209,21619,2025-12-17 06:29:32,1,255,check-in,2026-02-10 12:11:03
550204,21620,2025-12-17 07:01:16,1,255,check-in,2026-02-10 12:11:03
550241,21621,2025-12-17 07:02:37,1,255,check-in,2026-02-10 12:11:03
550232,21622,2025-12-17 07:04:27,1,255,check-in,2026-02-10 12:11:03
550232,21623,2025-12-17 07:04:29,1,255,check-in,2026-02-10 12:11:03
000446,21624,2025-12-17 07:08:46,1,255,check-in,2026-02-10 12:11:03
550044,21625,2025-12-17 07:09:48,1,255,check-in,2026-02-10 12:11:03
550185,21626,2025-12-17 07:10:02,1,255,check-in,2026-02-10 12:11:03
550226,21627,2025-12-17 07:10:28,1,255,check-in,2026-02-10 12:11:03
550153,21628,2025-12-17 07:11:31,15,255,check-in,2026-02-10 12:11:03
550203,21629,2025-12-17 07:21:03,1,255,check-in,2026-02-10 12:11:03
550082,21630,2025-12-17 07:22:28,1,255,check-in,2026-02-10 12:11:03
550193,21631,2025-12-17 07:23:14,1,255,check-in,2026-02-10 12:11:03
550038,21632,2025-12-17 07:24:21,1,255,check-in,2026-02-10 12:11:03
474,21633,2025-12-17 07:25:49,1,255,check-in,2026-02-10 12:11:03
550205,21634,2025-12-17 07:26:08,1,255,check-in,2026-02-10 12:11:03
000444,21635,2025-12-17 07:26:14,1,255,check-in,2026-02-10 12:11:03
550196,21636,2025-12-17 07:26:39,1,255,check-in,2026-02-10 12:11:03
000447,21637,2025-12-17 07:27:36,15,255,check-in,2026-02-10 12:11:03
000447,21638,2025-12-17 07:27:38,1,255,check-in,2026-02-10 12:11:03
550179,21639,2025-12-17 07:28:01,1,255,check-in,2026-02-10 12:11:03
550194,21640,2025-12-17 07:30:09,1,255,check-in,2026-02-10 12:11:03
550042,21641,2025-12-17 07:31:03,1,255,check-in,2026-02-10 12:11:03
550199,21642,2025-12-17 07:31:09,1,255,check-in,2026-02-10 12:11:03
550210,21643,2025-12-17 07:31:30,1,255,check-in,2026-02-10 12:11:03
550202,21644,2025-12-17 07:33:59,15,255,check-in,2026-02-10 12:11:03
550202,21645,2025-12-17 07:34:00,1,255,check-in,2026-02-10 12:11:03
550182,21646,2025-12-17 07:35:26,1,255,check-in,2026-02-10 12:11:03
550220,21647,2025-12-17 07:35:40,1,255,check-in,2026-02-10 12:11:03
550049,21648,2025-12-17 07:35:50,1,255,check-in,2026-02-10 12:11:03
000487,21649,2025-12-17 07:48:15,1,255,check-in,2026-02-10 12:11:03
550160,21650,2025-12-17 07:55:43,1,255,check-in,2026-02-10 12:11:03
660038,21651,2025-12-17 07:59:29,1,255,check-in,2026-02-10 12:11:03
660106,21652,2025-12-17 08:37:09,1,255,check-in,2026-02-10 12:11:03
550207,21653,2025-12-17 09:48:29,1,255,check-in,2026-02-10 12:11:03
550082,21654,2025-12-17 17:30:04,1,255,check-in,2026-02-10 12:11:03
000447,21655,2025-12-17 17:30:08,1,255,check-in,2026-02-10 12:11:03
550232,21656,2025-12-17 17:30:16,1,255,check-in,2026-02-10 12:11:03
550241,21657,2025-12-17 17:30:22,1,255,check-in,2026-02-10 12:11:03
550194,21658,2025-12-17 17:30:24,1,255,check-in,2026-02-10 12:11:03
550207,21659,2025-12-17 17:30:27,1,255,check-in,2026-02-10 12:11:03
550199,21660,2025-12-17 17:30:30,1,255,check-in,2026-02-10 12:11:03
550205,21661,2025-12-17 17:30:34,1,255,check-in,2026-02-10 12:11:03
000444,21662,2025-12-17 17:30:36,1,255,check-in,2026-02-10 12:11:03
000446,21663,2025-12-17 17:30:41,1,255,check-in,2026-02-10 12:11:03
550049,21664,2025-12-17 17:30:44,1,255,check-in,2026-02-10 12:11:03
550038,21665,2025-12-17 17:31:04,1,255,check-in,2026-02-10 12:11:03
550196,21666,2025-12-17 17:31:08,1,255,check-in,2026-02-10 12:11:03
550153,21667,2025-12-17 17:31:15,1,255,check-in,2026-02-10 12:11:03
550226,21668,2025-12-17 17:31:25,1,255,check-in,2026-02-10 12:11:03
550220,21669,2025-12-17 17:31:48,1,255,check-in,2026-02-10 12:11:03
550179,21670,2025-12-17 17:31:51,1,255,check-in,2026-02-10 12:11:03
550185,21671,2025-12-17 17:32:10,15,255,check-in,2026-02-10 12:11:03
550044,21672,2025-12-17 17:32:14,1,255,check-in,2026-02-10 12:11:03
550042,21673,2025-12-17 17:32:28,1,255,check-in,2026-02-10 12:11:03
660106,21674,2025-12-17 17:32:33,1,255,check-in,2026-02-10 12:11:03
660038,21675,2025-12-17 17:32:37,1,255,check-in,2026-02-10 12:11:03
550204,21676,2025-12-17 17:32:57,1,255,check-in,2026-02-10 12:11:03
550203,21677,2025-12-17 17:34:59,1,255,check-in,2026-02-10 12:11:03
550182,21678,2025-12-17 17:37:40,1,255,check-in,2026-02-10 12:11:03
550210,21679,2025-12-17 17:37:48,1,255,check-in,2026-02-10 12:11:03
550193,21680,2025-12-17 17:37:54,1,255,check-in,2026-02-10 12:11:03
474,21681,2025-12-17 17:38:07,15,255,check-in,2026-02-10 12:11:03
550202,21682,2025-12-17 17:39:02,15,255,check-in,2026-02-10 12:11:03
000487,21683,2025-12-17 17:40:10,1,255,check-in,2026-02-10 12:11:03
550160,21684,2025-12-17 17:49:33,1,255,check-in,2026-02-10 12:11:03
550209,21685,2025-12-17 18:23:01,1,255,check-in,2026-02-10 12:11:03
550209,21686,2025-12-18 06:25:46,1,255,check-in,2026-02-10 12:11:03
550241,21687,2025-12-18 06:52:39,1,255,check-in,2026-02-10 12:11:03
550185,21688,2025-12-18 07:10:06,1,255,check-in,2026-02-10 12:11:03
550153,21689,2025-12-18 07:10:20,1,255,check-in,2026-02-10 12:11:03
000446,21690,2025-12-18 07:13:46,1,255,check-in,2026-02-10 12:11:03
550226,21691,2025-12-18 07:17:30,1,255,check-in,2026-02-10 12:11:03
550038,21692,2025-12-18 07:17:55,1,255,check-in,2026-02-10 12:11:03
550203,21693,2025-12-18 07:18:05,1,255,check-in,2026-02-10 12:11:03
550193,21694,2025-12-18 07:21:25,1,255,check-in,2026-02-10 12:11:03
550179,21695,2025-12-18 07:22:46,1,255,check-in,2026-02-10 12:11:03
550044,21696,2025-12-18 07:23:08,1,255,check-in,2026-02-10 12:11:03
000447,21697,2025-12-18 07:23:16,1,255,check-in,2026-02-10 12:11:03
550196,21698,2025-12-18 07:23:41,1,255,check-in,2026-02-10 12:11:03
000444,21699,2025-12-18 07:23:45,1,255,check-in,2026-02-10 12:11:03
550182,21700,2025-12-18 07:25:44,1,255,check-in,2026-02-10 12:11:03
550232,21701,2025-12-18 07:25:56,1,255,check-in,2026-02-10 12:11:03
550194,21702,2025-12-18 07:26:42,1,255,check-in,2026-02-10 12:11:03
550082,21703,2025-12-18 07:26:45,1,255,check-in,2026-02-10 12:11:03
660106,21704,2025-12-18 07:30:03,1,255,check-in,2026-02-10 12:11:03
550202,21705,2025-12-18 07:30:38,15,255,check-in,2026-02-10 12:11:03
550202,21706,2025-12-18 07:30:39,1,255,check-in,2026-02-10 12:11:03
550210,21707,2025-12-18 07:30:47,1,255,check-in,2026-02-10 12:11:03
550042,21708,2025-12-18 07:32:19,1,255,check-in,2026-02-10 12:11:03
550220,21709,2025-12-18 07:32:52,1,255,check-in,2026-02-10 12:11:03
550049,21710,2025-12-18 07:34:49,1,255,check-in,2026-02-10 12:11:03
550199,21711,2025-12-18 07:34:54,1,255,check-in,2026-02-10 12:11:03
550160,21712,2025-12-18 07:41:45,1,255,check-in,2026-02-10 12:11:03
550207,21713,2025-12-18 07:42:26,1,255,check-in,2026-02-10 12:11:03
000487,21714,2025-12-18 07:44:21,1,255,check-in,2026-02-10 12:11:03
660038,21715,2025-12-18 07:52:10,1,255,check-in,2026-02-10 12:11:03
550204,21716,2025-12-18 10:23:50,1,255,check-in,2026-02-10 12:11:03
474,21717,2025-12-18 11:54:41,1,255,check-in,2026-02-10 12:11:03
550179,21718,2025-12-18 17:44:05,1,255,check-in,2026-02-10 12:11:03
550194,21719,2025-12-18 17:44:10,1,255,check-in,2026-02-10 12:11:03
550038,21720,2025-12-18 17:44:13,1,255,check-in,2026-02-10 12:11:03
550182,21721,2025-12-18 17:44:20,15,255,check-in,2026-02-10 12:11:03
550182,21722,2025-12-18 17:44:22,1,255,check-in,2026-02-10 12:11:03
550203,21723,2025-12-18 17:44:28,1,255,check-in,2026-02-10 12:11:03
000487,21724,2025-12-18 17:51:19,1,255,check-in,2026-02-10 12:11:03
550193,21725,2025-12-18 17:51:49,1,255,check-in,2026-02-10 12:11:03
550160,21726,2025-12-18 17:54:44,1,255,check-in,2026-02-10 12:11:03
550210,21727,2025-12-18 18:06:16,1,255,check-in,2026-02-10 12:11:03
550209,21728,2025-12-18 18:27:39,1,255,check-in,2026-02-10 12:11:03
550044,21729,2025-12-18 18:56:54,1,255,check-in,2026-02-10 12:11:03
550196,21730,2025-12-18 18:58:18,1,255,check-in,2026-02-10 12:11:03
550196,21731,2025-12-18 18:59:32,1,255,check-in,2026-02-10 12:11:03
550153,21732,2025-12-18 19:00:25,1,255,check-in,2026-02-10 12:11:03
550209,21733,2025-12-19 06:28:48,1,255,check-in,2026-02-10 12:11:03
550204,21734,2025-12-19 06:44:28,1,255,check-in,2026-02-10 12:11:03
550241,21735,2025-12-19 07:01:37,1,255,check-in,2026-02-10 12:11:03
550241,21736,2025-12-19 07:08:18,1,255,check-in,2026-02-10 12:11:03
550232,21737,2025-12-19 07:09:39,15,255,check-in,2026-02-10 12:11:03
550232,21738,2025-12-19 07:09:41,1,255,check-in,2026-02-10 12:11:03
550232,21739,2025-12-19 07:09:42,15,255,check-in,2026-02-10 12:11:03
550185,21740,2025-12-19 07:12:51,15,255,check-in,2026-02-10 12:11:03
550153,21741,2025-12-19 07:13:45,1,255,check-in,2026-02-10 12:11:03
550193,21742,2025-12-19 07:15:50,1,255,check-in,2026-02-10 12:11:03
550044,21743,2025-12-19 07:19:45,1,255,check-in,2026-02-10 12:11:03
550038,21744,2025-12-19 07:20:05,1,255,check-in,2026-02-10 12:11:03
550082,21745,2025-12-19 07:21:03,1,255,check-in,2026-02-10 12:11:03
000447,21746,2025-12-19 07:22:40,15,255,check-in,2026-02-10 12:11:03
000447,21747,2025-12-19 07:22:42,1,255,check-in,2026-02-10 12:11:03
550205,21748,2025-12-19 07:23:42,1,255,check-in,2026-02-10 12:11:03
000444,21749,2025-12-19 07:23:47,1,255,check-in,2026-02-10 12:11:03
550196,21750,2025-12-19 07:24:17,1,255,check-in,2026-02-10 12:11:03
550049,21751,2025-12-19 07:25:51,1,255,check-in,2026-02-10 12:11:03
550220,21752,2025-12-19 07:26:44,1,255,check-in,2026-02-10 12:11:03
550182,21753,2025-12-19 07:28:04,1,255,check-in,2026-02-10 12:11:03
660106,21754,2025-12-19 07:28:28,1,255,check-in,2026-02-10 12:11:03
550179,21755,2025-12-19 07:28:56,1,255,check-in,2026-02-10 12:11:03
550199,21756,2025-12-19 07:31:31,1,255,check-in,2026-02-10 12:11:03
550203,21757,2025-12-19 07:31:40,1,255,check-in,2026-02-10 12:11:03
550203,21758,2025-12-19 07:31:47,1,255,check-in,2026-02-10 12:11:03
550042,21759,2025-12-19 07:34:50,1,255,check-in,2026-02-10 12:11:03
550210,21760,2025-12-19 07:35:17,1,255,check-in,2026-02-10 12:11:03
550202,21761,2025-12-19 07:35:58,1,255,check-in,2026-02-10 12:11:03
550160,21762,2025-12-19 07:37:25,1,255,check-in,2026-02-10 12:11:03
550207,21763,2025-12-19 07:38:09,1,255,check-in,2026-02-10 12:11:03
000487,21764,2025-12-19 07:44:36,1,255,check-in,2026-02-10 12:11:03
660038,21765,2025-12-19 07:54:02,1,255,check-in,2026-02-10 12:11:03
000446,21766,2025-12-19 09:30:35,1,255,check-in,2026-02-10 12:11:03
474,21767,2025-12-19 11:49:18,1,255,check-in,2026-02-10 12:11:03
660106,21768,2025-12-19 17:31:35,1,255,check-in,2026-02-10 12:11:03
550082,21769,2025-12-19 17:31:38,1,255,check-in,2026-02-10 12:11:03
000444,21770,2025-12-19 17:31:42,1,255,check-in,2026-02-10 12:11:03
550042,21771,2025-12-19 17:31:46,1,255,check-in,2026-02-10 12:11:03
550049,21772,2025-12-19 17:31:48,1,255,check-in,2026-02-10 12:11:03
660038,21773,2025-12-19 17:31:52,1,255,check-in,2026-02-10 12:11:03
550207,21774,2025-12-19 17:31:55,1,255,check-in,2026-02-10 12:11:03
550205,21775,2025-12-19 17:31:58,1,255,check-in,2026-02-10 12:11:03
550199,21776,2025-12-19 17:32:01,1,255,check-in,2026-02-10 12:11:03
550241,21777,2025-12-19 17:32:05,1,255,check-in,2026-02-10 12:11:03
000446,21778,2025-12-19 17:32:09,1,255,check-in,2026-02-10 12:11:03
000447,21779,2025-12-19 17:32:16,1,255,check-in,2026-02-10 12:11:03
550232,21780,2025-12-19 17:32:20,1,255,check-in,2026-02-10 12:11:03
550210,21781,2025-12-19 17:32:25,1,255,check-in,2026-02-10 12:11:03
550182,21782,2025-12-19 17:32:34,1,255,check-in,2026-02-10 12:11:03
550220,21783,2025-12-19 17:32:39,1,255,check-in,2026-02-10 12:11:03
550044,21784,2025-12-19 17:32:46,1,255,check-in,2026-02-10 12:11:03
550185,21785,2025-12-19 17:32:53,15,255,check-in,2026-02-10 12:11:03
550185,21786,2025-12-19 17:33:00,15,255,check-in,2026-02-10 12:11:03
550203,21787,2025-12-19 17:33:05,1,255,check-in,2026-02-10 12:11:03
550202,21788,2025-12-19 17:33:48,1,255,check-in,2026-02-10 12:11:03
550179,21789,2025-12-19 17:34:27,1,255,check-in,2026-02-10 12:11:03
550038,21790,2025-12-19 17:36:05,1,255,check-in,2026-02-10 12:11:03
474,21791,2025-12-19 17:39:16,1,255,check-in,2026-02-10 12:11:03
550160,21792,2025-12-19 17:41:15,1,255,check-in,2026-02-10 12:11:03
550193,21793,2025-12-19 17:42:05,1,255,check-in,2026-02-10 12:11:03
550204,21794,2025-12-19 17:42:16,1,255,check-in,2026-02-10 12:11:03
550209,21795,2025-12-19 17:45:37,1,255,check-in,2026-02-10 12:11:03
550160,21796,2025-12-19 17:51:31,1,255,check-in,2026-02-10 12:11:03
000487,21797,2025-12-19 17:53:51,1,255,check-in,2026-02-10 12:11:03
000487,21798,2025-12-19 17:53:53,1,255,check-in,2026-02-10 12:11:03
550196,21799,2025-12-19 19:01:15,1,255,check-in,2026-02-10 12:11:03
550153,21800,2025-12-19 19:01:20,1,255,check-in,2026-02-10 12:11:03
550241,21801,2025-12-20 07:01:26,1,255,check-in,2026-02-10 12:11:03
550185,21802,2025-12-20 07:07:46,1,255,check-in,2026-02-10 12:11:03
550232,21803,2025-12-20 07:17:33,1,255,check-in,2026-02-10 12:11:03
550232,21804,2025-12-20 07:17:38,15,255,check-in,2026-02-10 12:11:03
550179,21805,2025-12-20 07:21:39,1,255,check-in,2026-02-10 12:11:03
550179,21806,2025-12-20 07:21:41,15,255,check-in,2026-02-10 12:11:03
550226,21807,2025-12-20 07:23:19,1,255,check-in,2026-02-10 12:11:03
660106,21808,2025-12-20 07:27:35,1,255,check-in,2026-02-10 12:11:03
550209,21809,2025-12-20 07:27:41,1,255,check-in,2026-02-10 12:11:03
550082,21810,2025-12-20 07:28:59,1,255,check-in,2026-02-10 12:11:03
000446,21811,2025-12-20 07:30:27,1,255,check-in,2026-02-10 12:11:03
550049,21812,2025-12-20 07:32:36,1,255,check-in,2026-02-10 12:11:03
550199,21813,2025-12-20 07:34:47,1,255,check-in,2026-02-10 12:11:03
550044,21814,2025-12-20 07:40:48,1,255,check-in,2026-02-10 12:11:03
550210,21815,2025-12-20 07:40:54,1,255,check-in,2026-02-10 12:11:03
550220,21816,2025-12-20 07:44:27,1,255,check-in,2026-02-10 12:11:03
000444,21817,2025-12-20 07:50:09,1,255,check-in,2026-02-10 12:11:03
550182,21818,2025-12-20 07:55:17,1,255,check-in,2026-02-10 12:11:03
550202,21819,2025-12-20 07:55:21,15,255,check-in,2026-02-10 12:11:03
550042,21820,2025-12-20 07:56:26,1,255,check-in,2026-02-10 12:11:03
474,21821,2025-12-20 07:59:49,1,255,check-in,2026-02-10 12:11:03
550207,21822,2025-12-20 08:01:35,1,255,check-in,2026-02-10 12:11:03
550160,21823,2025-12-20 08:10:19,1,255,check-in,2026-02-10 12:11:03
660038,21824,2025-12-20 08:10:34,1,255,check-in,2026-02-10 12:11:03
550203,21825,2025-12-20 08:14:44,15,255,check-in,2026-02-10 12:11:03
550203,21826,2025-12-20 08:14:46,1,255,check-in,2026-02-10 12:11:03
550204,21827,2025-12-20 09:08:20,1,255,check-in,2026-02-10 12:11:03
550204,21828,2025-12-20 10:05:49,1,255,check-in,2026-02-10 12:11:03
660106,21829,2025-12-20 14:34:55,1,255,check-in,2026-02-10 12:11:03
550209,21830,2025-12-20 16:34:41,1,255,check-in,2026-02-10 12:11:03
660038,21831,2025-12-20 16:40:22,1,255,check-in,2026-02-10 12:11:03
550241,21832,2025-12-20 16:46:00,1,255,check-in,2026-02-10 12:11:03
550220,21833,2025-12-20 16:53:58,1,255,check-in,2026-02-10 12:11:03
550232,21834,2025-12-20 17:00:06,1,255,check-in,2026-02-10 12:11:03
550049,21835,2025-12-20 17:00:11,1,255,check-in,2026-02-10 12:11:03
550199,21836,2025-12-20 17:00:16,1,255,check-in,2026-02-10 12:11:03
550042,21837,2025-12-20 17:00:23,1,255,check-in,2026-02-10 12:11:03
550207,21838,2025-12-20 17:00:35,1,255,check-in,2026-02-10 12:11:03
000446,21839,2025-12-20 17:00:38,1,255,check-in,2026-02-10 12:11:03
000444,21840,2025-12-20 17:00:41,1,255,check-in,2026-02-10 12:11:03
550210,21841,2025-12-20 17:00:55,1,255,check-in,2026-02-10 12:11:03
550082,21842,2025-12-20 17:01:28,1,255,check-in,2026-02-10 12:11:03
550226,21843,2025-12-20 17:01:45,1,255,check-in,2026-02-10 12:11:03
550182,21844,2025-12-20 17:01:54,1,255,check-in,2026-02-10 12:11:03
550202,21845,2025-12-20 17:02:45,1,255,check-in,2026-02-10 12:11:03
550202,21846,2025-12-20 17:02:46,1,255,check-in,2026-02-10 12:11:03
550179,21847,2025-12-20 17:04:17,1,255,check-in,2026-02-10 12:11:03
550203,21848,2025-12-20 17:04:22,1,255,check-in,2026-02-10 12:11:03
474,21849,2025-12-20 17:05:10,1,255,check-in,2026-02-10 12:11:03
550044,21850,2025-12-20 17:17:10,1,255,check-in,2026-02-10 12:11:03
550160,21851,2025-12-20 17:23:53,1,255,check-in,2026-02-10 12:11:03
000447,21852,2025-12-20 21:02:56,15,255,check-in,2026-02-10 12:11:03
000447,21853,2025-12-20 21:02:57,1,255,check-in,2026-02-10 12:11:03
550204,21854,2025-12-22 06:43:11,1,255,check-in,2026-02-10 12:11:03
550241,21855,2025-12-22 06:54:12,1,255,check-in,2026-02-10 12:11:03
550185,21856,2025-12-22 07:11:52,15,255,check-in,2026-02-10 12:11:03
550232,21857,2025-12-22 07:17:21,1,255,check-in,2026-02-10 12:11:03
550038,21858,2025-12-22 07:17:52,1,255,check-in,2026-02-10 12:11:03
550044,21859,2025-12-22 07:18:33,1,255,check-in,2026-02-10 12:11:03
550179,21860,2025-12-22 07:19:55,1,255,check-in,2026-02-10 12:11:03
550082,21861,2025-12-22 07:21:41,1,255,check-in,2026-02-10 12:11:03
000447,21862,2025-12-22 07:22:25,1,255,check-in,2026-02-10 12:11:03
550193,21863,2025-12-22 07:22:56,1,255,check-in,2026-02-10 12:11:03
550196,21864,2025-12-22 07:24:32,1,255,check-in,2026-02-10 12:11:03
000444,21865,2025-12-22 07:24:36,1,255,check-in,2026-02-10 12:11:03
550203,21866,2025-12-22 07:24:40,1,255,check-in,2026-02-10 12:11:03
550153,21867,2025-12-22 07:26:52,1,255,check-in,2026-02-10 12:11:03
550205,21868,2025-12-22 07:27:18,1,255,check-in,2026-02-10 12:11:03
660106,21869,2025-12-22 07:27:59,1,255,check-in,2026-02-10 12:11:03
550194,21870,2025-12-22 07:30:36,1,255,check-in,2026-02-10 12:11:03
550220,21871,2025-12-22 07:32:33,1,255,check-in,2026-02-10 12:11:03
550049,21872,2025-12-22 07:33:18,1,255,check-in,2026-02-10 12:11:03
550202,21873,2025-12-22 07:33:22,15,255,check-in,2026-02-10 12:11:03
550207,21874,2025-12-22 07:34:15,1,255,check-in,2026-02-10 12:11:03
550210,21875,2025-12-22 07:39:51,1,255,check-in,2026-02-10 12:11:03
550042,21876,2025-12-22 07:40:18,1,255,check-in,2026-02-10 12:11:03
550199,21877,2025-12-22 07:43:02,1,255,check-in,2026-02-10 12:11:03
550209,21878,2025-12-22 07:47:09,1,255,check-in,2026-02-10 12:11:03
474,21879,2025-12-22 07:47:16,1,255,check-in,2026-02-10 12:11:03
000487,21880,2025-12-22 07:48:44,1,255,check-in,2026-02-10 12:11:03
660038,21881,2025-12-22 08:08:55,1,255,check-in,2026-02-10 12:11:03
550160,21882,2025-12-22 09:42:28,1,255,check-in,2026-02-10 12:11:03
000446,21883,2025-12-22 09:51:39,1,255,check-in,2026-02-10 12:11:03
550082,21884,2025-12-22 17:30:04,1,255,check-in,2026-02-10 12:11:03
000447,21885,2025-12-22 17:30:22,1,255,check-in,2026-02-10 12:11:03
550241,21886,2025-12-22 17:30:30,1,255,check-in,2026-02-10 12:11:03
550241,21887,2025-12-22 17:30:31,15,255,check-in,2026-02-10 12:11:03
000444,21888,2025-12-22 17:30:48,1,255,check-in,2026-02-10 12:11:03
550196,21889,2025-12-22 17:30:56,1,255,check-in,2026-02-10 12:11:03
550049,21890,2025-12-22 17:30:59,1,255,check-in,2026-02-10 12:11:03
550205,21891,2025-12-22 17:31:03,1,255,check-in,2026-02-10 12:11:03
550199,21892,2025-12-22 17:31:06,1,255,check-in,2026-02-10 12:11:03
550153,21893,2025-12-22 17:31:16,15,255,check-in,2026-02-10 12:11:03
550042,21894,2025-12-22 17:31:26,15,255,check-in,2026-02-10 12:11:03
550207,21895,2025-12-22 17:31:33,1,255,check-in,2026-02-10 12:11:03
550194,21896,2025-12-22 17:31:37,1,255,check-in,2026-02-10 12:11:03
000446,21897,2025-12-22 17:31:41,1,255,check-in,2026-02-10 12:11:03
550232,21898,2025-12-22 17:31:44,1,255,check-in,2026-02-10 12:11:03
550210,21899,2025-12-22 17:31:49,1,255,check-in,2026-02-10 12:11:03
550182,21900,2025-12-22 17:31:58,1,255,check-in,2026-02-10 12:11:03
550204,21901,2025-12-22 17:32:08,1,255,check-in,2026-02-10 12:11:03
474,21902,2025-12-22 17:32:21,1,255,check-in,2026-02-10 12:11:03
550185,21903,2025-12-22 17:32:25,15,255,check-in,2026-02-10 12:11:03
550044,21904,2025-12-22 17:32:33,1,255,check-in,2026-02-10 12:11:03
550203,21905,2025-12-22 17:32:38,1,255,check-in,2026-02-10 12:11:03
550038,21906,2025-12-22 17:32:39,1,255,check-in,2026-02-10 12:11:03
660038,21907,2025-12-22 17:33:41,1,255,check-in,2026-02-10 12:11:03
550220,21908,2025-12-22 17:33:49,1,255,check-in,2026-02-10 12:11:03
550179,21909,2025-12-22 17:34:39,1,255,check-in,2026-02-10 12:11:03
550202,21910,2025-12-22 17:34:52,15,255,check-in,2026-02-10 12:11:03
550193,21911,2025-12-22 17:36:46,1,255,check-in,2026-02-10 12:11:03
660106,21912,2025-12-22 17:38:19,1,255,check-in,2026-02-10 12:11:03
000487,21913,2025-12-22 17:44:55,1,255,check-in,2026-02-10 12:11:03
550160,21914,2025-12-22 17:51:56,1,255,check-in,2026-02-10 12:11:03
550209,21915,2025-12-22 18:25:54,1,255,check-in,2026-02-10 12:11:03
550209,21916,2025-12-23 06:27:27,1,255,check-in,2026-02-10 12:11:03
550241,21917,2025-12-23 06:50:50,1,255,check-in,2026-02-10 12:11:03
550241,21918,2025-12-23 06:59:28,1,255,check-in,2026-02-10 12:11:03
550204,21919,2025-12-23 07:07:56,1,255,check-in,2026-02-10 12:11:03
550232,21920,2025-12-23 07:09:39,1,255,check-in,2026-02-10 12:11:03
550232,21921,2025-12-23 07:09:41,15,255,check-in,2026-02-10 12:11:03
550153,21922,2025-12-23 07:09:58,15,255,check-in,2026-02-10 12:11:03
550179,21923,2025-12-23 07:12:26,1,255,check-in,2026-02-10 12:11:03
550185,21924,2025-12-23 07:13:50,15,255,check-in,2026-02-10 12:11:03
550203,21925,2025-12-23 07:15:13,1,255,check-in,2026-02-10 12:11:03
000446,21926,2025-12-23 07:15:18,1,255,check-in,2026-02-10 12:11:03
550038,21927,2025-12-23 07:18:23,1,255,check-in,2026-02-10 12:11:03
550199,21928,2025-12-23 07:18:39,1,255,check-in,2026-02-10 12:11:03
550205,21929,2025-12-23 07:21:07,1,255,check-in,2026-02-10 12:11:03
000444,21930,2025-12-23 07:21:11,1,255,check-in,2026-02-10 12:11:03
660106,21931,2025-12-23 07:21:40,1,255,check-in,2026-02-10 12:11:03
550044,21932,2025-12-23 07:24:48,1,255,check-in,2026-02-10 12:11:03
550082,21933,2025-12-23 07:25:18,1,255,check-in,2026-02-10 12:11:03
550049,21934,2025-12-23 07:25:41,1,255,check-in,2026-02-10 12:11:03
000447,21935,2025-12-23 07:27:01,1,255,check-in,2026-02-10 12:11:03
550193,21936,2025-12-23 07:28:18,1,255,check-in,2026-02-10 12:11:03
550182,21937,2025-12-23 07:28:42,15,255,check-in,2026-02-10 12:11:03
550220,21938,2025-12-23 07:29:41,1,255,check-in,2026-02-10 12:11:03
550196,21939,2025-12-23 07:30:42,1,255,check-in,2026-02-10 12:11:03
474,21940,2025-12-23 07:31:26,1,255,check-in,2026-02-10 12:11:03
550202,21941,2025-12-23 07:32:50,1,255,check-in,2026-02-10 12:11:03
550042,21942,2025-12-23 07:33:57,1,255,check-in,2026-02-10 12:11:03
550207,21943,2025-12-23 07:34:05,1,255,check-in,2026-02-10 12:11:03
550210,21944,2025-12-23 07:34:12,1,255,check-in,2026-02-10 12:11:03
000487,21945,2025-12-23 07:41:44,1,255,check-in,2026-02-10 12:11:03
000487,21946,2025-12-23 07:41:46,1,255,check-in,2026-02-10 12:11:03
660038,21947,2025-12-23 08:10:26,1,255,check-in,2026-02-10 12:11:03
550160,21948,2025-12-23 09:37:25,1,255,check-in,2026-02-10 12:11:03
550226,21949,2025-12-23 09:41:47,1,255,check-in,2026-02-10 12:11:03
550194,21950,2025-12-23 10:08:54,1,255,check-in,2026-02-10 12:11:03
550241,21951,2025-12-23 17:29:52,1,255,check-in,2026-02-10 12:11:03
550082,21952,2025-12-23 17:30:02,1,255,check-in,2026-02-10 12:11:03
000447,21953,2025-12-23 17:30:05,1,255,check-in,2026-02-10 12:11:03
000447,21954,2025-12-23 17:30:08,1,255,check-in,2026-02-10 12:11:03
000444,21955,2025-12-23 17:30:24,1,255,check-in,2026-02-10 12:11:03
550049,21956,2025-12-23 17:30:27,1,255,check-in,2026-02-10 12:11:03
550205,21957,2025-12-23 17:30:30,1,255,check-in,2026-02-10 12:11:03
550232,21958,2025-12-23 17:30:34,1,255,check-in,2026-02-10 12:11:03
550199,21959,2025-12-23 17:30:37,1,255,check-in,2026-02-10 12:11:03
550207,21960,2025-12-23 17:30:42,1,255,check-in,2026-02-10 12:11:03
000446,21961,2025-12-23 17:30:46,1,255,check-in,2026-02-10 12:11:03
550220,21962,2025-12-23 17:30:51,1,255,check-in,2026-02-10 12:11:03
550196,21963,2025-12-23 17:30:56,1,255,check-in,2026-02-10 12:11:03
550153,21964,2025-12-23 17:31:03,1,255,check-in,2026-02-10 12:11:03
550044,21965,2025-12-23 17:31:07,1,255,check-in,2026-02-10 12:11:03
550042,21966,2025-12-23 17:31:10,1,255,check-in,2026-02-10 12:11:03
660106,21967,2025-12-23 17:31:15,1,255,check-in,2026-02-10 12:11:03
660038,21968,2025-12-23 17:31:23,1,255,check-in,2026-02-10 12:11:03
550210,21969,2025-12-23 17:31:58,1,255,check-in,2026-02-10 12:11:03
550193,21970,2025-12-23 17:32:02,1,255,check-in,2026-02-10 12:11:03
550182,21971,2025-12-23 17:32:06,1,255,check-in,2026-02-10 12:11:03
550185,21972,2025-12-23 17:32:22,15,255,check-in,2026-02-10 12:11:03
550185,21973,2025-12-23 17:32:24,15,255,check-in,2026-02-10 12:11:03
550194,21974,2025-12-23 17:32:28,1,255,check-in,2026-02-10 12:11:03
474,21975,2025-12-23 17:32:54,1,255,check-in,2026-02-10 12:11:03
550038,21976,2025-12-23 17:33:08,1,255,check-in,2026-02-10 12:11:03
550204,21977,2025-12-23 17:33:46,1,255,check-in,2026-02-10 12:11:03
550202,21978,2025-12-23 17:34:06,1,255,check-in,2026-02-10 12:11:03
550202,21979,2025-12-23 17:34:08,1,255,check-in,2026-02-10 12:11:03
550203,21980,2025-12-23 17:34:11,1,255,check-in,2026-02-10 12:11:03
550179,21981,2025-12-23 17:34:23,1,255,check-in,2026-02-10 12:11:03
550226,21982,2025-12-23 17:34:32,1,255,check-in,2026-02-10 12:11:03
550160,21983,2025-12-23 17:39:14,1,255,check-in,2026-02-10 12:11:03
000487,21984,2025-12-23 17:43:59,1,255,check-in,2026-02-10 12:11:03
550209,21985,2025-12-23 17:53:37,1,255,check-in,2026-02-10 12:11:03
550204,21986,2025-12-24 06:56:31,1,255,check-in,2026-02-10 12:11:03
550241,21987,2025-12-24 06:57:02,1,255,check-in,2026-02-10 12:11:03
550153,21988,2025-12-24 07:09:24,1,255,check-in,2026-02-10 12:11:03
550194,21989,2025-12-24 07:14:53,1,255,check-in,2026-02-10 12:11:03
550226,21990,2025-12-24 07:15:19,1,255,check-in,2026-02-10 12:11:03
000446,21991,2025-12-24 07:15:47,1,255,check-in,2026-02-10 12:11:03
550044,21992,2025-12-24 07:15:51,1,255,check-in,2026-02-10 12:11:03
550038,21993,2025-12-24 07:15:55,15,255,check-in,2026-02-10 12:11:03
550038,21994,2025-12-24 07:15:56,1,255,check-in,2026-02-10 12:11:03
550179,21995,2025-12-24 07:16:33,1,255,check-in,2026-02-10 12:11:03
550232,21996,2025-12-24 07:20:20,1,255,check-in,2026-02-10 12:11:03
550232,21997,2025-12-24 07:20:22,15,255,check-in,2026-02-10 12:11:03
550205,21998,2025-12-24 07:20:55,1,255,check-in,2026-02-10 12:11:03
550185,21999,2025-12-24 07:21:43,1,255,check-in,2026-02-10 12:11:03
000447,22000,2025-12-24 07:23:19,15,255,check-in,2026-02-10 12:11:03
000447,22001,2025-12-24 07:23:21,15,255,check-in,2026-02-10 12:11:03
550203,22002,2025-12-24 07:26:04,1,255,check-in,2026-02-10 12:11:03
550203,22003,2025-12-24 07:26:10,15,255,check-in,2026-02-10 12:11:03
550203,22004,2025-12-24 07:26:12,1,255,check-in,2026-02-10 12:11:03
550220,22005,2025-12-24 07:27:26,1,255,check-in,2026-02-10 12:11:03
550182,22006,2025-12-24 07:28:09,1,255,check-in,2026-02-10 12:11:03
550193,22007,2025-12-24 07:28:15,1,255,check-in,2026-02-10 12:11:03
550049,22008,2025-12-24 07:29:17,1,255,check-in,2026-02-10 12:11:03
550082,22009,2025-12-24 07:31:04,1,255,check-in,2026-02-10 12:11:03
550199,22010,2025-12-24 07:33:31,1,255,check-in,2026-02-10 12:11:03
550202,22011,2025-12-24 07:33:40,1,255,check-in,2026-02-10 12:11:03
474,22012,2025-12-24 07:35:14,1,255,check-in,2026-02-10 12:11:03
550042,22013,2025-12-24 07:39:25,1,255,check-in,2026-02-10 12:11:03
550210,22014,2025-12-24 07:39:39,1,255,check-in,2026-02-10 12:11:03
000487,22015,2025-12-24 07:44:26,1,255,check-in,2026-02-10 12:11:03
660106,22016,2025-12-24 07:52:03,1,255,check-in,2026-02-10 12:11:03
550160,22017,2025-12-24 07:53:29,1,255,check-in,2026-02-10 12:11:03
550207,22018,2025-12-24 08:24:48,1,255,check-in,2026-02-10 12:11:03
660038,22019,2025-12-24 08:39:33,1,255,check-in,2026-02-10 12:11:03
000444,22020,2025-12-24 09:13:24,1,255,check-in,2026-02-10 12:11:03
550205,22021,2025-12-24 15:32:46,1,255,check-in,2026-02-10 12:11:03
550194,22022,2025-12-24 17:29:21,1,255,check-in,2026-02-10 12:11:03
550232,22023,2025-12-24 17:29:24,1,255,check-in,2026-02-10 12:11:03
550082,22024,2025-12-24 17:29:27,1,255,check-in,2026-02-10 12:11:03
000444,22025,2025-12-24 17:29:30,1,255,check-in,2026-02-10 12:11:03
550241,22026,2025-12-24 17:29:34,1,255,check-in,2026-02-10 12:11:03
550199,22027,2025-12-24 17:29:38,1,255,check-in,2026-02-10 12:11:03
000446,22028,2025-12-24 17:29:40,1,255,check-in,2026-02-10 12:11:03
550207,22029,2025-12-24 17:29:42,1,255,check-in,2026-02-10 12:11:03
474,22030,2025-12-24 17:29:47,15,255,check-in,2026-02-10 12:11:03
474,22031,2025-12-24 17:29:49,1,255,check-in,2026-02-10 12:11:03
550044,22032,2025-12-24 17:29:52,1,255,check-in,2026-02-10 12:11:03
550049,22033,2025-12-24 17:29:54,1,255,check-in,2026-02-10 12:11:03
550042,22034,2025-12-24 17:29:57,1,255,check-in,2026-02-10 12:11:03
550038,22035,2025-12-24 17:29:59,1,255,check-in,2026-02-10 12:11:03
660038,22036,2025-12-24 17:30:03,1,255,check-in,2026-02-10 12:11:03
660038,22037,2025-12-24 17:30:05,1,255,check-in,2026-02-10 12:11:03
550220,22038,2025-12-24 17:30:08,1,255,check-in,2026-02-10 12:11:03
550185,22039,2025-12-24 17:30:18,15,255,check-in,2026-02-10 12:11:03
550179,22040,2025-12-24 17:30:23,1,255,check-in,2026-02-10 12:11:03
550210,22041,2025-12-24 17:30:28,1,255,check-in,2026-02-10 12:11:03
550193,22042,2025-12-24 17:30:32,1,255,check-in,2026-02-10 12:11:03
550182,22043,2025-12-24 17:30:35,1,255,check-in,2026-02-10 12:11:03
550226,22044,2025-12-24 17:31:05,1,255,check-in,2026-02-10 12:11:03
660106,22045,2025-12-24 17:31:09,1,255,check-in,2026-02-10 12:11:03
550203,22046,2025-12-24 17:31:44,1,255,check-in,2026-02-10 12:11:03
550202,22047,2025-12-24 17:31:57,15,255,check-in,2026-02-10 12:11:03
550153,22048,2025-12-24 17:32:01,1,255,check-in,2026-02-10 12:11:03
550160,22049,2025-12-24 17:34:06,1,255,check-in,2026-02-10 12:11:03
550204,22050,2025-12-24 17:37:38,1,255,check-in,2026-02-10 12:11:03
000487,22051,2025-12-24 17:43:47,1,255,check-in,2026-02-10 12:11:03
550202,22052,2025-12-25 08:00:14,1,255,check-in,2026-02-10 12:11:03
550203,22053,2025-12-25 08:14:45,1,255,check-in,2026-02-10 12:11:03
550203,22054,2025-12-25 17:07:13,1,255,check-in,2026-02-10 12:11:03
550202,22055,2025-12-25 17:07:27,15,255,check-in,2026-02-10 12:11:03
550241,22056,2025-12-26 06:59:29,1,255,check-in,2026-02-10 12:11:03
550204,22057,2025-12-26 07:01:44,1,255,check-in,2026-02-10 12:11:03
000446,22058,2025-12-26 07:07:14,1,255,check-in,2026-02-10 12:11:03
550232,22059,2025-12-26 07:07:42,1,255,check-in,2026-02-10 12:11:03
550232,22060,2025-12-26 07:07:43,15,255,check-in,2026-02-10 12:11:03
550153,22061,2025-12-26 07:14:15,15,255,check-in,2026-02-10 12:11:03
550203,22062,2025-12-26 07:17:39,15,255,check-in,2026-02-10 12:11:03
550185,22063,2025-12-26 07:18:29,15,255,check-in,2026-02-10 12:11:03
550044,22064,2025-12-26 07:21:33,1,255,check-in,2026-02-10 12:11:03
550194,22065,2025-12-26 07:24:00,1,255,check-in,2026-02-10 12:11:03
550082,22066,2025-12-26 07:24:10,1,255,check-in,2026-02-10 12:11:03
550038,22067,2025-12-26 07:24:58,1,255,check-in,2026-02-10 12:11:03
660106,22068,2025-12-26 07:27:00,1,255,check-in,2026-02-10 12:11:03
550193,22069,2025-12-26 07:30:30,1,255,check-in,2026-02-10 12:11:03
550182,22070,2025-12-26 07:33:04,15,255,check-in,2026-02-10 12:11:03
550182,22071,2025-12-26 07:33:06,15,255,check-in,2026-02-10 12:11:03
550210,22072,2025-12-26 07:33:38,1,255,check-in,2026-02-10 12:11:03
550205,22073,2025-12-26 07:33:47,1,255,check-in,2026-02-10 12:11:03
550179,22074,2025-12-26 07:36:45,1,255,check-in,2026-02-10 12:11:03
550179,22075,2025-12-26 07:37:06,1,255,check-in,2026-02-10 12:11:03
550042,22076,2025-12-26 07:38:01,1,255,check-in,2026-02-10 12:11:03
550199,22077,2025-12-26 07:41:38,1,255,check-in,2026-02-10 12:11:03
000444,22078,2025-12-26 07:44:56,1,255,check-in,2026-02-10 12:11:03
550220,22079,2025-12-26 07:45:47,1,255,check-in,2026-02-10 12:11:03
000487,22080,2025-12-26 07:46:34,1,255,check-in,2026-02-10 12:11:03
474,22081,2025-12-26 07:52:54,1,255,check-in,2026-02-10 12:11:03
550207,22082,2025-12-26 07:58:59,1,255,check-in,2026-02-10 12:11:03
550226,22083,2025-12-26 07:59:44,15,255,check-in,2026-02-10 12:11:03
550226,22084,2025-12-26 07:59:46,1,255,check-in,2026-02-10 12:11:03
660038,22085,2025-12-26 08:02:40,1,255,check-in,2026-02-10 12:11:03
550160,22086,2025-12-26 08:28:31,1,255,check-in,2026-02-10 12:11:03
550209,22087,2025-12-26 08:40:44,1,255,check-in,2026-02-10 12:11:03
1111,22088,2025-12-26 12:26:29,3,255,check-in,2026-02-10 12:11:03
660106,22089,2025-12-26 12:49:15,1,255,check-in,2026-02-10 12:11:03
660038,22090,2025-12-26 17:01:18,1,255,check-in,2026-02-10 12:11:03
660038,22091,2025-12-26 17:01:20,1,255,check-in,2026-02-10 12:11:03
550207,22092,2025-12-26 17:01:21,1,255,check-in,2026-02-10 12:11:03
000444,22093,2025-12-26 17:01:23,1,255,check-in,2026-02-10 12:11:03
550044,22094,2025-12-26 17:01:25,1,255,check-in,2026-02-10 12:11:03
550199,22095,2025-12-26 17:01:29,1,255,check-in,2026-02-10 12:11:03
550205,22096,2025-12-26 17:01:33,15,255,check-in,2026-02-10 12:11:03
550232,22097,2025-12-26 17:01:35,1,255,check-in,2026-02-10 12:11:03
550194,22098,2025-12-26 17:01:40,1,255,check-in,2026-02-10 12:11:03
550042,22099,2025-12-26 17:01:43,1,255,check-in,2026-02-10 12:11:03
550199,22100,2025-12-26 17:01:48,1,255,check-in,2026-02-10 12:11:03
550205,22101,2025-12-26 17:01:51,1,255,check-in,2026-02-10 12:11:03
550182,22102,2025-12-26 17:01:56,1,255,check-in,2026-02-10 12:11:03
474,22103,2025-12-26 17:02:01,1,255,check-in,2026-02-10 12:11:03
550210,22104,2025-12-26 17:02:06,1,255,check-in,2026-02-10 12:11:03
550153,22105,2025-12-26 17:02:17,1,255,check-in,2026-02-10 12:11:03
550204,22106,2025-12-26 17:02:24,1,255,check-in,2026-02-10 12:11:03
550185,22107,2025-12-26 17:02:33,15,255,check-in,2026-02-10 12:11:03
550185,22108,2025-12-26 17:02:35,15,255,check-in,2026-02-10 12:11:03
550082,22109,2025-12-26 17:02:39,1,255,check-in,2026-02-10 12:11:03
550241,22110,2025-12-26 17:02:45,1,255,check-in,2026-02-10 12:11:03
550220,22111,2025-12-26 17:02:51,1,255,check-in,2026-02-10 12:11:03
000446,22112,2025-12-26 17:02:54,1,255,check-in,2026-02-10 12:11:03
550038,22113,2025-12-26 17:03:49,1,255,check-in,2026-02-10 12:11:03
550193,22114,2025-12-26 17:06:56,1,255,check-in,2026-02-10 12:11:03
550203,22115,2025-12-26 17:09:24,1,255,check-in,2026-02-10 12:11:03
550179,22116,2025-12-26 17:09:37,1,255,check-in,2026-02-10 12:11:03
550160,22117,2025-12-26 17:11:21,1,255,check-in,2026-02-10 12:11:03
000487,22118,2025-12-26 17:20:50,1,255,check-in,2026-02-10 12:11:03
550209,22119,2025-12-26 17:35:38,1,255,check-in,2026-02-10 12:11:03
000446,22120,2025-12-27 07:17:05,1,255,check-in,2026-02-10 12:11:03
550194,22121,2025-12-27 07:26:57,1,255,check-in,2026-02-10 12:11:03
550082,22122,2025-12-27 07:27:02,1,255,check-in,2026-02-10 12:11:03
550179,22123,2025-12-27 07:28:34,1,255,check-in,2026-02-10 12:11:03
550207,22124,2025-12-27 07:28:37,1,255,check-in,2026-02-10 12:11:03
000444,22125,2025-12-27 07:37:53,1,255,check-in,2026-02-10 12:11:03
550210,22126,2025-12-27 07:50:43,1,255,check-in,2026-02-10 12:11:03
550182,22127,2025-12-27 07:54:25,1,255,check-in,2026-02-10 12:11:03
474,22128,2025-12-27 07:58:28,1,255,check-in,2026-02-10 12:11:03
550202,22129,2025-12-27 07:58:39,1,255,check-in,2026-02-10 12:11:03
660038,22130,2025-12-27 08:03:42,1,255,check-in,2026-02-10 12:11:03
550205,22131,2025-12-27 08:05:59,1,255,check-in,2026-02-10 12:11:03
550203,22132,2025-12-27 08:06:04,15,255,check-in,2026-02-10 12:11:03
550203,22133,2025-12-27 08:06:05,1,255,check-in,2026-02-10 12:11:03
550220,22134,2025-12-27 08:10:41,1,255,check-in,2026-02-10 12:11:03
550160,22135,2025-12-27 08:18:34,1,255,check-in,2026-02-10 12:11:03
550160,22136,2025-12-27 08:21:08,1,255,check-in,2026-02-10 12:11:03
550194,22137,2025-12-27 16:28:46,1,255,check-in,2026-02-10 12:11:03
660038,22138,2025-12-27 16:38:03,1,255,check-in,2026-02-10 12:11:03
550210,22139,2025-12-27 16:59:01,1,255,check-in,2026-02-10 12:11:03
550205,22140,2025-12-27 16:59:06,1,255,check-in,2026-02-10 12:11:03
550182,22141,2025-12-27 16:59:10,1,255,check-in,2026-02-10 12:11:03
000444,22142,2025-12-27 16:59:12,1,255,check-in,2026-02-10 12:11:03
550082,22143,2025-12-27 17:00:33,1,255,check-in,2026-02-10 12:11:03
474,22144,2025-12-27 17:00:38,1,255,check-in,2026-02-10 12:11:03
550179,22145,2025-12-27 17:00:57,1,255,check-in,2026-02-10 12:11:03
550179,22146,2025-12-27 17:01:12,1,255,check-in,2026-02-10 12:11:03
550202,22147,2025-12-27 17:01:17,1,255,check-in,2026-02-10 12:11:03
550202,22148,2025-12-27 17:01:19,1,255,check-in,2026-02-10 12:11:03
550203,22149,2025-12-27 17:03:34,1,255,check-in,2026-02-10 12:11:03
550160,22150,2025-12-27 17:14:12,1,255,check-in,2026-02-10 12:11:03
550044,22151,2025-12-28 09:04:31,1,255,check-in,2026-02-10 12:11:03
000447,22152,2025-12-28 09:04:38,15,255,check-in,2026-02-10 12:11:03
000447,22153,2025-12-28 09:04:41,1,255,check-in,2026-02-10 12:11:03
550044,22154,2025-12-28 12:38:38,1,255,check-in,2026-02-10 12:11:03
000447,22155,2025-12-28 12:40:06,15,255,check-in,2026-02-10 12:11:03
000447,22156,2025-12-28 12:40:08,15,255,check-in,2026-02-10 12:11:03
550204,22157,2025-12-29 06:49:27,1,255,check-in,2026-02-10 12:11:03
550241,22158,2025-12-29 07:00:15,1,255,check-in,2026-02-10 12:11:03
550044,22159,2025-12-29 07:13:50,1,255,check-in,2026-02-10 12:11:03
550153,22160,2025-12-29 07:14:27,15,255,check-in,2026-02-10 12:11:03
550153,22161,2025-12-29 07:14:29,15,255,check-in,2026-02-10 12:11:03
550203,22162,2025-12-29 07:18:15,1,255,check-in,2026-02-10 12:11:03
550038,22163,2025-12-29 07:18:23,1,255,check-in,2026-02-10 12:11:03
550179,22164,2025-12-29 07:20:16,1,255,check-in,2026-02-10 12:11:03
000446,22165,2025-12-29 07:21:00,1,255,check-in,2026-02-10 12:11:03
550232,22166,2025-12-29 07:22:31,1,255,check-in,2026-02-10 12:11:03
000447,22167,2025-12-29 07:24:31,1,255,check-in,2026-02-10 12:11:03
550205,22168,2025-12-29 07:25:22,1,255,check-in,2026-02-10 12:11:03
000444,22169,2025-12-29 07:25:31,1,255,check-in,2026-02-10 12:11:03
660106,22170,2025-12-29 07:25:44,1,255,check-in,2026-02-10 12:11:03
550049,22171,2025-12-29 07:27:19,1,255,check-in,2026-02-10 12:11:03
550185,22172,2025-12-29 07:28:16,1,255,check-in,2026-02-10 12:11:03
550194,22173,2025-12-29 07:28:38,1,255,check-in,2026-02-10 12:11:03
550196,22174,2025-12-29 07:29:14,1,255,check-in,2026-02-10 12:11:03
550182,22175,2025-12-29 07:31:36,1,255,check-in,2026-02-10 12:11:03
550199,22176,2025-12-29 07:32:03,1,255,check-in,2026-02-10 12:11:03
550202,22177,2025-12-29 07:32:45,1,255,check-in,2026-02-10 12:11:03
550193,22178,2025-12-29 07:32:53,1,255,check-in,2026-02-10 12:11:03
550042,22179,2025-12-29 07:36:51,1,255,check-in,2026-02-10 12:11:03
550210,22180,2025-12-29 07:37:03,1,255,check-in,2026-02-10 12:11:03
550209,22181,2025-12-29 07:42:28,1,255,check-in,2026-02-10 12:11:03
000487,22182,2025-12-29 07:44:04,1,255,check-in,2026-02-10 12:11:03
550207,22183,2025-12-29 07:44:11,1,255,check-in,2026-02-10 12:11:03
474,22184,2025-12-29 07:52:46,1,255,check-in,2026-02-10 12:11:03
550160,22185,2025-12-29 07:56:43,1,255,check-in,2026-02-10 12:11:03
660038,22186,2025-12-29 08:00:06,1,255,check-in,2026-02-10 12:11:03
550082,22187,2025-12-29 10:12:24,1,255,check-in,2026-02-10 12:11:03
550232,22188,2025-12-29 13:51:16,15,255,check-in,2026-02-10 12:11:03
550232,22189,2025-12-29 13:51:19,1,255,check-in,2026-02-10 12:11:03
550153,22190,2025-12-29 15:30:59,1,255,check-in,2026-02-10 12:11:03
474,22191,2025-12-29 15:31:25,1,255,check-in,2026-02-10 12:11:03
550207,22192,2025-12-29 15:31:29,1,255,check-in,2026-02-10 12:11:03
550082,22193,2025-12-29 17:30:06,1,255,check-in,2026-02-10 12:11:03
550241,22194,2025-12-29 17:30:15,1,255,check-in,2026-02-10 12:11:03
000444,22195,2025-12-29 17:30:18,1,255,check-in,2026-02-10 12:11:03
550205,22196,2025-12-29 17:30:23,1,255,check-in,2026-02-10 12:11:03
550185,22197,2025-12-29 17:30:32,15,255,check-in,2026-02-10 12:11:03
550049,22198,2025-12-29 17:30:39,1,255,check-in,2026-02-10 12:11:03
000446,22199,2025-12-29 17:31:01,1,255,check-in,2026-02-10 12:11:03
660038,22200,2025-12-29 17:31:07,1,255,check-in,2026-02-10 12:11:03
660038,22201,2025-12-29 17:31:13,1,255,check-in,2026-02-10 12:11:03
550042,22202,2025-12-29 17:31:17,1,255,check-in,2026-02-10 12:11:03
550199,22203,2025-12-29 17:31:22,1,255,check-in,2026-02-10 12:11:03
550044,22204,2025-12-29 17:31:24,1,255,check-in,2026-02-10 12:11:03
550210,22205,2025-12-29 17:31:30,1,255,check-in,2026-02-10 12:11:03
550182,22206,2025-12-29 17:31:39,1,255,check-in,2026-02-10 12:11:03
550194,22207,2025-12-29 17:31:42,1,255,check-in,2026-02-10 12:11:03
550196,22208,2025-12-29 17:31:49,1,255,check-in,2026-02-10 12:11:03
660106,22209,2025-12-29 17:32:17,1,255,check-in,2026-02-10 12:11:03
000447,22210,2025-12-29 17:32:21,1,255,check-in,2026-02-10 12:11:03
550193,22211,2025-12-29 17:32:34,1,255,check-in,2026-02-10 12:11:03
550179,22212,2025-12-29 17:32:38,1,255,check-in,2026-02-10 12:11:03
550202,22213,2025-12-29 17:32:45,1,255,check-in,2026-02-10 12:11:03
550203,22214,2025-12-29 17:32:50,1,255,check-in,2026-02-10 12:11:03
550038,22215,2025-12-29 17:35:09,1,255,check-in,2026-02-10 12:11:03
550160,22216,2025-12-29 17:35:12,1,255,check-in,2026-02-10 12:11:03
550204,22217,2025-12-29 17:35:23,1,255,check-in,2026-02-10 12:11:03
000487,22218,2025-12-29 17:43:54,1,255,check-in,2026-02-10 12:11:03
000447,22219,2025-12-29 18:11:06,15,255,check-in,2026-02-10 12:11:03
000447,22220,2025-12-29 18:11:09,1,255,check-in,2026-02-10 12:11:03
550209,22221,2025-12-29 18:23:27,1,255,check-in,2026-02-10 12:11:03
550209,22222,2025-12-30 06:14:15,1,255,check-in,2026-02-10 12:11:03
550241,22223,2025-12-30 07:02:07,1,255,check-in,2026-02-10 12:11:03
550204,22224,2025-12-30 07:13:12,1,255,check-in,2026-02-10 12:11:03
550179,22225,2025-12-30 07:14:49,1,255,check-in,2026-02-10 12:11:03
550232,22226,2025-12-30 07:15:09,1,255,check-in,2026-02-10 12:11:03
550232,22227,2025-12-30 07:15:11,15,255,check-in,2026-02-10 12:11:03
550044,22228,2025-12-30 07:15:23,1,255,check-in,2026-02-10 12:11:03
660106,22229,2025-12-30 07:15:35,1,255,check-in,2026-02-10 12:11:03
550038,22230,2025-12-30 07:16:00,1,255,check-in,2026-02-10 12:11:03
550153,22231,2025-12-30 07:16:04,1,255,check-in,2026-02-10 12:11:03
550220,22232,2025-12-30 07:21:00,1,255,check-in,2026-02-10 12:11:03
000446,22233,2025-12-30 07:21:43,1,255,check-in,2026-02-10 12:11:03
000447,22234,2025-12-30 07:21:51,15,255,check-in,2026-02-10 12:11:03
000447,22235,2025-12-30 07:21:53,1,255,check-in,2026-02-10 12:11:03
000444,22236,2025-12-30 07:23:28,1,255,check-in,2026-02-10 12:11:03
550196,22237,2025-12-30 07:23:34,1,255,check-in,2026-02-10 12:11:03
550194,22238,2025-12-30 07:24:08,1,255,check-in,2026-02-10 12:11:03
550203,22239,2025-12-30 07:26:21,1,255,check-in,2026-02-10 12:11:03
550185,22240,2025-12-30 07:26:37,15,255,check-in,2026-02-10 12:11:03
550082,22241,2025-12-30 07:26:48,1,255,check-in,2026-02-10 12:11:03
550049,22242,2025-12-30 07:27:54,1,255,check-in,2026-02-10 12:11:03
550193,22243,2025-12-30 07:28:13,1,255,check-in,2026-02-10 12:11:03
550199,22244,2025-12-30 07:28:56,1,255,check-in,2026-02-10 12:11:03
550182,22245,2025-12-30 07:30:40,1,255,check-in,2026-02-10 12:11:03
550042,22246,2025-12-30 07:31:48,15,255,check-in,2026-02-10 12:11:03
550210,22247,2025-12-30 07:35:10,1,255,check-in,2026-02-10 12:11:03
550160,22248,2025-12-30 07:36:39,1,255,check-in,2026-02-10 12:11:03
000487,22249,2025-12-30 07:49:10,1,255,check-in,2026-02-10 12:11:03
660038,22250,2025-12-30 08:15:29,1,255,check-in,2026-02-10 12:11:03
1111,22251,2025-12-30 08:58:52,3,255,check-in,2026-02-10 12:11:03
000444,22252,2025-12-30 12:24:24,1,255,check-in,2026-02-10 12:11:03
000447,22253,2025-12-30 17:29:59,1,255,check-in,2026-02-10 12:11:03
550232,22254,2025-12-30 17:30:03,1,255,check-in,2026-02-10 12:11:03
550082,22255,2025-12-30 17:30:05,1,255,check-in,2026-02-10 12:11:03
550049,22256,2025-12-30 17:30:08,1,255,check-in,2026-02-10 12:11:03
550241,22257,2025-12-30 17:30:17,1,255,check-in,2026-02-10 12:11:03
550220,22258,2025-12-30 17:30:23,1,255,check-in,2026-02-10 12:11:03
550185,22259,2025-12-30 17:30:29,15,255,check-in,2026-02-10 12:11:03
550194,22260,2025-12-30 17:31:13,1,255,check-in,2026-02-10 12:11:03
550153,22261,2025-12-30 17:31:17,1,255,check-in,2026-02-10 12:11:03
550042,22262,2025-12-30 17:31:29,1,255,check-in,2026-02-10 12:11:03
660106,22263,2025-12-30 17:31:31,1,255,check-in,2026-02-10 12:11:03
660038,22264,2025-12-30 17:31:35,1,255,check-in,2026-02-10 12:11:03
550044,22265,2025-12-30 17:31:38,1,255,check-in,2026-02-10 12:11:03
550182,22266,2025-12-30 17:31:42,1,255,check-in,2026-02-10 12:11:03
550038,22267,2025-12-30 17:31:44,1,255,check-in,2026-02-10 12:11:03
000446,22268,2025-12-30 17:31:47,1,255,check-in,2026-02-10 12:11:03
550196,22269,2025-12-30 17:32:03,1,255,check-in,2026-02-10 12:11:03
550210,22270,2025-12-30 17:32:07,1,255,check-in,2026-02-10 12:11:03
550193,22271,2025-12-30 17:32:11,1,255,check-in,2026-02-10 12:11:03
550199,22272,2025-12-30 17:32:18,1,255,check-in,2026-02-10 12:11:03
550204,22273,2025-12-30 17:32:57,1,255,check-in,2026-02-10 12:11:03
550203,22274,2025-12-30 17:33:06,15,255,check-in,2026-02-10 12:11:03
550179,22275,2025-12-30 17:34:23,1,255,check-in,2026-02-10 12:11:03
550160,22276,2025-12-30 17:38:30,1,255,check-in,2026-02-10 12:11:03
000487,22277,2025-12-30 17:49:11,1,255,check-in,2026-02-10 12:11:03
550209,22278,2025-12-30 18:27:26,1,255,check-in,2026-02-10 12:11:03
550209,22279,2025-12-31 06:17:38,1,255,check-in,2026-02-10 12:11:03
550241,22280,2025-12-31 06:47:02,1,255,check-in,2026-02-10 12:11:03
550204,22281,2025-12-31 06:57:03,1,255,check-in,2026-02-10 12:11:03
550153,22282,2025-12-31 07:13:44,1,255,check-in,2026-02-10 12:11:03
550232,22283,2025-12-31 07:15:56,1,255,check-in,2026-02-10 12:11:03
000446,22284,2025-12-31 07:18:18,1,255,check-in,2026-02-10 12:11:03
550179,22285,2025-12-31 07:19:01,1,255,check-in,2026-02-10 12:11:03
550203,22286,2025-12-31 07:26:21,1,255,check-in,2026-02-10 12:11:03
550220,22287,2025-12-31 07:26:55,1,255,check-in,2026-02-10 12:11:03
550049,22288,2025-12-31 07:27:12,1,255,check-in,2026-02-10 12:11:03
000444,22289,2025-12-31 07:27:27,1,255,check-in,2026-02-10 12:11:03
000447,22290,2025-12-31 07:28:00,1,255,check-in,2026-02-10 12:11:03
660106,22291,2025-12-31 07:28:04,1,255,check-in,2026-02-10 12:11:03
550196,22292,2025-12-31 07:28:10,1,255,check-in,2026-02-10 12:11:03
550082,22293,2025-12-31 07:30:06,1,255,check-in,2026-02-10 12:11:03
550185,22294,2025-12-31 07:30:48,1,255,check-in,2026-02-10 12:11:03
550194,22295,2025-12-31 07:30:58,1,255,check-in,2026-02-10 12:11:03
550182,22296,2025-12-31 07:32:11,1,255,check-in,2026-02-10 12:11:03
550202,22297,2025-12-31 07:33:37,1,255,check-in,2026-02-10 12:11:03
550193,22298,2025-12-31 07:35:32,1,255,check-in,2026-02-10 12:11:03
550160,22299,2025-12-31 07:35:52,1,255,check-in,2026-02-10 12:11:03
550038,22300,2025-12-31 07:36:05,1,255,check-in,2026-02-10 12:11:03
550042,22301,2025-12-31 07:38:14,1,255,check-in,2026-02-10 12:11:03
550199,22302,2025-12-31 07:38:23,1,255,check-in,2026-02-10 12:11:03
550210,22303,2025-12-31 07:38:59,1,255,check-in,2026-02-10 12:11:03
474,22304,2025-12-31 07:39:13,1,255,check-in,2026-02-10 12:11:03
000487,22305,2025-12-31 07:50:56,1,255,check-in,2026-02-10 12:11:03
660038,22306,2025-12-31 08:13:50,1,255,check-in,2026-02-10 12:11:03
550207,22307,2025-12-31 08:24:26,1,255,check-in,2026-02-10 12:11:03
550044,22308,2025-12-31 09:05:48,1,255,check-in,2026-02-10 12:11:03
550153,22309,2025-12-31 12:02:43,1,255,check-in,2026-02-10 12:11:03
550038,22310,2025-12-31 13:30:33,1,255,check-in,2026-02-10 12:11:03
550049,22311,2025-12-31 15:28:57,1,255,check-in,2026-02-10 12:11:03
550207,22312,2025-12-31 15:47:25,1,255,check-in,2026-02-10 12:11:03
550082,22313,2025-12-31 17:30:26,1,255,check-in,2026-02-10 12:11:03
550241,22314,2025-12-31 17:30:40,1,255,check-in,2026-02-10 12:11:03
000444,22315,2025-12-31 17:30:47,1,255,check-in,2026-02-10 12:11:03
000447,22316,2025-12-31 17:31:00,15,255,check-in,2026-02-10 12:11:03
000447,22317,2025-12-31 17:31:02,15,255,check-in,2026-02-10 12:11:03
550241,22318,2025-12-31 17:31:07,15,255,check-in,2026-02-10 12:11:03
550232,22319,2025-12-31 17:31:12,1,255,check-in,2026-02-10 12:11:03
550199,22320,2025-12-31 17:31:18,1,255,check-in,2026-02-10 12:11:03
550241,22321,2025-12-31 17:31:24,1,255,check-in,2026-02-10 12:11:03
550044,22322,2025-12-31 17:31:26,1,255,check-in,2026-02-10 12:11:03
550196,22323,2025-12-31 17:31:31,1,255,check-in,2026-02-10 12:11:03
550199,22324,2025-12-31 17:31:39,1,255,check-in,2026-02-10 12:11:03
660106,22325,2025-12-31 17:31:43,1,255,check-in,2026-02-10 12:11:03
550042,22326,2025-12-31 17:31:47,1,255,check-in,2026-02-10 12:11:03
660038,22327,2025-12-31 17:31:54,1,255,check-in,2026-02-10 12:11:03
550185,22328,2025-12-31 17:31:58,1,255,check-in,2026-02-10 12:11:03
000446,22329,2025-12-31 17:32:02,1,255,check-in,2026-02-10 12:11:03
550210,22330,2025-12-31 17:32:06,1,255,check-in,2026-02-10 12:11:03
550220,22331,2025-12-31 17:32:09,1,255,check-in,2026-02-10 12:11:03
550193,22332,2025-12-31 17:32:14,1,255,check-in,2026-02-10 12:11:03
550203,22333,2025-12-31 17:32:20,1,255,check-in,2026-02-10 12:11:03
550182,22334,2025-12-31 17:33:21,1,255,check-in,2026-02-10 12:11:03
550182,22335,2025-12-31 17:33:23,15,255,check-in,2026-02-10 12:11:03
550179,22336,2025-12-31 17:33:51,1,255,check-in,2026-02-10 12:11:03
474,22337,2025-12-31 17:34:01,1,255,check-in,2026-02-10 12:11:03
550202,22338,2025-12-31 17:35:16,1,255,check-in,2026-02-10 12:11:03
550160,22339,2025-12-31 17:35:19,1,255,check-in,2026-02-10 12:11:03
550209,22340,2025-12-31 17:38:11,1,255,check-in,2026-02-10 12:11:03
550204,22341,2025-12-31 17:43:12,1,255,check-in,2026-02-10 12:11:03
000487,22342,2025-12-31 17:55:32,1,255,check-in,2026-02-10 12:11:03
550044,22343,2026-01-01 07:14:52,1,255,check-in,2026-02-10 12:11:03
550153,22344,2026-01-01 07:18:12,1,255,check-in,2026-02-10 12:11:03
000444,22345,2026-01-01 07:22:31,1,255,check-in,2026-02-10 12:11:03
550241,22346,2026-01-01 07:22:38,1,255,check-in,2026-02-10 12:11:03
550179,22347,2026-01-01 07:22:44,1,255,check-in,2026-02-10 12:11:03
660106,22348,2026-01-01 07:30:11,1,255,check-in,2026-02-10 12:11:03
550196,22349,2026-01-01 07:30:22,1,255,check-in,2026-02-10 12:11:03
550199,22350,2026-01-01 07:30:50,1,255,check-in,2026-02-10 12:11:03
000446,22351,2026-01-01 07:31:29,1,255,check-in,2026-02-10 12:11:03
550038,22352,2026-01-01 07:33:45,1,255,check-in,2026-02-10 12:11:03
550082,22353,2026-01-01 07:33:53,1,255,check-in,2026-02-10 12:11:03
550202,22354,2026-01-01 07:37:02,1,255,check-in,2026-02-10 12:11:03
474,22355,2026-01-01 07:41:10,1,255,check-in,2026-02-10 12:11:03
550204,22356,2026-01-01 07:43:22,1,255,check-in,2026-02-10 12:11:03
550049,22357,2026-01-01 07:43:49,1,255,check-in,2026-02-10 12:11:03
550042,22358,2026-01-01 07:47:36,1,255,check-in,2026-02-10 12:11:03
550193,22359,2026-01-01 07:47:49,1,255,check-in,2026-02-10 12:11:03
550232,22360,2026-01-01 07:49:39,1,255,check-in,2026-02-10 12:11:03
000447,22361,2026-01-01 07:54:02,1,255,check-in,2026-02-10 12:11:03
000447,22362,2026-01-01 07:54:04,15,255,check-in,2026-02-10 12:11:03
550194,22363,2026-01-01 08:00:22,1,255,check-in,2026-02-10 12:11:03
000487,22364,2026-01-01 08:09:01,1,255,check-in,2026-02-10 12:11:03
550160,22365,2026-01-01 08:18:45,1,255,check-in,2026-02-10 12:11:03
550160,22366,2026-01-01 08:29:19,1,255,check-in,2026-02-10 12:11:03
550203,22367,2026-01-01 08:34:53,1,255,check-in,2026-02-10 12:11:03
550220,22368,2026-01-01 08:37:44,1,255,check-in,2026-02-10 12:11:03
550205,22369,2026-01-01 09:14:28,1,255,check-in,2026-02-10 12:11:03
550209,22370,2026-01-01 09:54:31,1,255,check-in,2026-02-10 12:11:03
660038,22371,2026-01-01 12:34:45,1,255,check-in,2026-02-10 12:11:03
550232,22372,2026-01-01 12:35:37,1,255,check-in,2026-02-10 12:11:03
550232,22373,2026-01-01 12:35:38,1,255,check-in,2026-02-10 12:11:03
550204,22374,2026-01-01 12:37:00,1,255,check-in,2026-02-10 12:11:03
550049,22375,2026-01-01 12:37:30,1,255,check-in,2026-02-10 12:11:03
550205,22376,2026-01-01 12:37:41,1,255,check-in,2026-02-10 12:11:03
550199,22377,2026-01-01 12:38:08,1,255,check-in,2026-02-10 12:11:03
550038,22378,2026-01-01 12:38:12,1,255,check-in,2026-02-10 12:11:03
474,22379,2026-01-01 12:39:17,1,255,check-in,2026-02-10 12:11:03
550153,22380,2026-01-01 12:39:26,1,255,check-in,2026-02-10 12:11:03
000446,22381,2026-01-01 12:39:58,1,255,check-in,2026-02-10 12:11:03
550241,22382,2026-01-01 12:40:04,1,255,check-in,2026-02-10 12:11:03
550182,22383,2026-01-01 12:41:12,1,255,check-in,2026-02-10 12:11:03
550202,22384,2026-01-01 12:41:20,1,255,check-in,2026-02-10 12:11:03
550044,22385,2026-01-01 12:41:26,1,255,check-in,2026-02-10 12:11:03
550194,22386,2026-01-01 12:41:30,1,255,check-in,2026-02-10 12:11:03
550185,22387,2026-01-01 12:41:41,1,255,check-in,2026-02-10 12:11:03
000447,22388,2026-01-01 12:41:46,1,255,check-in,2026-02-10 12:11:03
550220,22389,2026-01-01 12:42:12,1,255,check-in,2026-02-10 12:11:03
550160,22390,2026-01-01 12:42:15,1,255,check-in,2026-02-10 12:11:03
550042,22391,2026-01-01 12:43:29,1,255,check-in,2026-02-10 12:11:03
550179,22392,2026-01-01 12:44:14,1,255,check-in,2026-02-10 12:11:03
000444,22393,2026-01-01 12:44:18,1,255,check-in,2026-02-10 12:11:03
550196,22394,2026-01-01 12:47:11,1,255,check-in,2026-02-10 12:11:03
550082,22395,2026-01-01 12:50:47,1,255,check-in,2026-02-10 12:11:03
550209,22396,2026-01-01 12:57:07,1,255,check-in,2026-02-10 12:11:03
550210,22397,2026-01-01 12:57:12,1,255,check-in,2026-02-10 12:11:03
660106,22398,2026-01-01 13:00:36,1,255,check-in,2026-02-10 12:11:03
000487,22399,2026-01-01 13:57:52,1,255,check-in,2026-02-10 12:11:03
550204,22400,2026-01-02 06:50:14,1,255,check-in,2026-02-10 12:11:03
550241,22401,2026-01-02 06:57:24,1,255,check-in,2026-02-10 12:11:03
550199,22402,2026-01-02 07:11:03,1,255,check-in,2026-02-10 12:11:03
550044,22403,2026-01-02 07:15:02,1,255,check-in,2026-02-10 12:11:03
550153,22404,2026-01-02 07:15:09,15,255,check-in,2026-02-10 12:11:03
550038,22405,2026-01-02 07:15:26,1,255,check-in,2026-02-10 12:11:03
550194,22406,2026-01-02 07:18:28,1,255,check-in,2026-02-10 12:11:03
550196,22407,2026-01-02 07:19:29,1,255,check-in,2026-02-10 12:11:03
550082,22408,2026-01-02 07:20:07,1,255,check-in,2026-02-10 12:11:03
000447,22409,2026-01-02 07:21:29,15,255,check-in,2026-02-10 12:11:03
000447,22410,2026-01-02 07:21:31,15,255,check-in,2026-02-10 12:11:03
660106,22411,2026-01-02 07:23:17,1,255,check-in,2026-02-10 12:11:03
550203,22412,2026-01-02 07:25:11,1,255,check-in,2026-02-10 12:11:03
550193,22413,2026-01-02 07:25:18,1,255,check-in,2026-02-10 12:11:03
000444,22414,2026-01-02 07:28:04,1,255,check-in,2026-02-10 12:11:03
550179,22415,2026-01-02 07:31:03,1,255,check-in,2026-02-10 12:11:03
550220,22416,2026-01-02 07:31:28,1,255,check-in,2026-02-10 12:11:03
550042,22417,2026-01-02 07:31:34,1,255,check-in,2026-02-10 12:11:03
550049,22418,2026-01-02 07:33:10,1,255,check-in,2026-02-10 12:11:03
550202,22419,2026-01-02 07:33:53,15,255,check-in,2026-02-10 12:11:03
550202,22420,2026-01-02 07:33:55,1,255,check-in,2026-02-10 12:11:03
550160,22421,2026-01-02 07:34:30,1,255,check-in,2026-02-10 12:11:03
550210,22422,2026-01-02 07:35:54,1,255,check-in,2026-02-10 12:11:03
474,22423,2026-01-02 07:37:02,1,255,check-in,2026-02-10 12:11:03
550185,22424,2026-01-02 07:38:17,15,255,check-in,2026-02-10 12:11:03
000446,22425,2026-01-02 07:40:20,1,255,check-in,2026-02-10 12:11:03
000487,22426,2026-01-02 07:47:23,1,255,check-in,2026-02-10 12:11:03
550209,22427,2026-01-02 07:51:31,1,255,check-in,2026-02-10 12:11:03
550182,22428,2026-01-02 10:15:27,1,255,check-in,2026-02-10 12:11:03
550082,22429,2026-01-02 17:29:31,1,255,check-in,2026-02-10 12:11:03
550241,22430,2026-01-02 17:29:40,1,255,check-in,2026-02-10 12:11:03
000444,22431,2026-01-02 17:29:43,1,255,check-in,2026-02-10 12:11:03
550220,22432,2026-01-02 17:29:50,1,255,check-in,2026-02-10 12:11:03
550049,22433,2026-01-02 17:29:53,1,255,check-in,2026-02-10 12:11:03
550194,22434,2026-01-02 17:30:24,1,255,check-in,2026-02-10 12:11:03
000446,22435,2026-01-02 17:30:46,1,255,check-in,2026-02-10 12:11:03
550199,22436,2026-01-02 17:30:51,1,255,check-in,2026-02-10 12:11:03
474,22437,2026-01-02 17:30:54,1,255,check-in,2026-02-10 12:11:03
474,22438,2026-01-02 17:30:56,1,255,check-in,2026-02-10 12:11:03
550153,22439,2026-01-02 17:30:58,1,255,check-in,2026-02-10 12:11:03
550185,22440,2026-01-02 17:31:01,15,255,check-in,2026-02-10 12:11:03
550044,22441,2026-01-02 17:31:06,1,255,check-in,2026-02-10 12:11:03
550196,22442,2026-01-02 17:31:13,1,255,check-in,2026-02-10 12:11:03
550042,22443,2026-01-02 17:31:19,1,255,check-in,2026-02-10 12:11:03
660106,22444,2026-01-02 17:31:23,1,255,check-in,2026-02-10 12:11:03
550210,22445,2026-01-02 17:31:32,1,255,check-in,2026-02-10 12:11:03
550182,22446,2026-01-02 17:31:45,15,255,check-in,2026-02-10 12:11:03
550203,22447,2026-01-02 17:31:50,1,255,check-in,2026-02-10 12:11:03
550179,22448,2026-01-02 17:32:01,1,255,check-in,2026-02-10 12:11:03
550202,22449,2026-01-02 17:32:40,1,255,check-in,2026-02-10 12:11:03
550193,22450,2026-01-02 17:34:27,1,255,check-in,2026-02-10 12:11:03
550160,22451,2026-01-02 17:34:30,1,255,check-in,2026-02-10 12:11:03
550204,22452,2026-01-02 17:38:03,1,255,check-in,2026-02-10 12:11:03
550209,22453,2026-01-02 17:46:21,1,255,check-in,2026-02-10 12:11:03
000487,22454,2026-01-02 17:47:18,1,255,check-in,2026-02-10 12:11:03
550038,22455,2026-01-02 18:39:04,1,255,check-in,2026-02-10 12:11:03
550204,22456,2026-01-05 06:42:27,1,255,check-in,2026-02-10 12:11:03
550241,22457,2026-01-05 06:53:10,1,255,check-in,2026-02-10 12:11:03
550209,22458,2026-01-05 07:08:02,1,255,check-in,2026-02-10 12:11:03
550232,22459,2026-01-05 07:11:26,1,255,check-in,2026-02-10 12:11:03
550232,22460,2026-01-05 07:11:28,15,255,check-in,2026-02-10 12:11:03
550226,22461,2026-01-05 07:12:44,1,255,check-in,2026-02-10 12:11:03
550153,22462,2026-01-05 07:17:00,1,255,check-in,2026-02-10 12:11:03
550044,22463,2026-01-05 07:17:30,1,255,check-in,2026-02-10 12:11:03
000447,22464,2026-01-05 07:17:33,15,255,check-in,2026-02-10 12:11:03
000447,22465,2026-01-05 07:17:35,1,255,check-in,2026-02-10 12:11:03
550038,22466,2026-01-05 07:20:14,1,255,check-in,2026-02-10 12:11:03
550199,22467,2026-01-05 07:25:18,1,255,check-in,2026-02-10 12:11:03
550203,22468,2026-01-05 07:25:46,15,255,check-in,2026-02-10 12:11:03
550194,22469,2026-01-05 07:26:34,1,255,check-in,2026-02-10 12:11:03
550042,22470,2026-01-05 07:26:55,1,255,check-in,2026-02-10 12:11:03
550193,22471,2026-01-05 07:28:10,1,255,check-in,2026-02-10 12:11:03
550179,22472,2026-01-05 07:28:20,1,255,check-in,2026-02-10 12:11:03
550082,22473,2026-01-05 07:29:39,1,255,check-in,2026-02-10 12:11:03
550220,22474,2026-01-05 07:32:03,1,255,check-in,2026-02-10 12:11:03
474,22475,2026-01-05 07:32:10,1,255,check-in,2026-02-10 12:11:03
550182,22476,2026-01-05 07:32:58,1,255,check-in,2026-02-10 12:11:03
550210,22477,2026-01-05 07:33:32,1,255,check-in,2026-02-10 12:11:03
550205,22478,2026-01-05 07:34:33,1,255,check-in,2026-02-10 12:11:03
550196,22479,2026-01-05 07:35:37,1,255,check-in,2026-02-10 12:11:03
550202,22480,2026-01-05 07:36:04,15,255,check-in,2026-02-10 12:11:03
000444,22481,2026-01-05 07:37:00,1,255,check-in,2026-02-10 12:11:03
550160,22482,2026-01-05 07:40:53,1,255,check-in,2026-02-10 12:11:03
000487,22483,2026-01-05 07:44:15,1,255,check-in,2026-02-10 12:11:03
550185,22484,2026-01-05 07:55:35,15,255,check-in,2026-02-10 12:11:03
550185,22485,2026-01-05 07:55:37,15,255,check-in,2026-02-10 12:11:03
660038,22486,2026-01-05 07:57:33,1,255,check-in,2026-02-10 12:11:03
000446,22487,2026-01-05 08:48:18,1,255,check-in,2026-02-10 12:11:03
660106,22488,2026-01-05 09:08:23,1,255,check-in,2026-02-10 12:11:03
474,22489,2026-01-05 12:44:05,1,255,check-in,2026-02-10 12:11:03
550082,22490,2026-01-05 17:29:48,1,255,check-in,2026-02-10 12:11:03
550241,22491,2026-01-05 17:29:58,1,255,check-in,2026-02-10 12:11:03
000444,22492,2026-01-05 17:30:06,1,255,check-in,2026-02-10 12:11:03
550232,22493,2026-01-05 17:31:05,1,255,check-in,2026-02-10 12:11:03
550196,22494,2026-01-05 17:31:11,1,255,check-in,2026-02-10 12:11:03
550205,22495,2026-01-05 17:31:17,1,255,check-in,2026-02-10 12:11:03
000446,22496,2026-01-05 17:31:22,1,255,check-in,2026-02-10 12:11:03
550153,22497,2026-01-05 17:31:24,1,255,check-in,2026-02-10 12:11:03
550042,22498,2026-01-05 17:31:28,1,255,check-in,2026-02-10 12:11:03
550194,22499,2026-01-05 17:31:34,1,255,check-in,2026-02-10 12:11:03
550044,22500,2026-01-05 17:31:36,1,255,check-in,2026-02-10 12:11:03
550199,22501,2026-01-05 17:31:41,1,255,check-in,2026-02-10 12:11:03
660038,22502,2026-01-05 17:31:50,1,255,check-in,2026-02-10 12:11:03
000447,22503,2026-01-05 17:31:55,1,255,check-in,2026-02-10 12:11:03
000447,22504,2026-01-05 17:31:56,15,255,check-in,2026-02-10 12:11:03
550210,22505,2026-01-05 17:32:06,1,255,check-in,2026-02-10 12:11:03
550226,22506,2026-01-05 17:32:12,1,255,check-in,2026-02-10 12:11:03
550038,22507,2026-01-05 17:32:14,1,255,check-in,2026-02-10 12:11:03
550182,22508,2026-01-05 17:32:18,1,255,check-in,2026-02-10 12:11:03
550203,22509,2026-01-05 17:32:26,15,255,check-in,2026-02-10 12:11:03
550220,22510,2026-01-05 17:33:02,1,255,check-in,2026-02-10 12:11:03
550202,22511,2026-01-05 17:33:16,15,255,check-in,2026-02-10 12:11:03
660106,22512,2026-01-05 17:33:25,1,255,check-in,2026-02-10 12:11:03
550193,22513,2026-01-05 17:33:59,1,255,check-in,2026-02-10 12:11:03
550179,22514,2026-01-05 17:34:16,1,255,check-in,2026-02-10 12:11:03
550204,22515,2026-01-05 17:37:49,1,255,check-in,2026-02-10 12:11:03
550160,22516,2026-01-05 17:38:12,1,255,check-in,2026-02-10 12:11:03
000487,22517,2026-01-05 17:48:20,1,255,check-in,2026-02-10 12:11:03
550209,22518,2026-01-05 18:22:33,1,255,check-in,2026-02-10 12:11:03
550209,22519,2026-01-06 06:15:18,1,255,check-in,2026-02-10 12:11:03
550204,22520,2026-01-06 06:42:43,15,255,check-in,2026-02-10 12:11:03
550241,22521,2026-01-06 06:46:38,1,255,check-in,2026-02-10 12:11:03
550232,22522,2026-01-06 07:17:22,1,255,check-in,2026-02-10 12:11:03
000446,22523,2026-01-06 07:17:43,1,255,check-in,2026-02-10 12:11:03
550153,22524,2026-01-06 07:18:13,1,255,check-in,2026-02-10 12:11:03
550226,22525,2026-01-06 07:20:09,1,255,check-in,2026-02-10 12:11:03
550179,22526,2026-01-06 07:21:31,1,255,check-in,2026-02-10 12:11:03
550044,22527,2026-01-06 07:21:56,1,255,check-in,2026-02-10 12:11:03
550049,22528,2026-01-06 07:23:04,1,255,check-in,2026-02-10 12:11:03
550193,22529,2026-01-06 07:26:06,1,255,check-in,2026-02-10 12:11:03
550203,22530,2026-01-06 07:26:10,1,255,check-in,2026-02-10 12:11:03
000444,22531,2026-01-06 07:26:51,1,255,check-in,2026-02-10 12:11:03
000447,22532,2026-01-06 07:27:25,1,255,check-in,2026-02-10 12:11:03
000447,22533,2026-01-06 07:27:27,15,255,check-in,2026-02-10 12:11:03
550185,22534,2026-01-06 07:27:32,1,255,check-in,2026-02-10 12:11:03
550038,22535,2026-01-06 07:29:00,1,255,check-in,2026-02-10 12:11:03
474,22536,2026-01-06 07:31:49,1,255,check-in,2026-02-10 12:11:03
474,22537,2026-01-06 07:31:51,15,255,check-in,2026-02-10 12:11:03
550202,22538,2026-01-06 07:32:20,15,255,check-in,2026-02-10 12:11:03
550202,22539,2026-01-06 07:32:22,15,255,check-in,2026-02-10 12:11:03
550042,22540,2026-01-06 07:32:44,1,255,check-in,2026-02-10 12:11:03
550210,22541,2026-01-06 07:32:58,1,255,check-in,2026-02-10 12:11:03
550160,22542,2026-01-06 07:34:28,1,255,check-in,2026-02-10 12:11:03
660106,22543,2026-01-06 07:36:26,1,255,check-in,2026-02-10 12:11:03
550082,22544,2026-01-06 07:37:30,1,255,check-in,2026-02-10 12:11:03
550199,22545,2026-01-06 07:39:52,1,255,check-in,2026-02-10 12:11:03
000487,22546,2026-01-06 07:42:26,1,255,check-in,2026-02-10 12:11:03
660038,22547,2026-01-06 07:59:16,1,255,check-in,2026-02-10 12:11:03
550182,22548,2026-01-06 08:05:07,1,255,check-in,2026-02-10 12:11:03
550194,22549,2026-01-06 10:13:28,1,255,check-in,2026-02-10 12:11:03
550196,22550,2026-01-06 12:10:58,1,255,check-in,2026-02-10 12:11:03
550082,22551,2026-01-06 17:30:54,1,255,check-in,2026-02-10 12:11:03
000444,22552,2026-01-06 17:30:56,1,255,check-in,2026-02-10 12:11:03
550199,22553,2026-01-06 17:31:00,1,255,check-in,2026-02-10 12:11:03
550049,22554,2026-01-06 17:31:03,1,255,check-in,2026-02-10 12:11:03
550232,22555,2026-01-06 17:31:06,1,255,check-in,2026-02-10 12:11:03
000447,22556,2026-01-06 17:31:09,1,255,check-in,2026-02-10 12:11:03
550241,22557,2026-01-06 17:31:15,1,255,check-in,2026-02-10 12:11:03
550153,22558,2026-01-06 17:31:18,1,255,check-in,2026-02-10 12:11:03
550185,22559,2026-01-06 17:31:27,1,255,check-in,2026-02-10 12:11:03
550185,22560,2026-01-06 17:31:29,15,255,check-in,2026-02-10 12:11:03
550196,22561,2026-01-06 17:31:43,1,255,check-in,2026-02-10 12:11:03
550044,22562,2026-01-06 17:32:00,1,255,check-in,2026-02-10 12:11:03
550042,22563,2026-01-06 17:32:06,1,255,check-in,2026-02-10 12:11:03
660106,22564,2026-01-06 17:32:10,1,255,check-in,2026-02-10 12:11:03
550194,22565,2026-01-06 17:32:15,1,255,check-in,2026-02-10 12:11:03
660038,22566,2026-01-06 17:32:21,1,255,check-in,2026-02-10 12:11:03
550179,22567,2026-01-06 17:32:24,1,255,check-in,2026-02-10 12:11:03
474,22568,2026-01-06 17:32:28,1,255,check-in,2026-02-10 12:11:03
000446,22569,2026-01-06 17:32:32,1,255,check-in,2026-02-10 12:11:03
550182,22570,2026-01-06 17:32:37,1,255,check-in,2026-02-10 12:11:03
550210,22571,2026-01-06 17:32:41,1,255,check-in,2026-02-10 12:11:03
550193,22572,2026-01-06 17:32:45,1,255,check-in,2026-02-10 12:11:03
550203,22573,2026-01-06 17:34:07,1,255,check-in,2026-02-10 12:11:03
550202,22574,2026-01-06 17:34:49,15,255,check-in,2026-02-10 12:11:03
550226,22575,2026-01-06 17:39:46,1,255,check-in,2026-02-10 12:11:03
550204,22576,2026-01-06 17:40:53,1,255,check-in,2026-02-10 12:11:03
550160,22577,2026-01-06 17:43:52,1,255,check-in,2026-02-10 12:11:03
000487,22578,2026-01-06 17:50:30,1,255,check-in,2026-02-10 12:11:03
550209,22579,2026-01-06 18:39:21,1,255,check-in,2026-02-10 12:11:03
550038,22580,2026-01-06 19:37:50,1,255,check-in,2026-02-10 12:11:03
000447,22581,2026-01-06 22:38:47,1,255,check-in,2026-02-10 12:11:03
550209,22582,2026-01-07 06:25:27,1,255,check-in,2026-02-10 12:11:03
550241,22583,2026-01-07 06:51:43,1,255,check-in,2026-02-10 12:11:03
550204,22584,2026-01-07 06:53:52,1,255,check-in,2026-02-10 12:11:03
000447,22585,2026-01-07 07:12:20,1,255,check-in,2026-02-10 12:11:03
550179,22586,2026-01-07 07:14:40,1,255,check-in,2026-02-10 12:11:03
550179,22587,2026-01-07 07:14:41,15,255,check-in,2026-02-10 12:11:03
550226,22588,2026-01-07 07:16:00,1,255,check-in,2026-02-10 12:11:03
550232,22589,2026-01-07 07:18:52,1,255,check-in,2026-02-10 12:11:03
550153,22590,2026-01-07 07:18:57,1,255,check-in,2026-02-10 12:11:03
000446,22591,2026-01-07 07:20:50,1,255,check-in,2026-02-10 12:11:03
550044,22592,2026-01-07 07:25:25,1,255,check-in,2026-02-10 12:11:03
550194,22593,2026-01-07 07:25:34,1,255,check-in,2026-02-10 12:11:03
550042,22594,2026-01-07 07:25:52,1,255,check-in,2026-02-10 12:11:03
550185,22595,2026-01-07 07:27:39,15,255,check-in,2026-02-10 12:11:03
550082,22596,2026-01-07 07:27:46,1,255,check-in,2026-02-10 12:11:03
550049,22597,2026-01-07 07:27:53,1,255,check-in,2026-02-10 12:11:03
550205,22598,2026-01-07 07:27:58,1,255,check-in,2026-02-10 12:11:03
550038,22599,2026-01-07 07:28:02,1,255,check-in,2026-02-10 12:11:03
550220,22600,2026-01-07 07:29:12,1,255,check-in,2026-02-10 12:11:03
550203,22601,2026-01-07 07:31:00,1,255,check-in,2026-02-10 12:11:03
550193,22602,2026-01-07 07:31:23,1,255,check-in,2026-02-10 12:11:03
000444,22603,2026-01-07 07:32:09,1,255,check-in,2026-02-10 12:11:03
474,22604,2026-01-07 07:32:53,15,255,check-in,2026-02-10 12:11:03
660106,22605,2026-01-07 07:33:12,1,255,check-in,2026-02-10 12:11:03
550196,22606,2026-01-07 07:33:18,1,255,check-in,2026-02-10 12:11:03
550202,22607,2026-01-07 07:34:41,1,255,check-in,2026-02-10 12:11:03
550210,22608,2026-01-07 07:34:54,1,255,check-in,2026-02-10 12:11:03
550199,22609,2026-01-07 07:37:36,1,255,check-in,2026-02-10 12:11:03
550182,22610,2026-01-07 07:57:20,1,255,check-in,2026-02-10 12:11:03
660038,22611,2026-01-07 08:10:36,1,255,check-in,2026-02-10 12:11:03
550042,22612,2026-01-07 17:30:08,15,255,check-in,2026-02-10 12:11:03
550042,22613,2026-01-07 17:30:11,1,255,check-in,2026-02-10 12:11:03
550196,22614,2026-01-07 17:30:18,1,255,check-in,2026-02-10 12:11:03
550082,22615,2026-01-07 17:30:21,1,255,check-in,2026-02-10 12:11:03
000444,22616,2026-01-07 17:30:24,1,255,check-in,2026-02-10 12:11:03
660106,22617,2026-01-07 17:30:31,1,255,check-in,2026-02-10 12:11:03
550205,22618,2026-01-07 17:30:36,1,255,check-in,2026-02-10 12:11:03
550044,22619,2026-01-07 17:30:38,1,255,check-in,2026-02-10 12:11:03
550049,22620,2026-01-07 17:30:40,1,255,check-in,2026-02-10 12:11:03
550038,22621,2026-01-07 17:30:43,1,255,check-in,2026-02-10 12:11:03
550241,22622,2026-01-07 17:30:48,1,255,check-in,2026-02-10 12:11:03
550194,22623,2026-01-07 17:30:59,1,255,check-in,2026-02-10 12:11:03
550199,22624,2026-01-07 17:31:03,1,255,check-in,2026-02-10 12:11:03
550220,22625,2026-01-07 17:31:07,1,255,check-in,2026-02-10 12:11:03
550232,22626,2026-01-07 17:31:14,1,255,check-in,2026-02-10 12:11:03
000446,22627,2026-01-07 17:31:18,1,255,check-in,2026-02-10 12:11:03
550185,22628,2026-01-07 17:31:28,15,255,check-in,2026-02-10 12:11:03
550182,22629,2026-01-07 17:31:37,1,255,check-in,2026-02-10 12:11:03
550153,22630,2026-01-07 17:31:39,1,255,check-in,2026-02-10 12:11:03
660038,22631,2026-01-07 17:31:52,1,255,check-in,2026-02-10 12:11:03
550179,22632,2026-01-07 17:32:17,1,255,check-in,2026-02-10 12:11:03
550226,22633,2026-01-07 17:33:04,1,255,check-in,2026-02-10 12:11:03
550210,22634,2026-01-07 17:33:11,1,255,check-in,2026-02-10 12:11:03
550193,22635,2026-01-07 17:33:15,1,255,check-in,2026-02-10 12:11:03
550203,22636,2026-01-07 17:33:51,1,255,check-in,2026-02-10 12:11:03
474,22637,2026-01-07 17:34:08,1,255,check-in,2026-02-10 12:11:03
550202,22638,2026-01-07 17:34:51,1,255,check-in,2026-02-10 12:11:03
550204,22639,2026-01-07 17:39:37,1,255,check-in,2026-02-10 12:11:03
550209,22640,2026-01-07 18:30:07,1,255,check-in,2026-02-10 12:11:03
550204,22641,2026-01-08 06:49:18,1,255,check-in,2026-02-10 12:11:03
550241,22642,2026-01-08 06:54:24,1,255,check-in,2026-02-10 12:11:03
550241,22643,2026-01-08 07:02:07,1,255,check-in,2026-02-10 12:11:03
550185,22644,2026-01-08 07:12:13,1,255,check-in,2026-02-10 12:11:03
550209,22645,2026-01-08 07:14:00,1,255,check-in,2026-02-10 12:11:03
550179,22646,2026-01-08 07:16:03,1,255,check-in,2026-02-10 12:11:03
000446,22647,2026-01-08 07:16:11,1,255,check-in,2026-02-10 12:11:03
550153,22648,2026-01-08 07:16:42,1,255,check-in,2026-02-10 12:11:03
550044,22649,2026-01-08 07:17:37,1,255,check-in,2026-02-10 12:11:03
550038,22650,2026-01-08 07:18:32,1,255,check-in,2026-02-10 12:11:03
000447,22651,2026-01-08 07:23:20,1,255,check-in,2026-02-10 12:11:03
550082,22652,2026-01-08 07:23:52,1,255,check-in,2026-02-10 12:11:03
550203,22653,2026-01-08 07:24:22,1,255,check-in,2026-02-10 12:11:03
550194,22654,2026-01-08 07:25:34,1,255,check-in,2026-02-10 12:11:03
550205,22655,2026-01-08 07:28:44,1,255,check-in,2026-02-10 12:11:03
000444,22656,2026-01-08 07:29:23,1,255,check-in,2026-02-10 12:11:03
550220,22657,2026-01-08 07:30:00,1,255,check-in,2026-02-10 12:11:03
550196,22658,2026-01-08 07:30:37,1,255,check-in,2026-02-10 12:11:03
550042,22659,2026-01-08 07:31:32,1,255,check-in,2026-02-10 12:11:03
660106,22660,2026-01-08 07:31:54,1,255,check-in,2026-02-10 12:11:03
550049,22661,2026-01-08 07:31:57,1,255,check-in,2026-02-10 12:11:03
550193,22662,2026-01-08 07:32:31,1,255,check-in,2026-02-10 12:11:03
550202,22663,2026-01-08 07:35:31,1,255,check-in,2026-02-10 12:11:03
550210,22664,2026-01-08 07:35:36,1,255,check-in,2026-02-10 12:11:03
550202,22665,2026-01-08 07:35:41,1,255,check-in,2026-02-10 12:11:03
474,22666,2026-01-08 07:37:02,1,255,check-in,2026-02-10 12:11:03
550182,22667,2026-01-08 07:38:48,1,255,check-in,2026-02-10 12:11:03
550199,22668,2026-01-08 07:38:53,1,255,check-in,2026-02-10 12:11:03
000487,22669,2026-01-08 07:42:18,1,255,check-in,2026-02-10 12:11:03
550160,22670,2026-01-08 07:46:47,1,255,check-in,2026-02-10 12:11:03
660038,22671,2026-01-08 08:13:13,1,255,check-in,2026-02-10 12:11:03
550226,22672,2026-01-08 09:33:21,1,255,check-in,2026-02-10 12:11:03
550153,22673,2026-01-08 12:03:45,1,255,check-in,2026-02-10 12:11:03
550241,22674,2026-01-08 17:29:57,1,255,check-in,2026-02-10 12:11:03
550082,22675,2026-01-08 17:30:01,1,255,check-in,2026-02-10 12:11:03
550220,22676,2026-01-08 17:30:23,1,255,check-in,2026-02-10 12:11:03
550196,22677,2026-01-08 17:30:26,1,255,check-in,2026-02-10 12:11:03
550199,22678,2026-01-08 17:30:35,1,255,check-in,2026-02-10 12:11:03
000447,22679,2026-01-08 17:30:38,1,255,check-in,2026-02-10 12:11:03
000444,22680,2026-01-08 17:30:40,1,255,check-in,2026-02-10 12:11:03
550194,22681,2026-01-08 17:30:44,1,255,check-in,2026-02-10 12:11:03
550185,22682,2026-01-08 17:30:47,15,255,check-in,2026-02-10 12:11:03
550205,22683,2026-01-08 17:30:53,1,255,check-in,2026-02-10 12:11:03
550049,22684,2026-01-08 17:30:56,1,255,check-in,2026-02-10 12:11:03
550044,22685,2026-01-08 17:30:59,1,255,check-in,2026-02-10 12:11:03
550182,22686,2026-01-08 17:31:29,1,255,check-in,2026-02-10 12:11:03
550042,22687,2026-01-08 17:31:33,1,255,check-in,2026-02-10 12:11:03
660106,22688,2026-01-08 17:31:36,1,255,check-in,2026-02-10 12:11:03
000446,22689,2026-01-08 17:31:39,1,255,check-in,2026-02-10 12:11:03
550193,22690,2026-01-08 17:31:41,1,255,check-in,2026-02-10 12:11:03
550203,22691,2026-01-08 17:31:45,1,255,check-in,2026-02-10 12:11:03
550226,22692,2026-01-08 17:32:50,1,255,check-in,2026-02-10 12:11:03
550202,22693,2026-01-08 17:32:57,15,255,check-in,2026-02-10 12:11:03
550202,22694,2026-01-08 17:32:59,15,255,check-in,2026-02-10 12:11:03
550202,22695,2026-01-08 17:33:01,1,255,check-in,2026-02-10 12:11:03
660038,22696,2026-01-08 17:33:36,1,255,check-in,2026-02-10 12:11:03
550179,22697,2026-01-08 17:33:39,1,255,check-in,2026-02-10 12:11:03
550204,22698,2026-01-08 17:33:59,1,255,check-in,2026-02-10 12:11:03
550210,22699,2026-01-08 17:34:04,1,255,check-in,2026-02-10 12:11:03
550160,22700,2026-01-08 17:34:09,1,255,check-in,2026-02-10 12:11:03
000487,22701,2026-01-08 17:43:42,1,255,check-in,2026-02-10 12:11:03
550038,22702,2026-01-08 17:44:18,1,255,check-in,2026-02-10 12:11:03
550209,22703,2026-01-08 18:28:48,1,255,check-in,2026-02-10 12:11:03
550204,22704,2026-01-09 06:41:37,1,255,check-in,2026-02-10 12:11:03
550241,22705,2026-01-09 07:02:21,1,255,check-in,2026-02-10 12:11:03
550226,22706,2026-01-09 07:11:04,1,255,check-in,2026-02-10 12:11:03
550153,22707,2026-01-09 07:12:18,1,255,check-in,2026-02-10 12:11:03
550185,22708,2026-01-09 07:12:41,1,255,check-in,2026-02-10 12:11:03
550209,22709,2026-01-09 07:13:39,1,255,check-in,2026-02-10 12:11:03
000446,22710,2026-01-09 07:15:22,1,255,check-in,2026-02-10 12:11:03
550232,22711,2026-01-09 07:16:16,15,255,check-in,2026-02-10 12:11:03
550232,22712,2026-01-09 07:16:18,1,255,check-in,2026-02-10 12:11:03
550194,22713,2026-01-09 07:18:31,1,255,check-in,2026-02-10 12:11:03
550044,22714,2026-01-09 07:20:36,1,255,check-in,2026-02-10 12:11:03
550038,22715,2026-01-09 07:20:52,1,255,check-in,2026-02-10 12:11:03
550049,22716,2026-01-09 07:24:18,1,255,check-in,2026-02-10 12:11:03
474,22717,2026-01-09 07:25:27,1,255,check-in,2026-02-10 12:11:03
000444,22718,2026-01-09 07:26:33,1,255,check-in,2026-02-10 12:11:03
660106,22719,2026-01-09 07:27:05,1,255,check-in,2026-02-10 12:11:03
550082,22720,2026-01-09 07:28:57,1,255,check-in,2026-02-10 12:11:03
550205,22721,2026-01-09 07:29:01,1,255,check-in,2026-02-10 12:11:03
550196,22722,2026-01-09 07:29:06,1,255,check-in,2026-02-10 12:11:03
550199,22723,2026-01-09 07:30:29,1,255,check-in,2026-02-10 12:11:03
000447,22724,2026-01-09 07:32:24,1,255,check-in,2026-02-10 12:11:03
550202,22725,2026-01-09 07:32:55,1,255,check-in,2026-02-10 12:11:03
550042,22726,2026-01-09 07:33:51,1,255,check-in,2026-02-10 12:11:03
550220,22727,2026-01-09 07:34:22,1,255,check-in,2026-02-10 12:11:03
550210,22728,2026-01-09 07:34:31,1,255,check-in,2026-02-10 12:11:03
550193,22729,2026-01-09 07:35:20,1,255,check-in,2026-02-10 12:11:03
000487,22730,2026-01-09 07:35:32,1,255,check-in,2026-02-10 12:11:03
550182,22731,2026-01-09 07:38:22,1,255,check-in,2026-02-10 12:11:03
550203,22732,2026-01-09 07:41:18,1,255,check-in,2026-02-10 12:11:03
550179,22733,2026-01-09 07:42:28,1,255,check-in,2026-02-10 12:11:03
660038,22734,2026-01-09 07:59:17,1,255,check-in,2026-02-10 12:11:03
550160,22735,2026-01-09 08:01:01,1,255,check-in,2026-02-10 12:11:03
550209,22736,2026-01-09 15:19:25,1,255,check-in,2026-02-10 12:11:03
550082,22737,2026-01-09 17:31:29,1,255,check-in,2026-02-10 12:11:03
660106,22738,2026-01-09 17:31:36,1,255,check-in,2026-02-10 12:11:03
000444,22739,2026-01-09 17:31:38,1,255,check-in,2026-02-10 12:11:03
550049,22740,2026-01-09 17:31:42,1,255,check-in,2026-02-10 12:11:03
550042,22741,2026-01-09 17:31:45,1,255,check-in,2026-02-10 12:11:03
550196,22742,2026-01-09 17:31:49,1,255,check-in,2026-02-10 12:11:03
660038,22743,2026-01-09 17:31:53,1,255,check-in,2026-02-10 12:11:03
550220,22744,2026-01-09 17:31:58,1,255,check-in,2026-02-10 12:11:03
550241,22745,2026-01-09 17:32:03,1,255,check-in,2026-02-10 12:11:03
550199,22746,2026-01-09 17:32:09,1,255,check-in,2026-02-10 12:11:03
550205,22747,2026-01-09 17:32:12,1,255,check-in,2026-02-10 12:11:03
000447,22748,2026-01-09 17:32:15,1,255,check-in,2026-02-10 12:11:03
550044,22749,2026-01-09 17:32:20,1,255,check-in,2026-02-10 12:11:03
550185,22750,2026-01-09 17:32:25,1,255,check-in,2026-02-10 12:11:03
550153,22751,2026-01-09 17:32:31,15,255,check-in,2026-02-10 12:11:03
474,22752,2026-01-09 17:32:40,1,255,check-in,2026-02-10 12:11:03
550182,22753,2026-01-09 17:33:04,15,255,check-in,2026-02-10 12:11:03
550210,22754,2026-01-09 17:33:12,1,255,check-in,2026-02-10 12:11:03
550179,22755,2026-01-09 17:33:32,1,255,check-in,2026-02-10 12:11:03
550193,22756,2026-01-09 17:34:26,1,255,check-in,2026-02-10 12:11:03
550194,22757,2026-01-09 17:34:29,1,255,check-in,2026-02-10 12:11:03
000446,22758,2026-01-09 17:34:32,1,255,check-in,2026-02-10 12:11:03
550226,22759,2026-01-09 17:34:36,1,255,check-in,2026-02-10 12:11:03
550203,22760,2026-01-09 17:34:41,1,255,check-in,2026-02-10 12:11:03
550204,22761,2026-01-09 17:36:12,1,255,check-in,2026-02-10 12:11:03
550038,22762,2026-01-09 17:36:34,1,255,check-in,2026-02-10 12:11:03
550160,22763,2026-01-09 17:36:38,1,255,check-in,2026-02-10 12:11:03
550202,22764,2026-01-09 17:37:03,15,255,check-in,2026-02-10 12:11:03
550202,22765,2026-01-09 17:37:04,1,255,check-in,2026-02-10 12:11:03
550202,22766,2026-01-09 17:37:06,15,255,check-in,2026-02-10 12:11:03
000487,22767,2026-01-09 17:44:41,1,255,check-in,2026-02-10 12:11:03
000447,22768,2026-01-10 08:07:30,1,255,check-in,2026-02-10 12:11:03
550160,22769,2026-01-10 08:15:09,1,255,check-in,2026-02-10 12:11:03
660038,22770,2026-01-10 08:23:55,1,255,check-in,2026-02-10 12:11:03
000447,22771,2026-01-10 16:22:02,15,255,check-in,2026-02-10 12:11:03
000447,22772,2026-01-10 16:22:04,1,255,check-in,2026-02-10 12:11:03
000447,22773,2026-01-10 16:22:05,15,255,check-in,2026-02-10 12:11:03
660038,22774,2026-01-10 16:34:34,1,255,check-in,2026-02-10 12:11:03
550038,22775,2026-01-10 17:04:48,1,255,check-in,2026-02-10 12:11:03
550160,22776,2026-01-10 17:08:11,1,255,check-in,2026-02-10 12:11:03
550160,22777,2026-01-10 17:08:38,1,255,check-in,2026-02-10 12:11:03
550241,22778,2026-01-12 07:01:28,1,255,check-in,2026-02-10 12:11:03
550204,22779,2026-01-12 07:03:37,1,255,check-in,2026-02-10 12:11:03
550209,22780,2026-01-12 07:13:04,1,255,check-in,2026-02-10 12:11:03
550209,22781,2026-01-12 07:13:06,15,255,check-in,2026-02-10 12:11:03
550194,22782,2026-01-12 07:13:43,1,255,check-in,2026-02-10 12:11:03
550185,22783,2026-01-12 07:15:09,1,255,check-in,2026-02-10 12:11:03
550185,22784,2026-01-12 07:15:21,1,255,check-in,2026-02-10 12:11:03
550153,22785,2026-01-12 07:15:31,15,255,check-in,2026-02-10 12:11:03
550044,22786,2026-01-12 07:18:19,1,255,check-in,2026-02-10 12:11:03
550044,22787,2026-01-12 07:18:21,1,255,check-in,2026-02-10 12:11:03
000447,22788,2026-01-12 07:18:30,1,255,check-in,2026-02-10 12:11:03
000446,22789,2026-01-12 07:20:02,1,255,check-in,2026-02-10 12:11:03
550226,22790,2026-01-12 07:21:23,1,255,check-in,2026-02-10 12:11:03
550226,22791,2026-01-12 07:21:37,1,255,check-in,2026-02-10 12:11:03
550203,22792,2026-01-12 07:23:12,1,255,check-in,2026-02-10 12:11:03
660106,22793,2026-01-12 07:24:35,1,255,check-in,2026-02-10 12:11:03
550038,22794,2026-01-12 07:26:21,1,255,check-in,2026-02-10 12:11:03
550196,22795,2026-01-12 07:26:37,1,255,check-in,2026-02-10 12:11:03
550220,22796,2026-01-12 07:27:12,1,255,check-in,2026-02-10 12:11:03
550193,22797,2026-01-12 07:27:16,1,255,check-in,2026-02-10 12:11:03
550082,22798,2026-01-12 07:29:23,1,255,check-in,2026-02-10 12:11:03
550182,22799,2026-01-12 07:29:52,1,255,check-in,2026-02-10 12:11:03
550232,22800,2026-01-12 07:30:38,1,255,check-in,2026-02-10 12:11:03
550232,22801,2026-01-12 07:31:00,15,255,check-in,2026-02-10 12:11:03
550232,22802,2026-01-12 07:31:02,1,255,check-in,2026-02-10 12:11:03
550049,22803,2026-01-12 07:31:12,1,255,check-in,2026-02-10 12:11:03
550160,22804,2026-01-12 07:31:30,1,255,check-in,2026-02-10 12:11:03
550232,22805,2026-01-12 07:31:41,1,255,check-in,2026-02-10 12:11:03
550202,22806,2026-01-12 07:34:15,1,255,check-in,2026-02-10 12:11:03
550042,22807,2026-01-12 07:34:57,1,255,check-in,2026-02-10 12:11:03
550210,22808,2026-01-12 07:35:27,1,255,check-in,2026-02-10 12:11:03
550199,22809,2026-01-12 07:38:45,1,255,check-in,2026-02-10 12:11:03
474,22810,2026-01-12 07:38:52,1,255,check-in,2026-02-10 12:11:03
660038,22811,2026-01-12 08:01:17,1,255,check-in,2026-02-10 12:11:03
660038,22812,2026-01-12 08:01:19,1,255,check-in,2026-02-10 12:11:03
000487,22813,2026-01-12 11:20:36,1,255,check-in,2026-02-10 12:11:03
550241,22814,2026-01-12 17:29:40,1,255,check-in,2026-02-10 12:11:03
550220,22815,2026-01-12 17:29:57,1,255,check-in,2026-02-10 12:11:03
550185,22816,2026-01-12 17:30:05,1,255,check-in,2026-02-10 12:11:03
550038,22817,2026-01-12 17:30:13,1,255,check-in,2026-02-10 12:11:03
550082,22818,2026-01-12 17:30:17,1,255,check-in,2026-02-10 12:11:03
000444,22819,2026-01-12 17:30:20,1,255,check-in,2026-02-10 12:11:03
550199,22820,2026-01-12 17:30:40,1,255,check-in,2026-02-10 12:11:03
550232,22821,2026-01-12 17:30:51,15,255,check-in,2026-02-10 12:11:03
550232,22822,2026-01-12 17:30:53,15,255,check-in,2026-02-10 12:11:03
550232,22823,2026-01-12 17:30:55,1,255,check-in,2026-02-10 12:11:03
550049,22824,2026-01-12 17:30:58,1,255,check-in,2026-02-10 12:11:03
550153,22825,2026-01-12 17:31:01,1,255,check-in,2026-02-10 12:11:03
550042,22826,2026-01-12 17:31:13,1,255,check-in,2026-02-10 12:11:03
550194,22827,2026-01-12 17:31:17,1,255,check-in,2026-02-10 12:11:03
550193,22828,2026-01-12 17:31:39,1,255,check-in,2026-02-10 12:11:03
000446,22829,2026-01-12 17:31:44,1,255,check-in,2026-02-10 12:11:03
550182,22830,2026-01-12 17:31:56,1,255,check-in,2026-02-10 12:11:03
660038,22831,2026-01-12 17:32:01,1,255,check-in,2026-02-10 12:11:03
474,22832,2026-01-12 17:32:05,1,255,check-in,2026-02-10 12:11:03
550203,22833,2026-01-12 17:32:09,1,255,check-in,2026-02-10 12:11:03
550044,22834,2026-01-12 17:33:00,1,255,check-in,2026-02-10 12:11:03
550160,22835,2026-01-12 17:33:18,1,255,check-in,2026-02-10 12:11:03
550196,22836,2026-01-12 17:33:23,1,255,check-in,2026-02-10 12:11:03
660106,22837,2026-01-12 17:34:11,1,255,check-in,2026-02-10 12:11:03
550202,22838,2026-01-12 17:34:50,15,255,check-in,2026-02-10 12:11:03
550202,22839,2026-01-12 17:34:54,15,255,check-in,2026-02-10 12:11:03
550226,22840,2026-01-12 17:36:21,1,255,check-in,2026-02-10 12:11:03
550204,22841,2026-01-12 17:37:15,1,255,check-in,2026-02-10 12:11:03
000487,22842,2026-01-12 17:41:02,1,255,check-in,2026-02-10 12:11:03
000487,22843,2026-01-12 17:41:13,1,255,check-in,2026-02-10 12:11:03
550209,22844,2026-01-12 18:11:45,1,255,check-in,2026-02-10 12:11:03
000447,22845,2026-01-12 20:49:28,15,255,check-in,2026-02-10 12:11:03
550209,22846,2026-01-13 06:15:10,1,255,check-in,2026-02-10 12:11:03
550204,22847,2026-01-13 06:46:05,1,255,check-in,2026-02-10 12:11:03
550241,22848,2026-01-13 07:01:33,1,255,check-in,2026-02-10 12:11:03
550232,22849,2026-01-13 07:09:14,15,255,check-in,2026-02-10 12:11:03
550232,22850,2026-01-13 07:09:16,1,255,check-in,2026-02-10 12:11:03
550232,22851,2026-01-13 07:09:17,15,255,check-in,2026-02-10 12:11:03
000446,22852,2026-01-13 07:13:57,1,255,check-in,2026-02-10 12:11:03
550179,22853,2026-01-13 07:15:13,1,255,check-in,2026-02-10 12:11:03
550153,22854,2026-01-13 07:15:44,15,255,check-in,2026-02-10 12:11:03
550044,22855,2026-01-13 07:17:52,1,255,check-in,2026-02-10 12:11:03
550226,22856,2026-01-13 07:17:56,1,255,check-in,2026-02-10 12:11:03
550038,22857,2026-01-13 07:18:12,1,255,check-in,2026-02-10 12:11:03
550185,22858,2026-01-13 07:19:31,15,255,check-in,2026-02-10 12:11:03
550194,22859,2026-01-13 07:19:55,1,255,check-in,2026-02-10 12:11:03
550193,22860,2026-01-13 07:22:35,1,255,check-in,2026-02-10 12:11:03
000447,22861,2026-01-13 07:22:42,1,255,check-in,2026-02-10 12:11:03
550203,22862,2026-01-13 07:22:46,1,255,check-in,2026-02-10 12:11:03
550205,22863,2026-01-13 07:24:25,1,255,check-in,2026-02-10 12:11:03
550196,22864,2026-01-13 07:25:12,1,255,check-in,2026-02-10 12:11:03
000444,22865,2026-01-13 07:25:38,1,255,check-in,2026-02-10 12:11:03
550049,22866,2026-01-13 07:27:50,1,255,check-in,2026-02-10 12:11:03
550220,22867,2026-01-13 07:28:52,1,255,check-in,2026-02-10 12:11:03
474,22868,2026-01-13 07:29:01,1,255,check-in,2026-02-10 12:11:03
660106,22869,2026-01-13 07:30:05,1,255,check-in,2026-02-10 12:11:03
550182,22870,2026-01-13 07:33:21,1,255,check-in,2026-02-10 12:11:03
550042,22871,2026-01-13 07:35:53,1,255,check-in,2026-02-10 12:11:03
550202,22872,2026-01-13 07:36:38,1,255,check-in,2026-02-10 12:11:03
550210,22873,2026-01-13 07:36:51,1,255,check-in,2026-02-10 12:11:03
550202,22874,2026-01-13 07:37:04,1,255,check-in,2026-02-10 12:11:03
550199,22875,2026-01-13 07:40:28,1,255,check-in,2026-02-10 12:11:03
000487,22876,2026-01-13 07:42:49,1,255,check-in,2026-02-10 12:11:03
660038,22877,2026-01-13 08:19:31,1,255,check-in,2026-02-10 12:11:03
550160,22878,2026-01-13 11:56:19,1,255,check-in,2026-02-10 12:11:03
550082,22879,2026-01-13 12:10:39,1,255,check-in,2026-02-10 12:11:03
550082,22880,2026-01-13 17:29:35,1,255,check-in,2026-02-10 12:11:03
550049,22881,2026-01-13 17:29:44,1,255,check-in,2026-02-10 12:11:03
550199,22882,2026-01-13 17:29:52,1,255,check-in,2026-02-10 12:11:03
000444,22883,2026-01-13 17:29:55,1,255,check-in,2026-02-10 12:11:03
550241,22884,2026-01-13 17:30:00,1,255,check-in,2026-02-10 12:11:03
550205,22885,2026-01-13 17:30:05,1,255,check-in,2026-02-10 12:11:03
550196,22886,2026-01-13 17:30:10,1,255,check-in,2026-02-10 12:11:03
550220,22887,2026-01-13 17:30:18,1,255,check-in,2026-02-10 12:11:03
550185,22888,2026-01-13 17:30:25,15,255,check-in,2026-02-10 12:11:03
550185,22889,2026-01-13 17:30:27,15,255,check-in,2026-02-10 12:11:03
550153,22890,2026-01-13 17:30:58,1,255,check-in,2026-02-10 12:11:03
550042,22891,2026-01-13 17:31:01,1,255,check-in,2026-02-10 12:11:03
660106,22892,2026-01-13 17:31:04,1,255,check-in,2026-02-10 12:11:03
660038,22893,2026-01-13 17:31:10,1,255,check-in,2026-02-10 12:11:03
550044,22894,2026-01-13 17:31:22,1,255,check-in,2026-02-10 12:11:03
000446,22895,2026-01-13 17:31:41,1,255,check-in,2026-02-10 12:11:03
550210,22896,2026-01-13 17:31:47,1,255,check-in,2026-02-10 12:11:03
550182,22897,2026-01-13 17:31:52,15,255,check-in,2026-02-10 12:11:03
550182,22898,2026-01-13 17:31:55,1,255,check-in,2026-02-10 12:11:03
550194,22899,2026-01-13 17:31:57,1,255,check-in,2026-02-10 12:11:03
550232,22900,2026-01-13 17:32:36,15,255,check-in,2026-02-10 12:11:03
550232,22901,2026-01-13 17:32:39,1,255,check-in,2026-02-10 12:11:03
550232,22902,2026-01-13 17:32:40,15,255,check-in,2026-02-10 12:11:03
474,22903,2026-01-13 17:32:48,1,255,check-in,2026-02-10 12:11:03
550204,22904,2026-01-13 17:33:26,1,255,check-in,2026-02-10 12:11:03
550203,22905,2026-01-13 17:33:51,1,255,check-in,2026-02-10 12:11:03
550193,22906,2026-01-13 17:33:55,1,255,check-in,2026-02-10 12:11:03
550226,22907,2026-01-13 17:34:00,1,255,check-in,2026-02-10 12:11:03
550202,22908,2026-01-13 17:34:08,1,255,check-in,2026-02-10 12:11:03
550179,22909,2026-01-13 17:34:14,1,255,check-in,2026-02-10 12:11:03
550160,22910,2026-01-13 17:37:22,1,255,check-in,2026-02-10 12:11:03
000487,22911,2026-01-13 17:53:28,1,255,check-in,2026-02-10 12:11:03
550038,22912,2026-01-13 19:28:47,1,255,check-in,2026-02-10 12:11:03
550209,22913,2026-01-13 20:37:56,1,255,check-in,2026-02-10 12:11:03
000447,22914,2026-01-13 22:28:41,1,255,check-in,2026-02-10 12:11:03
550209,22915,2026-01-14 06:17:20,1,255,check-in,2026-02-10 12:11:03
550209,22916,2026-01-14 06:17:22,15,255,check-in,2026-02-10 12:11:03
550204,22917,2026-01-14 06:57:12,1,255,check-in,2026-02-10 12:11:03
550241,22918,2026-01-14 07:00:27,1,255,check-in,2026-02-10 12:11:03
550232,22919,2026-01-14 07:05:54,15,255,check-in,2026-02-10 12:11:03
550232,22920,2026-01-14 07:05:56,1,255,check-in,2026-02-10 12:11:03
550185,22921,2026-01-14 07:06:40,1,255,check-in,2026-02-10 12:11:03
550241,22922,2026-01-14 07:09:18,1,255,check-in,2026-02-10 12:11:03
550226,22923,2026-01-14 07:11:50,1,255,check-in,2026-02-10 12:11:03
550153,22924,2026-01-14 07:15:39,1,255,check-in,2026-02-10 12:11:03
550203,22925,2026-01-14 07:17:03,1,255,check-in,2026-02-10 12:11:03
550044,22926,2026-01-14 07:18:09,1,255,check-in,2026-02-10 12:11:03
550038,22927,2026-01-14 07:19:31,1,255,check-in,2026-02-10 12:11:03
000446,22928,2026-01-14 07:20:02,1,255,check-in,2026-02-10 12:11:03
550082,22929,2026-01-14 07:24:53,1,255,check-in,2026-02-10 12:11:03
550205,22930,2026-01-14 07:25:06,1,255,check-in,2026-02-10 12:11:03
000444,22931,2026-01-14 07:25:16,1,255,check-in,2026-02-10 12:11:03
550194,22932,2026-01-14 07:26:00,1,255,check-in,2026-02-10 12:11:03
550049,22933,2026-01-14 07:28:26,1,255,check-in,2026-02-10 12:11:03
660106,22934,2026-01-14 07:29:26,1,255,check-in,2026-02-10 12:11:03
550179,22935,2026-01-14 07:30:21,1,255,check-in,2026-02-10 12:11:03
550193,22936,2026-01-14 07:30:25,1,255,check-in,2026-02-10 12:11:03
550199,22937,2026-01-14 07:31:26,1,255,check-in,2026-02-10 12:11:03
550160,22938,2026-01-14 07:31:36,1,255,check-in,2026-02-10 12:11:03
550196,22939,2026-01-14 07:31:41,1,255,check-in,2026-02-10 12:11:03
550202,22940,2026-01-14 07:33:18,1,255,check-in,2026-02-10 12:11:03
550182,22941,2026-01-14 07:35:37,1,255,check-in,2026-02-10 12:11:03
000447,22942,2026-01-14 07:36:46,1,255,check-in,2026-02-10 12:11:03
550220,22943,2026-01-14 07:41:10,1,255,check-in,2026-02-10 12:11:03
474,22944,2026-01-14 07:44:05,1,255,check-in,2026-02-10 12:11:03
000487,22945,2026-01-14 07:48:07,1,255,check-in,2026-02-10 12:11:03
660038,22946,2026-01-14 08:02:59,1,255,check-in,2026-02-10 12:11:03
550042,22947,2026-01-14 08:56:59,1,255,check-in,2026-02-10 12:11:03
000446,22948,2026-01-14 15:01:14,1,255,check-in,2026-02-10 12:11:03
550038,22949,2026-01-14 15:32:54,1,255,check-in,2026-02-10 12:11:03
550226,22950,2026-01-14 15:37:30,1,255,check-in,2026-02-10 12:11:03
550082,22951,2026-01-14 17:30:01,1,255,check-in,2026-02-10 12:11:03
000444,22952,2026-01-14 17:30:16,1,255,check-in,2026-02-10 12:11:03
550232,22953,2026-01-14 17:30:27,1,255,check-in,2026-02-10 12:11:03
550232,22954,2026-01-14 17:30:29,1,255,check-in,2026-02-10 12:11:03
550049,22955,2026-01-14 17:30:31,1,255,check-in,2026-02-10 12:11:03
550199,22956,2026-01-14 17:30:35,1,255,check-in,2026-02-10 12:11:03
550205,22957,2026-01-14 17:30:39,1,255,check-in,2026-02-10 12:11:03
550241,22958,2026-01-14 17:30:45,1,255,check-in,2026-02-10 12:11:03
550196,22959,2026-01-14 17:31:02,1,255,check-in,2026-02-10 12:11:03
550042,22960,2026-01-14 17:31:06,1,255,check-in,2026-02-10 12:11:03
660106,22961,2026-01-14 17:31:10,1,255,check-in,2026-02-10 12:11:03
550153,22962,2026-01-14 17:31:16,1,255,check-in,2026-02-10 12:11:03
550044,22963,2026-01-14 17:31:19,1,255,check-in,2026-02-10 12:11:03
550220,22964,2026-01-14 17:31:24,1,255,check-in,2026-02-10 12:11:03
474,22965,2026-01-14 17:31:29,15,255,check-in,2026-02-10 12:11:03
550185,22966,2026-01-14 17:31:38,15,255,check-in,2026-02-10 12:11:03
550185,22967,2026-01-14 17:31:40,1,255,check-in,2026-02-10 12:11:03
550194,22968,2026-01-14 17:31:43,1,255,check-in,2026-02-10 12:11:03
550182,22969,2026-01-14 17:31:50,15,255,check-in,2026-02-10 12:11:03
550182,22970,2026-01-14 17:31:52,1,255,check-in,2026-02-10 12:11:03
550204,22971,2026-01-14 17:32:38,1,255,check-in,2026-02-10 12:11:03
660038,22972,2026-01-14 17:33:27,1,255,check-in,2026-02-10 12:11:03
550179,22973,2026-01-14 17:33:46,1,255,check-in,2026-02-10 12:11:03
550193,22974,2026-01-14 17:35:18,1,255,check-in,2026-02-10 12:11:03
550203,22975,2026-01-14 17:36:34,1,255,check-in,2026-02-10 12:11:03
550202,22976,2026-01-14 17:36:41,1,255,check-in,2026-02-10 12:11:03
550160,22977,2026-01-14 17:40:43,1,255,check-in,2026-02-10 12:11:03
000487,22978,2026-01-14 17:42:12,1,255,check-in,2026-02-10 12:11:03
550209,22979,2026-01-14 17:49:37,1,255,check-in,2026-02-10 12:11:03
000447,22980,2026-01-14 18:59:41,1,255,check-in,2026-02-10 12:11:03
550204,22981,2026-01-16 06:46:28,1,255,check-in,2026-02-10 12:11:03
550232,22982,2026-01-16 07:06:46,15,255,check-in,2026-02-10 12:11:03
550232,22983,2026-01-16 07:06:48,1,255,check-in,2026-02-10 12:11:03
550232,22984,2026-01-16 07:06:49,15,255,check-in,2026-02-10 12:11:03
550241,22985,2026-01-16 07:07:37,1,255,check-in,2026-02-10 12:11:03
550153,22986,2026-01-16 07:11:07,1,255,check-in,2026-02-10 12:11:03
550185,22987,2026-01-16 07:16:32,1,255,check-in,2026-02-10 12:11:03
550194,22988,2026-01-16 07:18:15,1,255,check-in,2026-02-10 12:11:03
000447,22989,2026-01-16 07:20:22,1,255,check-in,2026-02-10 12:11:03
550044,22990,2026-01-16 07:21:50,1,255,check-in,2026-02-10 12:11:03
550042,22991,2026-01-16 07:23:18,1,255,check-in,2026-02-10 12:11:03
550205,22992,2026-01-16 07:24:07,1,255,check-in,2026-02-10 12:11:03
000444,22993,2026-01-16 07:24:11,1,255,check-in,2026-02-10 12:11:03
550082,22994,2026-01-16 07:26:57,1,255,check-in,2026-02-10 12:11:03
550220,22995,2026-01-16 07:27:23,1,255,check-in,2026-02-10 12:11:03
550049,22996,2026-01-16 07:27:37,1,255,check-in,2026-02-10 12:11:03
550179,22997,2026-01-16 07:28:00,1,255,check-in,2026-02-10 12:11:03
550193,22998,2026-01-16 07:28:40,1,255,check-in,2026-02-10 12:11:03
550210,22999,2026-01-16 07:30:57,1,255,check-in,2026-02-10 12:11:03
550203,23000,2026-01-16 07:34:17,1,255,check-in,2026-02-10 12:11:03
550202,23001,2026-01-16 07:34:26,15,255,check-in,2026-02-10 12:11:03
550202,23002,2026-01-16 07:34:28,1,255,check-in,2026-02-10 12:11:03
550160,23003,2026-01-16 07:34:40,1,255,check-in,2026-02-10 12:11:03
550199,23004,2026-01-16 07:42:17,1,255,check-in,2026-02-10 12:11:03
550196,23005,2026-01-16 07:44:58,1,255,check-in,2026-02-10 12:11:03
000487,23006,2026-01-16 07:50:14,1,255,check-in,2026-02-10 12:11:03
660038,23007,2026-01-16 07:55:02,1,255,check-in,2026-02-10 12:11:03
550038,23008,2026-01-16 17:30:14,1,255,check-in,2026-02-10 12:11:03
550241,23009,2026-01-16 17:30:19,1,255,check-in,2026-02-10 12:11:03
550082,23010,2026-01-16 17:30:27,1,255,check-in,2026-02-10 12:11:03
550049,23011,2026-01-16 17:30:34,1,255,check-in,2026-02-10 12:11:03
000444,23012,2026-01-16 17:30:40,1,255,check-in,2026-02-10 12:11:03
550194,23013,2026-01-16 17:30:43,1,255,check-in,2026-02-10 12:11:03
550199,23014,2026-01-16 17:30:47,1,255,check-in,2026-02-10 12:11:03
550220,23015,2026-01-16 17:30:52,1,255,check-in,2026-02-10 12:11:03
550205,23016,2026-01-16 17:30:57,1,255,check-in,2026-02-10 12:11:03
550185,23017,2026-01-16 17:31:06,15,255,check-in,2026-02-10 12:11:03
550179,23018,2026-01-16 17:31:16,1,255,check-in,2026-02-10 12:11:03
550042,23019,2026-01-16 17:31:22,1,255,check-in,2026-02-10 12:11:03
550210,23020,2026-01-16 17:31:28,1,255,check-in,2026-02-10 12:11:03
550153,23021,2026-01-16 17:31:30,1,255,check-in,2026-02-10 12:11:03
550196,23022,2026-01-16 17:31:39,1,255,check-in,2026-02-10 12:11:03
550044,23023,2026-01-16 17:31:43,1,255,check-in,2026-02-10 12:11:03
660038,23024,2026-01-16 17:32:18,1,255,check-in,2026-02-10 12:11:03
550203,23025,2026-01-16 17:32:54,1,255,check-in,2026-02-10 12:11:03
550193,23026,2026-01-16 17:33:02,1,255,check-in,2026-02-10 12:11:03
550202,23027,2026-01-16 17:34:13,1,255,check-in,2026-02-10 12:11:03
550204,23028,2026-01-16 17:40:54,1,255,check-in,2026-02-10 12:11:03
550160,23029,2026-01-16 17:42:19,1,255,check-in,2026-02-10 12:11:03
000487,23030,2026-01-16 17:46:57,1,255,check-in,2026-02-10 12:11:03
550044,23031,2026-01-17 07:33:00,1,255,check-in,2026-02-10 12:11:03
550044,23032,2026-01-17 17:00:56,1,255,check-in,2026-02-10 12:11:03
550204,23033,2026-01-19 06:44:33,1,255,check-in,2026-02-10 12:11:03
550241,23034,2026-01-19 06:59:30,1,255,check-in,2026-02-10 12:11:03
550232,23035,2026-01-19 07:10:27,1,255,check-in,2026-02-10 12:11:03
000446,23036,2026-01-19 07:16:28,1,255,check-in,2026-02-10 12:11:03
550194,23037,2026-01-19 07:17:14,1,255,check-in,2026-02-10 12:11:03
550038,23038,2026-01-19 07:17:48,1,255,check-in,2026-02-10 12:11:03
550185,23039,2026-01-19 07:18:31,1,255,check-in,2026-02-10 12:11:03
550193,23040,2026-01-19 07:21:38,1,255,check-in,2026-02-10 12:11:03
550044,23041,2026-01-19 07:22:34,1,255,check-in,2026-02-10 12:11:03
000447,23042,2026-01-19 07:22:42,1,255,check-in,2026-02-10 12:11:03
550203,23043,2026-01-19 07:23:57,1,255,check-in,2026-02-10 12:11:03
550082,23044,2026-01-19 07:24:32,1,255,check-in,2026-02-10 12:11:03
000444,23045,2026-01-19 07:24:47,1,255,check-in,2026-02-10 12:11:03
550220,23046,2026-01-19 07:27:20,1,255,check-in,2026-02-10 12:11:03
550209,23047,2026-01-19 07:27:39,1,255,check-in,2026-02-10 12:11:03
550179,23048,2026-01-19 07:27:45,1,255,check-in,2026-02-10 12:11:03
660106,23049,2026-01-19 07:28:06,1,255,check-in,2026-02-10 12:11:03
550196,23050,2026-01-19 07:28:11,1,255,check-in,2026-02-10 12:11:03
550182,23051,2026-01-19 07:34:02,1,255,check-in,2026-02-10 12:11:03
550202,23052,2026-01-19 07:34:48,1,255,check-in,2026-02-10 12:11:03
550042,23053,2026-01-19 07:34:54,1,255,check-in,2026-02-10 12:11:03
550210,23054,2026-01-19 07:35:00,1,255,check-in,2026-02-10 12:11:03
474,23055,2026-01-19 07:37:51,1,255,check-in,2026-02-10 12:11:03
000487,23056,2026-01-19 07:39:54,1,255,check-in,2026-02-10 12:11:03
550199,23057,2026-01-19 07:47:16,1,255,check-in,2026-02-10 12:11:03
660038,23058,2026-01-19 08:13:24,1,255,check-in,2026-02-10 12:11:03
550226,23059,2026-01-19 08:27:50,1,255,check-in,2026-02-10 12:11:03
550049,23060,2026-01-19 08:48:43,1,255,check-in,2026-02-10 12:11:03
550160,23061,2026-01-19 09:29:31,1,255,check-in,2026-02-10 12:11:03
550194,23062,2026-01-19 12:45:36,1,255,check-in,2026-02-10 12:11:03
550193,23063,2026-01-19 15:29:06,1,255,check-in,2026-02-10 12:11:03
000444,23064,2026-01-19 17:30:39,1,255,check-in,2026-02-10 12:11:03
550082,23065,2026-01-19 17:30:43,1,255,check-in,2026-02-10 12:11:03
550241,23066,2026-01-19 17:30:49,1,255,check-in,2026-02-10 12:11:03
550199,23067,2026-01-19 17:30:53,1,255,check-in,2026-02-10 12:11:03
000447,23068,2026-01-19 17:30:56,1,255,check-in,2026-02-10 12:11:03
550232,23069,2026-01-19 17:31:06,1,255,check-in,2026-02-10 12:11:03
550185,23070,2026-01-19 17:31:13,15,255,check-in,2026-02-10 12:11:03
550196,23071,2026-01-19 17:31:15,1,255,check-in,2026-02-10 12:11:03
550038,23072,2026-01-19 17:31:18,1,255,check-in,2026-02-10 12:11:03
000446,23073,2026-01-19 17:31:20,1,255,check-in,2026-02-10 12:11:03
550049,23074,2026-01-19 17:31:23,1,255,check-in,2026-02-10 12:11:03
550185,23075,2026-01-19 17:31:27,15,255,check-in,2026-02-10 12:11:03
550044,23076,2026-01-19 17:31:29,1,255,check-in,2026-02-10 12:11:03
550220,23077,2026-01-19 17:31:33,1,255,check-in,2026-02-10 12:11:03
550042,23078,2026-01-19 17:31:36,1,255,check-in,2026-02-10 12:11:03
660038,23079,2026-01-19 17:31:41,1,255,check-in,2026-02-10 12:11:03
474,23080,2026-01-19 17:32:00,1,255,check-in,2026-02-10 12:11:03
550210,23081,2026-01-19 17:32:06,1,255,check-in,2026-02-10 12:11:03
550182,23082,2026-01-19 17:32:10,1,255,check-in,2026-02-10 12:11:03
550204,23083,2026-01-19 17:32:26,1,255,check-in,2026-02-10 12:11:03
660106,23084,2026-01-19 17:33:07,1,255,check-in,2026-02-10 12:11:03
550179,23085,2026-01-19 17:33:30,1,255,check-in,2026-02-10 12:11:03
550203,23086,2026-01-19 17:34:55,1,255,check-in,2026-02-10 12:11:03
550202,23087,2026-01-19 17:35:23,15,255,check-in,2026-02-10 12:11:03
550160,23088,2026-01-19 17:37:44,1,255,check-in,2026-02-10 12:11:03
000487,23089,2026-01-19 17:38:20,1,255,check-in,2026-02-10 12:11:03
550226,23090,2026-01-19 17:39:57,1,255,check-in,2026-02-10 12:11:03
550209,23091,2026-01-19 18:18:46,1,255,check-in,2026-02-10 12:11:03
550209,23092,2026-01-20 06:11:15,1,255,check-in,2026-02-10 12:11:03
550209,23093,2026-01-20 06:11:17,15,255,check-in,2026-02-10 12:11:03
550241,23094,2026-01-20 06:49:56,1,255,check-in,2026-02-10 12:11:03
550204,23095,2026-01-20 06:55:00,1,255,check-in,2026-02-10 12:11:03
550232,23096,2026-01-20 07:11:08,1,255,check-in,2026-02-10 12:11:03
550232,23097,2026-01-20 07:11:09,15,255,check-in,2026-02-10 12:11:03
550226,23098,2026-01-20 07:11:37,1,255,check-in,2026-02-10 12:11:03
000446,23099,2026-01-20 07:15:59,1,255,check-in,2026-02-10 12:11:03
550203,23100,2026-01-20 07:17:04,1,255,check-in,2026-02-10 12:11:03
550185,23101,2026-01-20 07:17:50,15,255,check-in,2026-02-10 12:11:03
550185,23102,2026-01-20 07:17:52,1,255,check-in,2026-02-10 12:11:03
550044,23103,2026-01-20 07:21:30,1,255,check-in,2026-02-10 12:11:03
660106,23104,2026-01-20 07:22:24,1,255,check-in,2026-02-10 12:11:03
550082,23105,2026-01-20 07:22:35,1,255,check-in,2026-02-10 12:11:03
550153,23106,2026-01-20 07:22:43,1,255,check-in,2026-02-10 12:11:03
550193,23107,2026-01-20 07:23:50,1,255,check-in,2026-02-10 12:11:03
550199,23108,2026-01-20 07:25:43,1,255,check-in,2026-02-10 12:11:03
550220,23109,2026-01-20 07:26:28,1,255,check-in,2026-02-10 12:11:03
550049,23110,2026-01-20 07:26:34,1,255,check-in,2026-02-10 12:11:03
000447,23111,2026-01-20 07:27:33,1,255,check-in,2026-02-10 12:11:03
000444,23112,2026-01-20 07:28:00,1,255,check-in,2026-02-10 12:11:03
550196,23113,2026-01-20 07:28:49,1,255,check-in,2026-02-10 12:11:03
550160,23114,2026-01-20 07:31:32,1,255,check-in,2026-02-10 12:11:03
550042,23115,2026-01-20 07:33:39,1,255,check-in,2026-02-10 12:11:03
550210,23116,2026-01-20 07:33:49,1,255,check-in,2026-02-10 12:11:03
474,23117,2026-01-20 07:35:47,1,255,check-in,2026-02-10 12:11:03
550179,23118,2026-01-20 07:35:59,1,255,check-in,2026-02-10 12:11:03
550194,23119,2026-01-20 07:39:38,1,255,check-in,2026-02-10 12:11:03
000487,23120,2026-01-20 07:48:50,1,255,check-in,2026-02-10 12:11:03
550038,23121,2026-01-20 07:53:51,1,255,check-in,2026-02-10 12:11:03
660038,23122,2026-01-20 08:09:20,1,255,check-in,2026-02-10 12:11:03
550202,23123,2026-01-20 09:10:03,1,255,check-in,2026-02-10 12:11:03
550182,23124,2026-01-20 09:27:58,15,255,check-in,2026-02-10 12:11:03
550220,23125,2026-01-20 12:46:44,1,255,check-in,2026-02-10 12:11:03
550082,23126,2026-01-20 15:37:42,1,255,check-in,2026-02-10 12:11:03
550241,23127,2026-01-20 17:29:36,1,255,check-in,2026-02-10 12:11:03
550241,23128,2026-01-20 17:29:38,15,255,check-in,2026-02-10 12:11:03
550185,23129,2026-01-20 17:29:51,15,255,check-in,2026-02-10 12:11:03
550038,23130,2026-01-20 17:29:54,1,255,check-in,2026-02-10 12:11:03
550049,23131,2026-01-20 17:30:04,1,255,check-in,2026-02-10 12:11:03
000447,23132,2026-01-20 17:30:07,1,255,check-in,2026-02-10 12:11:03
000444,23133,2026-01-20 17:30:10,1,255,check-in,2026-02-10 12:11:03
550199,23134,2026-01-20 17:30:33,1,255,check-in,2026-02-10 12:11:03
550232,23135,2026-01-20 17:30:37,15,255,check-in,2026-02-10 12:11:03
550232,23136,2026-01-20 17:30:40,15,255,check-in,2026-02-10 12:11:03
550232,23137,2026-01-20 17:30:42,1,255,check-in,2026-02-10 12:11:03
550196,23138,2026-01-20 17:30:50,1,255,check-in,2026-02-10 12:11:03
000446,23139,2026-01-20 17:30:57,1,255,check-in,2026-02-10 12:11:03
550042,23140,2026-01-20 17:31:04,1,255,check-in,2026-02-10 12:11:03
550044,23141,2026-01-20 17:31:09,1,255,check-in,2026-02-10 12:11:03
550194,23142,2026-01-20 17:31:12,1,255,check-in,2026-02-10 12:11:03
474,23143,2026-01-20 17:31:19,1,255,check-in,2026-02-10 12:11:03
660038,23144,2026-01-20 17:31:34,1,255,check-in,2026-02-10 12:11:03
550210,23145,2026-01-20 17:31:41,1,255,check-in,2026-02-10 12:11:03
550182,23146,2026-01-20 17:31:47,15,255,check-in,2026-02-10 12:11:03
550153,23147,2026-01-20 17:32:28,1,255,check-in,2026-02-10 12:11:03
550204,23148,2026-01-20 17:32:49,1,255,check-in,2026-02-10 12:11:03
660106,23149,2026-01-20 17:33:43,1,255,check-in,2026-02-10 12:11:03
550203,23150,2026-01-20 17:33:49,1,255,check-in,2026-02-10 12:11:03
550226,23151,2026-01-20 17:34:52,1,255,check-in,2026-02-10 12:11:03
550202,23152,2026-01-20 17:35:44,1,255,check-in,2026-02-10 12:11:03
550179,23153,2026-01-20 17:39:43,1,255,check-in,2026-02-10 12:11:03
000487,23154,2026-01-20 17:41:45,1,255,check-in,2026-02-10 12:11:03
550193,23155,2026-01-20 17:42:31,1,255,check-in,2026-02-10 12:11:03
550160,23156,2026-01-20 17:44:46,1,255,check-in,2026-02-10 12:11:03
550209,23157,2026-01-20 18:25:02,1,255,check-in,2026-02-10 12:11:03
550241,23158,2026-01-21 07:01:30,1,255,check-in,2026-02-10 12:11:03
550204,23159,2026-01-21 07:05:09,1,255,check-in,2026-02-10 12:11:03
550241,23160,2026-01-21 07:07:23,1,255,check-in,2026-02-10 12:11:03
550226,23161,2026-01-21 07:16:10,1,255,check-in,2026-02-10 12:11:03
550226,23162,2026-01-21 07:16:12,15,255,check-in,2026-02-10 12:11:03
550153,23163,2026-01-21 07:16:18,15,255,check-in,2026-02-10 12:11:03
550038,23164,2026-01-21 07:16:24,1,255,check-in,2026-02-10 12:11:03
550209,23165,2026-01-21 07:16:38,1,255,check-in,2026-02-10 12:11:03
000447,23166,2026-01-21 07:17:07,1,255,check-in,2026-02-10 12:11:03
550179,23167,2026-01-21 07:17:16,1,255,check-in,2026-02-10 12:11:03
000446,23168,2026-01-21 07:18:04,1,255,check-in,2026-02-10 12:11:03
550185,23169,2026-01-21 07:20:03,15,255,check-in,2026-02-10 12:11:03
550203,23170,2026-01-21 07:24:09,15,255,check-in,2026-02-10 12:11:03
550194,23171,2026-01-21 07:25:16,1,255,check-in,2026-02-10 12:11:03
550196,23172,2026-01-21 07:26:30,1,255,check-in,2026-02-10 12:11:03
550082,23173,2026-01-21 07:27:30,1,255,check-in,2026-02-10 12:11:03
550199,23174,2026-01-21 07:27:46,1,255,check-in,2026-02-10 12:11:03
550193,23175,2026-01-21 07:29:21,1,255,check-in,2026-02-10 12:11:03
550205,23176,2026-01-21 07:30:27,1,255,check-in,2026-02-10 12:11:03
550042,23177,2026-01-21 07:31:32,1,255,check-in,2026-02-10 12:11:03
660106,23178,2026-01-21 07:32:40,1,255,check-in,2026-02-10 12:11:03
550210,23179,2026-01-21 07:32:46,1,255,check-in,2026-02-10 12:11:03
550202,23180,2026-01-21 07:34:33,15,255,check-in,2026-02-10 12:11:03
550049,23181,2026-01-21 07:34:37,1,255,check-in,2026-02-10 12:11:03
474,23182,2026-01-21 07:37:50,15,255,check-in,2026-02-10 12:11:03
474,23183,2026-01-21 07:37:52,1,255,check-in,2026-02-10 12:11:03
550044,23184,2026-01-21 07:39:51,1,255,check-in,2026-02-10 12:11:03
550182,23185,2026-01-21 07:39:58,1,255,check-in,2026-02-10 12:11:03
550220,23186,2026-01-21 07:40:12,1,255,check-in,2026-02-10 12:11:03
550160,23187,2026-01-21 07:41:37,1,255,check-in,2026-02-10 12:11:03
000487,23188,2026-01-21 07:54:31,1,255,check-in,2026-02-10 12:11:03
660038,23189,2026-01-21 08:03:53,1,255,check-in,2026-02-10 12:11:03
550049,23190,2026-01-21 15:30:08,15,255,check-in,2026-02-10 12:11:03
550049,23191,2026-01-21 15:30:11,15,255,check-in,2026-02-10 12:11:03
550038,23192,2026-01-21 17:30:09,1,255,check-in,2026-02-10 12:11:03
550082,23193,2026-01-21 17:30:12,1,255,check-in,2026-02-10 12:11:03
550241,23194,2026-01-21 17:30:16,1,255,check-in,2026-02-10 12:11:03
000447,23195,2026-01-21 17:30:23,1,255,check-in,2026-02-10 12:11:03
550220,23196,2026-01-21 17:30:45,1,255,check-in,2026-02-10 12:11:03
550185,23197,2026-01-21 17:31:01,15,255,check-in,2026-02-10 12:11:03
550205,23198,2026-01-21 17:31:09,1,255,check-in,2026-02-10 12:11:03
550042,23199,2026-01-21 17:31:22,1,255,check-in,2026-02-10 12:11:03
000446,23200,2026-01-21 17:31:38,1,255,check-in,2026-02-10 12:11:03
550194,23201,2026-01-21 17:31:42,1,255,check-in,2026-02-10 12:11:03
660038,23202,2026-01-21 17:31:46,1,255,check-in,2026-02-10 12:11:03
474,23203,2026-01-21 17:31:54,1,255,check-in,2026-02-10 12:11:03
550210,23204,2026-01-21 17:31:59,1,255,check-in,2026-02-10 12:11:03
550182,23205,2026-01-21 17:32:07,15,255,check-in,2026-02-10 12:11:03
550182,23206,2026-01-21 17:32:09,1,255,check-in,2026-02-10 12:11:03
550203,23207,2026-01-21 17:32:11,15,255,check-in,2026-02-10 12:11:03
660106,23208,2026-01-21 17:32:15,1,255,check-in,2026-02-10 12:11:03
550226,23209,2026-01-21 17:32:28,1,255,check-in,2026-02-10 12:11:03
550179,23210,2026-01-21 17:36:52,1,255,check-in,2026-02-10 12:11:03
550204,23211,2026-01-21 17:37:00,1,255,check-in,2026-02-10 12:11:03
550160,23212,2026-01-21 17:38:01,1,255,check-in,2026-02-10 12:11:03
000487,23213,2026-01-21 17:39:02,1,255,check-in,2026-02-10 12:11:03
550199,23214,2026-01-21 17:55:35,1,255,check-in,2026-02-10 12:11:03
550202,23215,2026-01-21 18:05:29,15,255,check-in,2026-02-10 12:11:03
550209,23216,2026-01-21 18:30:59,1,255,check-in,2026-02-10 12:11:03
550153,23217,2026-01-21 19:00:35,15,255,check-in,2026-02-10 12:11:03
550153,23218,2026-01-21 19:00:37,1,255,check-in,2026-02-10 12:11:03
550196,23219,2026-01-21 19:04:10,15,255,check-in,2026-02-10 12:11:03
550196,23220,2026-01-21 19:04:14,15,255,check-in,2026-02-10 12:11:03
550196,23221,2026-01-21 19:04:36,1,255,check-in,2026-02-10 12:11:03
550044,23222,2026-01-21 19:28:57,1,255,check-in,2026-02-10 12:11:03
550193,23223,2026-01-21 19:30:19,1,255,check-in,2026-02-10 12:11:03
550204,23224,2026-01-22 06:49:28,1,255,check-in,2026-02-10 12:11:03
550241,23225,2026-01-22 07:07:50,1,255,check-in,2026-02-10 12:11:03
550209,23226,2026-01-22 07:09:15,1,255,check-in,2026-02-10 12:11:03
550232,23227,2026-01-22 07:12:25,1,255,check-in,2026-02-10 12:11:03
550179,23228,2026-01-22 07:13:25,1,255,check-in,2026-02-10 12:11:03
550153,23229,2026-01-22 07:14:16,1,255,check-in,2026-02-10 12:11:03
550226,23230,2026-01-22 07:15:55,1,255,check-in,2026-02-10 12:11:03
550194,23231,2026-01-22 07:19:56,1,255,check-in,2026-02-10 12:11:03
000446,23232,2026-01-22 07:23:25,1,255,check-in,2026-02-10 12:11:03
550044,23233,2026-01-22 07:23:46,1,255,check-in,2026-02-10 12:11:03
000447,23234,2026-01-22 07:23:55,1,255,check-in,2026-02-10 12:11:03
550082,23235,2026-01-22 07:24:16,1,255,check-in,2026-02-10 12:11:03
550193,23236,2026-01-22 07:27:50,1,255,check-in,2026-02-10 12:11:03
550220,23237,2026-01-22 07:29:07,1,255,check-in,2026-02-10 12:11:03
550205,23238,2026-01-22 07:29:31,1,255,check-in,2026-02-10 12:11:03
000444,23239,2026-01-22 07:29:37,1,255,check-in,2026-02-10 12:11:03
550196,23240,2026-01-22 07:29:55,1,255,check-in,2026-02-10 12:11:03
550199,23241,2026-01-22 07:30:06,1,255,check-in,2026-02-10 12:11:03
550038,23242,2026-01-22 07:30:59,1,255,check-in,2026-02-10 12:11:03
550210,23243,2026-01-22 07:33:10,1,255,check-in,2026-02-10 12:11:03
550182,23244,2026-01-22 07:34:19,1,255,check-in,2026-02-10 12:11:03
474,23245,2026-01-22 07:34:36,1,255,check-in,2026-02-10 12:11:03
550042,23246,2026-01-22 07:35:27,1,255,check-in,2026-02-10 12:11:03
550202,23247,2026-01-22 07:36:01,1,255,check-in,2026-02-10 12:11:03
000487,23248,2026-01-22 07:49:17,1,255,check-in,2026-02-10 12:11:03
660038,23249,2026-01-22 08:05:17,1,255,check-in,2026-02-10 12:11:03
550160,23250,2026-01-22 08:21:30,1,255,check-in,2026-02-10 12:11:03
550203,23251,2026-01-22 09:15:02,1,255,check-in,2026-02-10 12:11:03
550049,23252,2026-01-22 12:18:46,1,255,check-in,2026-02-10 12:11:03
000447,23253,2026-01-22 15:25:24,1,255,check-in,2026-02-10 12:11:03
550241,23254,2026-01-22 17:29:53,1,255,check-in,2026-02-10 12:11:03
550082,23255,2026-01-22 17:30:12,1,255,check-in,2026-02-10 12:11:03
550220,23256,2026-01-22 17:30:15,1,255,check-in,2026-02-10 12:11:03
550049,23257,2026-01-22 17:30:28,1,255,check-in,2026-02-10 12:11:03
550038,23258,2026-01-22 17:30:30,1,255,check-in,2026-02-10 12:11:03
550199,23259,2026-01-22 17:30:33,1,255,check-in,2026-02-10 12:11:03
550205,23260,2026-01-22 17:30:43,1,255,check-in,2026-02-10 12:11:03
550232,23261,2026-01-22 17:30:55,1,255,check-in,2026-02-10 12:11:03
550042,23262,2026-01-22 17:31:07,1,255,check-in,2026-02-10 12:11:03
550194,23263,2026-01-22 17:31:17,1,255,check-in,2026-02-10 12:11:03
474,23264,2026-01-22 17:31:22,1,255,check-in,2026-02-10 12:11:03
000446,23265,2026-01-22 17:31:26,1,255,check-in,2026-02-10 12:11:03
660038,23266,2026-01-22 17:31:45,1,255,check-in,2026-02-10 12:11:03
550210,23267,2026-01-22 17:31:52,1,255,check-in,2026-02-10 12:11:03
550182,23268,2026-01-22 17:32:00,1,255,check-in,2026-02-10 12:11:03
550160,23269,2026-01-22 17:32:03,1,255,check-in,2026-02-10 12:11:03
550204,23270,2026-01-22 17:32:16,1,255,check-in,2026-02-10 12:11:03
000444,23271,2026-01-22 17:32:20,1,255,check-in,2026-02-10 12:11:03
550193,23272,2026-01-22 17:32:34,1,255,check-in,2026-02-10 12:11:03
550203,23273,2026-01-22 17:34:10,1,255,check-in,2026-02-10 12:11:03
550179,23274,2026-01-22 17:34:29,1,255,check-in,2026-02-10 12:11:03
550226,23275,2026-01-22 17:34:49,1,255,check-in,2026-02-10 12:11:03
550202,23276,2026-01-22 17:36:32,1,255,check-in,2026-02-10 12:11:03
000487,23277,2026-01-22 17:45:33,1,255,check-in,2026-02-10 12:11:03
550209,23278,2026-01-22 18:12:28,1,255,check-in,2026-02-10 12:11:03
550153,23279,2026-01-22 19:00:06,1,255,check-in,2026-02-10 12:11:03
550196,23280,2026-01-22 19:00:21,15,255,check-in,2026-02-10 12:11:03
550196,23281,2026-01-22 19:00:27,1,255,check-in,2026-02-10 12:11:03
550044,23282,2026-01-22 19:28:28,1,255,check-in,2026-02-10 12:11:03
550241,23283,2026-01-23 06:59:44,1,255,check-in,2026-02-10 12:11:03
550241,23284,2026-01-23 07:05:15,1,255,check-in,2026-02-10 12:11:03
550232,23285,2026-01-23 07:07:33,1,255,check-in,2026-02-10 12:11:03
550153,23286,2026-01-23 07:09:15,1,255,check-in,2026-02-10 12:11:03
550199,23287,2026-01-23 07:12:36,1,255,check-in,2026-02-10 12:11:03
550209,23288,2026-01-23 07:14:22,1,255,check-in,2026-02-10 12:11:03
000446,23289,2026-01-23 07:17:30,1,255,check-in,2026-02-10 12:11:03
550185,23290,2026-01-23 07:17:44,1,255,check-in,2026-02-10 12:11:03
550038,23291,2026-01-23 07:18:05,1,255,check-in,2026-02-10 12:11:03
000447,23292,2026-01-23 07:20:52,1,255,check-in,2026-02-10 12:11:03
550226,23293,2026-01-23 07:21:40,1,255,check-in,2026-02-10 12:11:03
550044,23294,2026-01-23 07:24:48,1,255,check-in,2026-02-10 12:11:03
550193,23295,2026-01-23 07:24:52,1,255,check-in,2026-02-10 12:11:03
550082,23296,2026-01-23 07:25:22,1,255,check-in,2026-02-10 12:11:03
550194,23297,2026-01-23 07:27:32,1,255,check-in,2026-02-10 12:11:03
550160,23298,2026-01-23 07:29:47,1,255,check-in,2026-02-10 12:11:03
550205,23299,2026-01-23 07:30:58,1,255,check-in,2026-02-10 12:11:03
000444,23300,2026-01-23 07:31:03,1,255,check-in,2026-02-10 12:11:03
550220,23301,2026-01-23 07:31:51,1,255,check-in,2026-02-10 12:11:03
550196,23302,2026-01-23 07:33:06,1,255,check-in,2026-02-10 12:11:03
550179,23303,2026-01-23 07:34:02,1,255,check-in,2026-02-10 12:11:03
550202,23304,2026-01-23 07:34:36,1,255,check-in,2026-02-10 12:11:03
550042,23305,2026-01-23 07:34:56,1,255,check-in,2026-02-10 12:11:03
660106,23306,2026-01-23 07:35:09,1,255,check-in,2026-02-10 12:11:03
550182,23307,2026-01-23 07:35:14,1,255,check-in,2026-02-10 12:11:03
000487,23308,2026-01-23 07:38:11,1,255,check-in,2026-02-10 12:11:03
474,23309,2026-01-23 07:47:19,1,255,check-in,2026-02-10 12:11:03
660038,23310,2026-01-23 08:08:24,1,255,check-in,2026-02-10 12:11:03
550232,23311,2026-01-23 12:01:28,1,255,check-in,2026-02-10 12:11:03
550209,23312,2026-01-23 15:14:26,1,255,check-in,2026-02-10 12:11:03
000447,23313,2026-01-23 17:30:15,1,255,check-in,2026-02-10 12:11:03
550199,23314,2026-01-23 17:30:21,1,255,check-in,2026-02-10 12:11:03
000444,23315,2026-01-23 17:30:29,1,255,check-in,2026-02-10 12:11:03
550241,23316,2026-01-23 17:30:34,1,255,check-in,2026-02-10 12:11:03
550082,23317,2026-01-23 17:30:38,1,255,check-in,2026-02-10 12:11:03
550205,23318,2026-01-23 17:30:43,1,255,check-in,2026-02-10 12:11:03
550049,23319,2026-01-23 17:30:45,1,255,check-in,2026-02-10 12:11:03
550220,23320,2026-01-23 17:30:53,1,255,check-in,2026-02-10 12:11:03
550042,23321,2026-01-23 17:31:06,1,255,check-in,2026-02-10 12:11:03
550194,23322,2026-01-23 17:31:09,1,255,check-in,2026-02-10 12:11:03
550160,23323,2026-01-23 17:31:12,1,255,check-in,2026-02-10 12:11:03
474,23324,2026-01-23 17:31:17,1,255,check-in,2026-02-10 12:11:03
550044,23325,2026-01-23 17:31:22,1,255,check-in,2026-02-10 12:11:03
550196,23326,2026-01-23 17:31:35,1,255,check-in,2026-02-10 12:11:03
550182,23327,2026-01-23 17:31:40,1,255,check-in,2026-02-10 12:11:03
550185,23328,2026-01-23 17:31:52,15,255,check-in,2026-02-10 12:11:03
550185,23329,2026-01-23 17:31:55,1,255,check-in,2026-02-10 12:11:03
550179,23330,2026-01-23 17:31:59,1,255,check-in,2026-02-10 12:11:03
000446,23331,2026-01-23 17:32:04,1,255,check-in,2026-02-10 12:11:03
660038,23332,2026-01-23 17:33:00,1,255,check-in,2026-02-10 12:11:03
550226,23333,2026-01-23 17:33:05,1,255,check-in,2026-02-10 12:11:03
660106,23334,2026-01-23 17:33:38,1,255,check-in,2026-02-10 12:11:03
550038,23335,2026-01-23 17:33:44,1,255,check-in,2026-02-10 12:11:03
550202,23336,2026-01-23 17:34:40,1,255,check-in,2026-02-10 12:11:03
550193,23337,2026-01-23 17:39:27,1,255,check-in,2026-02-10 12:11:03
000487,23338,2026-01-23 17:44:48,1,255,check-in,2026-02-10 12:11:03
550153,23339,2026-01-23 19:00:12,1,255,check-in,2026-02-10 12:11:03
550044,23340,2026-01-24 07:11:59,1,255,check-in,2026-02-10 12:11:03
000447,23341,2026-01-24 08:48:07,1,255,check-in,2026-02-10 12:11:03
550044,23342,2026-01-24 13:02:40,1,255,check-in,2026-02-10 12:11:03
000447,23343,2026-01-24 13:02:44,1,255,check-in,2026-02-10 12:11:03
660038,23344,2026-01-24 17:01:29,1,255,check-in,2026-02-10 12:11:03
550204,23345,2026-01-26 06:55:10,1,255,check-in,2026-02-10 12:11:03
550241,23346,2026-01-26 06:59:51,1,255,check-in,2026-02-10 12:11:03
550209,23347,2026-01-26 07:08:01,1,255,check-in,2026-02-10 12:11:03
550153,23348,2026-01-26 07:10:45,15,255,check-in,2026-02-10 12:11:03
550185,23349,2026-01-26 07:12:36,15,255,check-in,2026-02-10 12:11:03
550226,23350,2026-01-26 07:14:06,1,255,check-in,2026-02-10 12:11:03
550232,23351,2026-01-26 07:15:43,1,255,check-in,2026-02-10 12:11:03
550232,23352,2026-01-26 07:15:45,15,255,check-in,2026-02-10 12:11:03
550193,23353,2026-01-26 07:22:15,1,255,check-in,2026-02-10 12:11:03
000447,23354,2026-01-26 07:22:19,1,255,check-in,2026-02-10 12:11:03
000447,23355,2026-01-26 07:22:20,15,255,check-in,2026-02-10 12:11:03
550203,23356,2026-01-26 07:24:18,1,255,check-in,2026-02-10 12:11:03
550044,23357,2026-01-26 07:26:33,1,255,check-in,2026-02-10 12:11:03
000446,23358,2026-01-26 07:27:51,1,255,check-in,2026-02-10 12:11:03
550049,23359,2026-01-26 07:27:57,1,255,check-in,2026-02-10 12:11:03
550082,23360,2026-01-26 07:28:07,1,255,check-in,2026-02-10 12:11:03
550205,23361,2026-01-26 07:29:50,1,255,check-in,2026-02-10 12:11:03
000444,23362,2026-01-26 07:29:53,1,255,check-in,2026-02-10 12:11:03
550196,23363,2026-01-26 07:31:17,1,255,check-in,2026-02-10 12:11:03
550202,23364,2026-01-26 07:33:52,1,255,check-in,2026-02-10 12:11:03
550182,23365,2026-01-26 07:35:45,1,255,check-in,2026-02-10 12:11:03
550042,23366,2026-01-26 07:36:30,15,255,check-in,2026-02-10 12:11:03
550042,23367,2026-01-26 07:36:31,1,255,check-in,2026-02-10 12:11:03
550042,23368,2026-01-26 07:36:32,15,255,check-in,2026-02-10 12:11:03
550210,23369,2026-01-26 07:36:40,1,255,check-in,2026-02-10 12:11:03
660106,23370,2026-01-26 07:40:16,1,255,check-in,2026-02-10 12:11:03
550220,23371,2026-01-26 07:40:49,1,255,check-in,2026-02-10 12:11:03
550220,23372,2026-01-26 07:40:51,1,255,check-in,2026-02-10 12:11:03
550199,23373,2026-01-26 07:49:01,1,255,check-in,2026-02-10 12:11:03
000487,23374,2026-01-26 07:49:33,1,255,check-in,2026-02-10 12:11:03
550160,23375,2026-01-26 08:05:27,1,255,check-in,2026-02-10 12:11:03
660038,23376,2026-01-26 08:18:22,1,255,check-in,2026-02-10 12:11:03
550082,23377,2026-01-26 17:29:41,1,255,check-in,2026-02-10 12:11:03
550232,23378,2026-01-26 17:29:46,1,255,check-in,2026-02-10 12:11:03
550220,23379,2026-01-26 17:29:55,1,255,check-in,2026-02-10 12:11:03
000444,23380,2026-01-26 17:30:00,1,255,check-in,2026-02-10 12:11:03
550241,23381,2026-01-26 17:30:04,1,255,check-in,2026-02-10 12:11:03
550205,23382,2026-01-26 17:30:14,1,255,check-in,2026-02-10 12:11:03
550049,23383,2026-01-26 17:30:17,1,255,check-in,2026-02-10 12:11:03
550199,23384,2026-01-26 17:30:24,1,255,check-in,2026-02-10 12:11:03
000446,23385,2026-01-26 17:30:47,1,255,check-in,2026-02-10 12:11:03
550185,23386,2026-01-26 17:30:54,1,255,check-in,2026-02-10 12:11:03
550182,23387,2026-01-26 17:30:59,15,255,check-in,2026-02-10 12:11:03
550182,23388,2026-01-26 17:31:01,15,255,check-in,2026-02-10 12:11:03
550210,23389,2026-01-26 17:31:05,1,255,check-in,2026-02-10 12:11:03
660106,23390,2026-01-26 17:31:10,1,255,check-in,2026-02-10 12:11:03
550042,23391,2026-01-26 17:31:14,1,255,check-in,2026-02-10 12:11:03
660038,23392,2026-01-26 17:31:18,1,255,check-in,2026-02-10 12:11:03
550196,23393,2026-01-26 17:31:24,1,255,check-in,2026-02-10 12:11:03
550226,23394,2026-01-26 17:32:20,1,255,check-in,2026-02-10 12:11:03
550203,23395,2026-01-26 17:32:49,1,255,check-in,2026-02-10 12:11:03
550202,23396,2026-01-26 17:34:00,1,255,check-in,2026-02-10 12:11:03
550193,23397,2026-01-26 17:35:06,1,255,check-in,2026-02-10 12:11:03
550160,23398,2026-01-26 17:35:34,1,255,check-in,2026-02-10 12:11:03
550204,23399,2026-01-26 17:36:00,1,255,check-in,2026-02-10 12:11:03
000487,23400,2026-01-26 17:43:45,1,255,check-in,2026-02-10 12:11:03
550209,23401,2026-01-26 20:31:13,1,255,check-in,2026-02-10 12:11:03
550153,23402,2026-01-26 21:00:02,1,255,check-in,2026-02-10 12:11:03
550044,23403,2026-01-26 21:00:05,1,255,check-in,2026-02-10 12:11:03
000447,23404,2026-01-26 21:10:34,1,255,check-in,2026-02-10 12:11:03
550209,23405,2026-01-27 06:25:08,1,255,check-in,2026-02-10 12:11:03
550204,23406,2026-01-27 06:57:14,1,255,check-in,2026-02-10 12:11:03
550241,23407,2026-01-27 07:03:01,1,255,check-in,2026-02-10 12:11:03
550241,23408,2026-01-27 07:03:07,1,255,check-in,2026-02-10 12:11:03
550153,23409,2026-01-27 07:11:18,1,255,check-in,2026-02-10 12:11:03
550232,23410,2026-01-27 07:12:10,1,255,check-in,2026-02-10 12:11:03
550179,23411,2026-01-27 07:12:29,1,255,check-in,2026-02-10 12:11:03
550044,23412,2026-01-27 07:15:32,1,255,check-in,2026-02-10 12:11:03
550038,23413,2026-01-27 07:15:49,1,255,check-in,2026-02-10 12:11:03
550185,23414,2026-01-27 07:16:47,1,255,check-in,2026-02-10 12:11:03
550226,23415,2026-01-27 07:20:23,1,255,check-in,2026-02-10 12:11:03
000446,23416,2026-01-27 07:21:32,1,255,check-in,2026-02-10 12:11:03
000447,23417,2026-01-27 07:23:00,15,255,check-in,2026-02-10 12:11:03
000447,23418,2026-01-27 07:23:02,1,255,check-in,2026-02-10 12:11:03
550194,23419,2026-01-27 07:23:37,1,255,check-in,2026-02-10 12:11:03
550203,23420,2026-01-27 07:24:49,1,255,check-in,2026-02-10 12:11:03
550082,23421,2026-01-27 07:27:08,1,255,check-in,2026-02-10 12:11:03
550193,23422,2026-01-27 07:27:11,1,255,check-in,2026-02-10 12:11:03
000444,23423,2026-01-27 07:27:14,1,255,check-in,2026-02-10 12:11:03
550182,23424,2026-01-27 07:30:03,15,255,check-in,2026-02-10 12:11:03
550182,23425,2026-01-27 07:30:06,15,255,check-in,2026-02-10 12:11:03
550202,23426,2026-01-27 07:32:19,1,255,check-in,2026-02-10 12:11:03
550049,23427,2026-01-27 07:33:55,1,255,check-in,2026-02-10 12:11:03
550196,23428,2026-01-27 07:34:00,1,255,check-in,2026-02-10 12:11:03
550042,23429,2026-01-27 07:35:39,1,255,check-in,2026-02-10 12:11:03
550210,23430,2026-01-27 07:35:49,1,255,check-in,2026-02-10 12:11:03
550207,23431,2026-01-27 07:39:31,1,255,check-in,2026-02-10 12:11:03
000487,23432,2026-01-27 07:40:02,1,255,check-in,2026-02-10 12:11:03
550199,23433,2026-01-27 07:43:20,1,255,check-in,2026-02-10 12:11:03
550160,23434,2026-01-27 08:08:46,1,255,check-in,2026-02-10 12:11:03
660106,23435,2026-01-27 08:14:05,1,255,check-in,2026-02-10 12:11:03
660038,23436,2026-01-27 08:18:28,1,255,check-in,2026-02-10 12:11:03
550220,23437,2026-01-27 11:46:31,1,255,check-in,2026-02-10 12:11:03
1111,23438,2026-01-27 16:09:53,3,255,check-in,2026-02-10 12:11:03
550220,23439,2026-01-27 17:29:13,1,255,check-in,2026-02-10 12:11:03
550220,23440,2026-01-27 17:29:14,1,255,check-in,2026-02-10 12:11:03
000447,23441,2026-01-27 17:29:30,1,255,check-in,2026-02-10 12:11:03
550082,23442,2026-01-27 17:29:33,1,255,check-in,2026-02-10 12:11:03
000444,23443,2026-01-27 17:29:36,1,255,check-in,2026-02-10 12:11:03
550232,23444,2026-01-27 17:29:40,1,255,check-in,2026-02-10 12:11:03
550232,23445,2026-01-27 17:29:41,1,255,check-in,2026-02-10 12:11:03
550199,23446,2026-01-27 17:29:44,1,255,check-in,2026-02-10 12:11:03
550241,23447,2026-01-27 17:29:49,1,255,check-in,2026-02-10 12:11:03
550049,23448,2026-01-27 17:29:55,1,255,check-in,2026-02-10 12:11:03
550185,23449,2026-01-27 17:30:00,15,255,check-in,2026-02-10 12:11:03
550185,23450,2026-01-27 17:30:02,1,255,check-in,2026-02-10 12:11:03
550042,23451,2026-01-27 17:30:08,1,255,check-in,2026-02-10 12:11:03
000446,23452,2026-01-27 17:30:21,1,255,check-in,2026-02-10 12:11:03
550196,23453,2026-01-27 17:30:26,1,255,check-in,2026-02-10 12:11:03
550204,23454,2026-01-27 17:30:42,1,255,check-in,2026-02-10 12:11:03
550038,23455,2026-01-27 17:30:44,1,255,check-in,2026-02-10 12:11:03
550194,23456,2026-01-27 17:30:51,1,255,check-in,2026-02-10 12:11:03
550210,23457,2026-01-27 17:31:04,1,255,check-in,2026-02-10 12:11:03
550044,23458,2026-01-27 17:31:39,1,255,check-in,2026-02-10 12:11:03
550153,23459,2026-01-27 17:31:43,15,255,check-in,2026-02-10 12:11:03
660038,23460,2026-01-27 17:32:20,1,255,check-in,2026-02-10 12:11:03
550182,23461,2026-01-27 17:32:46,1,255,check-in,2026-02-10 12:11:03
550226,23462,2026-01-27 17:33:32,1,255,check-in,2026-02-10 12:11:03
550209,23463,2026-01-27 17:33:52,1,255,check-in,2026-02-10 12:11:03
550202,23464,2026-01-27 17:34:19,1,255,check-in,2026-02-10 12:11:03
660106,23465,2026-01-27 17:34:23,1,255,check-in,2026-02-10 12:11:03
550203,23466,2026-01-27 17:35:39,1,255,check-in,2026-02-10 12:11:03
550179,23467,2026-01-27 17:37:06,1,255,check-in,2026-02-10 12:11:03
000487,23468,2026-01-27 17:37:22,1,255,check-in,2026-02-10 12:11:03
550193,23469,2026-01-27 17:38:54,1,255,check-in,2026-02-10 12:11:03
550160,23470,2026-01-27 17:45:15,1,255,check-in,2026-02-10 12:11:03
550204,23471,2026-01-28 06:51:16,1,255,check-in,2026-02-10 12:11:03
550241,23472,2026-01-28 06:52:44,1,255,check-in,2026-02-10 12:11:03
550153,23473,2026-01-28 07:10:17,1,255,check-in,2026-02-10 12:11:03
550044,23474,2026-01-28 07:14:24,1,255,check-in,2026-02-10 12:11:03
550226,23475,2026-01-28 07:14:37,1,255,check-in,2026-02-10 12:11:03
550185,23476,2026-01-28 07:16:49,15,255,check-in,2026-02-10 12:11:03
550194,23477,2026-01-28 07:22:46,1,255,check-in,2026-02-10 12:11:03
000447,23478,2026-01-28 07:23:08,1,255,check-in,2026-02-10 12:11:03
550042,23479,2026-01-28 07:24:26,1,255,check-in,2026-02-10 12:11:03
550205,23480,2026-01-28 07:24:54,1,255,check-in,2026-02-10 12:11:03
000444,23481,2026-01-28 07:24:59,1,255,check-in,2026-02-10 12:11:03
550193,23482,2026-01-28 07:26:17,1,255,check-in,2026-02-10 12:11:03
550196,23483,2026-01-28 07:26:34,1,255,check-in,2026-02-10 12:11:03
550082,23484,2026-01-28 07:28:24,1,255,check-in,2026-02-10 12:11:03
000446,23485,2026-01-28 07:30:03,1,255,check-in,2026-02-10 12:11:03
550179,23486,2026-01-28 07:30:43,1,255,check-in,2026-02-10 12:11:03
550049,23487,2026-01-28 07:30:48,1,255,check-in,2026-02-10 12:11:03
550203,23488,2026-01-28 07:31:02,1,255,check-in,2026-02-10 12:11:03
550038,23489,2026-01-28 07:31:03,1,255,check-in,2026-02-10 12:11:03
550220,23490,2026-01-28 07:31:14,1,255,check-in,2026-02-10 12:11:03
550210,23491,2026-01-28 07:31:36,1,255,check-in,2026-02-10 12:11:03
660106,23492,2026-01-28 07:34:25,1,255,check-in,2026-02-10 12:11:03
550207,23493,2026-01-28 07:34:30,1,255,check-in,2026-02-10 12:11:03
550202,23494,2026-01-28 07:35:00,1,255,check-in,2026-02-10 12:11:03
550202,23495,2026-01-28 07:35:16,1,255,check-in,2026-02-10 12:11:03
550182,23496,2026-01-28 07:39:16,15,255,check-in,2026-02-10 12:11:03
550199,23497,2026-01-28 07:41:08,1,255,check-in,2026-02-10 12:11:03
474,23498,2026-01-28 07:42:38,1,255,check-in,2026-02-10 12:11:03
550160,23499,2026-01-28 07:51:13,1,255,check-in,2026-02-10 12:11:03
660038,23500,2026-01-28 08:08:42,1,255,check-in,2026-02-10 12:11:03
000487,23501,2026-01-28 11:03:33,1,255,check-in,2026-02-10 12:11:03
550038,23502,2026-01-28 13:02:44,1,255,check-in,2026-02-10 12:11:03
550038,23503,2026-01-28 13:02:49,1,255,check-in,2026-02-10 12:11:03
550241,23504,2026-01-28 17:29:17,1,255,check-in,2026-02-10 12:11:03
000447,23505,2026-01-28 17:29:25,1,255,check-in,2026-02-10 12:11:03
550049,23506,2026-01-28 17:29:32,1,255,check-in,2026-02-10 12:11:03
550199,23507,2026-01-28 17:29:39,1,255,check-in,2026-02-10 12:11:03
550082,23508,2026-01-28 17:29:48,1,255,check-in,2026-02-10 12:11:03
550220,23509,2026-01-28 17:29:53,1,255,check-in,2026-02-10 12:11:03
550185,23510,2026-01-28 17:29:59,15,255,check-in,2026-02-10 12:11:03
550207,23511,2026-01-28 17:30:37,1,255,check-in,2026-02-10 12:11:03
550194,23512,2026-01-28 17:30:48,1,255,check-in,2026-02-10 12:11:03
550205,23513,2026-01-28 17:30:52,1,255,check-in,2026-02-10 12:11:03
550042,23514,2026-01-28 17:30:56,1,255,check-in,2026-02-10 12:11:03
474,23515,2026-01-28 17:31:02,1,255,check-in,2026-02-10 12:11:03
550196,23516,2026-01-28 17:31:14,1,255,check-in,2026-02-10 12:11:03
550210,23517,2026-01-28 17:31:21,1,255,check-in,2026-02-10 12:11:03
550182,23518,2026-01-28 17:31:26,1,255,check-in,2026-02-10 12:11:03
550226,23519,2026-01-28 17:31:30,1,255,check-in,2026-02-10 12:11:03
660038,23520,2026-01-28 17:32:04,1,255,check-in,2026-02-10 12:11:03
000444,23521,2026-01-28 17:32:07,1,255,check-in,2026-02-10 12:11:03
660106,23522,2026-01-28 17:32:27,1,255,check-in,2026-02-10 12:11:03
000446,23523,2026-01-28 17:32:35,1,255,check-in,2026-02-10 12:11:03
550204,23524,2026-01-28 17:33:11,1,255,check-in,2026-02-10 12:11:03
550179,23525,2026-01-28 17:33:24,1,255,check-in,2026-02-10 12:11:03
550193,23526,2026-01-28 17:33:35,1,255,check-in,2026-02-10 12:11:03
550203,23527,2026-01-28 17:33:43,1,255,check-in,2026-02-10 12:11:03
550202,23528,2026-01-28 17:34:27,1,255,check-in,2026-02-10 12:11:03
550160,23529,2026-01-28 17:38:34,1,255,check-in,2026-02-10 12:11:03
000487,23530,2026-01-28 17:39:48,1,255,check-in,2026-02-10 12:11:03
550044,23531,2026-01-28 19:00:03,1,255,check-in,2026-02-10 12:11:03
550153,23532,2026-01-28 19:00:10,15,255,check-in,2026-02-10 12:11:03
550204,23533,2026-01-29 06:50:54,1,255,check-in,2026-02-10 12:11:03
550241,23534,2026-01-29 07:01:04,1,255,check-in,2026-02-10 12:11:03
550194,23535,2026-01-29 07:07:11,1,255,check-in,2026-02-10 12:11:03
550153,23536,2026-01-29 07:11:45,1,255,check-in,2026-02-10 12:11:03
550044,23537,2026-01-29 07:12:10,1,255,check-in,2026-02-10 12:11:03
000446,23538,2026-01-29 07:15:52,1,255,check-in,2026-02-10 12:11:03
550038,23539,2026-01-29 07:16:44,1,255,check-in,2026-02-10 12:11:03
550185,23540,2026-01-29 07:18:10,1,255,check-in,2026-02-10 12:11:03
550196,23541,2026-01-29 07:21:50,1,255,check-in,2026-02-10 12:11:03
550203,23542,2026-01-29 07:22:00,1,255,check-in,2026-02-10 12:11:03
000447,23543,2026-01-29 07:22:07,1,255,check-in,2026-02-10 12:11:03
550082,23544,2026-01-29 07:25:04,1,255,check-in,2026-02-10 12:11:03
550199,23545,2026-01-29 07:25:48,1,255,check-in,2026-02-10 12:11:03
550193,23546,2026-01-29 07:28:25,1,255,check-in,2026-02-10 12:11:03
000444,23547,2026-01-29 07:28:29,1,255,check-in,2026-02-10 12:11:03
550220,23548,2026-01-29 07:29:38,1,255,check-in,2026-02-10 12:11:03
660106,23549,2026-01-29 07:31:48,1,255,check-in,2026-02-10 12:11:03
550182,23550,2026-01-29 07:32:10,1,255,check-in,2026-02-10 12:11:03
550207,23551,2026-01-29 07:33:50,1,255,check-in,2026-02-10 12:11:03
550202,23552,2026-01-29 07:33:59,1,255,check-in,2026-02-10 12:11:03
550049,23553,2026-01-29 07:34:19,1,255,check-in,2026-02-10 12:11:03
550210,23554,2026-01-29 07:35:44,1,255,check-in,2026-02-10 12:11:03
550042,23555,2026-01-29 07:37:00,1,255,check-in,2026-02-10 12:11:03
000487,23556,2026-01-29 07:45:25,1,255,check-in,2026-02-10 12:11:03
550160,23557,2026-01-29 07:53:38,1,255,check-in,2026-02-10 12:11:03
550209,23558,2026-01-29 07:55:47,1,255,check-in,2026-02-10 12:11:03
660038,23559,2026-01-29 08:11:23,1,255,check-in,2026-02-10 12:11:03
550226,23560,2026-01-29 09:30:11,1,255,check-in,2026-02-10 12:11:03
550202,23561,2026-01-29 12:43:08,15,255,check-in,2026-02-10 12:11:03
474,23562,2026-01-29 12:53:53,1,255,check-in,2026-02-10 12:11:03
550194,23563,2026-01-29 17:30:06,1,255,check-in,2026-02-10 12:11:03
550241,23564,2026-01-29 17:30:11,1,255,check-in,2026-02-10 12:11:03
550049,23565,2026-01-29 17:30:15,1,255,check-in,2026-02-10 12:11:03
550082,23566,2026-01-29 17:30:18,1,255,check-in,2026-02-10 12:11:03
550199,23567,2026-01-29 17:30:22,1,255,check-in,2026-02-10 12:11:03
550207,23568,2026-01-29 17:30:25,1,255,check-in,2026-02-10 12:11:03
550196,23569,2026-01-29 17:30:29,1,255,check-in,2026-02-10 12:11:03
550042,23570,2026-01-29 17:30:40,1,255,check-in,2026-02-10 12:11:03
550220,23571,2026-01-29 17:30:45,1,255,check-in,2026-02-10 12:11:03
550210,23572,2026-01-29 17:31:09,1,255,check-in,2026-02-10 12:11:03
000446,23573,2026-01-29 17:31:24,1,255,check-in,2026-02-10 12:11:03
000444,23574,2026-01-29 17:31:29,1,255,check-in,2026-02-10 12:11:03
550182,23575,2026-01-29 17:31:32,1,255,check-in,2026-02-10 12:11:03
660038,23576,2026-01-29 17:31:59,1,255,check-in,2026-02-10 12:11:03
550185,23577,2026-01-29 17:32:13,15,255,check-in,2026-02-10 12:11:03
474,23578,2026-01-29 17:32:19,1,255,check-in,2026-02-10 12:11:03
550193,23579,2026-01-29 17:32:25,1,255,check-in,2026-02-10 12:11:03
550204,23580,2026-01-29 17:32:54,1,255,check-in,2026-02-10 12:11:03
550203,23581,2026-01-29 17:33:14,1,255,check-in,2026-02-10 12:11:03
660106,23582,2026-01-29 17:33:51,1,255,check-in,2026-02-10 12:11:03
550226,23583,2026-01-29 17:34:26,1,255,check-in,2026-02-10 12:11:03
550160,23584,2026-01-29 17:36:38,1,255,check-in,2026-02-10 12:11:03
000487,23585,2026-01-29 17:40:02,1,255,check-in,2026-02-10 12:11:03
550209,23586,2026-01-29 18:43:26,1,255,check-in,2026-02-10 12:11:03
550153,23587,2026-01-29 19:30:03,1,255,check-in,2026-02-10 12:11:03
550038,23588,2026-01-29 19:32:48,1,255,check-in,2026-02-10 12:11:03
550044,23589,2026-01-29 19:33:37,1,255,check-in,2026-02-10 12:11:03
000447,23590,2026-01-30 00:25:36,1,255,check-in,2026-02-10 12:11:03
000447,23591,2026-01-30 00:25:37,15,255,check-in,2026-02-10 12:11:03
550204,23592,2026-01-30 06:45:18,1,255,check-in,2026-02-10 12:11:03
550241,23593,2026-01-30 06:53:48,1,255,check-in,2026-02-10 12:11:03
550241,23594,2026-01-30 07:00:30,1,255,check-in,2026-02-10 12:11:03
000447,23595,2026-01-30 07:04:31,1,255,check-in,2026-02-10 12:11:03
550209,23596,2026-01-30 07:11:47,1,255,check-in,2026-02-10 12:11:03
550044,23597,2026-01-30 07:12:21,1,255,check-in,2026-02-10 12:11:03
550185,23598,2026-01-30 07:14:18,1,255,check-in,2026-02-10 12:11:03
000446,23599,2026-01-30 07:15:40,1,255,check-in,2026-02-10 12:11:03
550153,23600,2026-01-30 07:17:30,1,255,check-in,2026-02-10 12:11:03
550179,23601,2026-01-30 07:18:42,1,255,check-in,2026-02-10 12:11:03
550205,23602,2026-01-30 07:22:33,1,255,check-in,2026-02-10 12:11:03
550207,23603,2026-01-30 07:23:05,1,255,check-in,2026-02-10 12:11:03
550203,23604,2026-01-30 07:23:26,1,255,check-in,2026-02-10 12:11:03
550194,23605,2026-01-30 07:23:44,1,255,check-in,2026-02-10 12:11:03
550038,23606,2026-01-30 07:23:48,1,255,check-in,2026-02-10 12:11:03
550193,23607,2026-01-30 07:27:49,1,255,check-in,2026-02-10 12:11:03
550082,23608,2026-01-30 07:31:33,1,255,check-in,2026-02-10 12:11:03
550199,23609,2026-01-30 07:31:47,1,255,check-in,2026-02-10 12:11:03
550049,23610,2026-01-30 07:31:50,1,255,check-in,2026-02-10 12:11:03
000444,23611,2026-01-30 07:32:13,1,255,check-in,2026-02-10 12:11:03
000487,23612,2026-01-30 07:32:31,1,255,check-in,2026-02-10 12:11:03
660106,23613,2026-01-30 07:32:56,1,255,check-in,2026-02-10 12:11:03
550196,23614,2026-01-30 07:33:06,1,255,check-in,2026-02-10 12:11:03
550042,23615,2026-01-30 07:34:14,1,255,check-in,2026-02-10 12:11:03
550210,23616,2026-01-30 07:34:24,1,255,check-in,2026-02-10 12:11:03
550226,23617,2026-01-30 07:35:08,1,255,check-in,2026-02-10 12:11:03
550220,23618,2026-01-30 07:35:34,1,255,check-in,2026-02-10 12:11:03
550160,23619,2026-01-30 07:42:29,1,255,check-in,2026-02-10 12:11:03
474,23620,2026-01-30 07:46:31,1,255,check-in,2026-02-10 12:11:03
550182,23621,2026-01-30 07:51:18,15,255,check-in,2026-02-10 12:11:03
660038,23622,2026-01-30 08:14:48,1,255,check-in,2026-02-10 12:11:03
660038,23623,2026-01-30 08:22:56,1,255,check-in,2026-02-10 12:11:03
1111,23624,2026-01-30 09:03:15,3,255,check-in,2026-02-10 12:11:03
1111,23625,2026-01-30 09:03:40,3,255,check-in,2026-02-10 12:11:03
000444,23626,2026-01-30 12:51:49,1,255,check-in,2026-02-10 12:11:03
550049,23627,2026-01-30 17:30:22,1,255,check-in,2026-02-10 12:11:03
550241,23628,2026-01-30 17:30:27,1,255,check-in,2026-02-10 12:11:03
550038,23629,2026-01-30 17:30:33,1,255,check-in,2026-02-10 12:11:03
550199,23630,2026-01-30 17:30:56,1,255,check-in,2026-02-10 12:11:03
550205,23631,2026-01-30 17:31:12,1,255,check-in,2026-02-10 12:11:03
550207,23632,2026-01-30 17:31:18,1,255,check-in,2026-02-10 12:11:03
550194,23633,2026-01-30 17:31:23,1,255,check-in,2026-02-10 12:11:03
550153,23634,2026-01-30 17:31:25,1,255,check-in,2026-02-10 12:11:03
550196,23635,2026-01-30 17:31:30,1,255,check-in,2026-02-10 12:11:03
474,23636,2026-01-30 17:31:37,1,255,check-in,2026-02-10 12:11:03
550210,23637,2026-01-30 17:31:41,1,255,check-in,2026-02-10 12:11:03
660106,23638,2026-01-30 17:31:48,1,255,check-in,2026-02-10 12:11:03
550042,23639,2026-01-30 17:31:51,1,255,check-in,2026-02-10 12:11:03
000446,23640,2026-01-30 17:31:57,1,255,check-in,2026-02-10 12:11:03
550044,23641,2026-01-30 17:33:01,1,255,check-in,2026-02-10 12:11:03
550226,23642,2026-01-30 17:33:09,1,255,check-in,2026-02-10 12:11:03
550182,23643,2026-01-30 17:33:16,1,255,check-in,2026-02-10 12:11:03
660038,23644,2026-01-30 17:34:25,1,255,check-in,2026-02-10 12:11:03
550179,23645,2026-01-30 17:34:52,1,255,check-in,2026-02-10 12:11:03
550220,23646,2026-01-30 17:35:28,1,255,check-in,2026-02-10 12:11:03
550203,23647,2026-01-30 17:36:28,1,255,check-in,2026-02-10 12:11:03
550193,23648,2026-01-30 17:36:39,1,255,check-in,2026-02-10 12:11:03
000487,23649,2026-01-30 17:37:47,1,255,check-in,2026-02-10 12:11:03
550204,23650,2026-01-30 17:39:20,1,255,check-in,2026-02-10 12:11:03
550160,23651,2026-01-30 17:50:57,1,255,check-in,2026-02-10 12:11:03
550209,23652,2026-01-30 18:13:00,1,255,check-in,2026-02-10 12:11:03
660038,23653,2026-01-30 19:44:48,1,255,check-in,2026-02-10 12:11:03
000447,23654,2026-01-31 09:30:17,1,255,check-in,2026-02-10 12:11:03
000447,23655,2026-01-31 15:13:16,1,255,check-in,2026-02-10 12:11:03
000447,23656,2026-01-31 15:13:18,15,255,check-in,2026-02-10 12:11:03
660038,23657,2026-01-31 17:12:15,1,255,check-in,2026-02-10 12:11:03
550241,23658,2026-02-02 06:45:10,1,255,check-in,2026-02-10 12:11:03
550204,23659,2026-02-02 06:49:12,1,255,check-in,2026-02-10 12:11:03
550232,23660,2026-02-02 06:58:48,1,255,check-in,2026-02-10 12:11:03
550179,23661,2026-02-02 07:11:21,1,255,check-in,2026-02-10 12:11:03
550153,23662,2026-02-02 07:11:56,1,255,check-in,2026-02-10 12:11:03
550185,23663,2026-02-02 07:16:02,15,255,check-in,2026-02-10 12:11:03
550038,23664,2026-02-02 07:17:52,1,255,check-in,2026-02-10 12:11:03
550209,23665,2026-02-02 07:17:57,1,255,check-in,2026-02-10 12:11:03
550199,23666,2026-02-02 07:19:46,1,255,check-in,2026-02-10 12:11:03
000447,23667,2026-02-02 07:22:20,15,255,check-in,2026-02-10 12:11:03
000447,23668,2026-02-02 07:22:22,1,255,check-in,2026-02-10 12:11:03
550044,23669,2026-02-02 07:22:26,1,255,check-in,2026-02-10 12:11:03
000446,23670,2026-02-02 07:24:18,1,255,check-in,2026-02-10 12:11:03
550194,23671,2026-02-02 07:24:22,1,255,check-in,2026-02-10 12:11:03
550196,23672,2026-02-02 07:26:16,1,255,check-in,2026-02-10 12:11:03
550226,23673,2026-02-02 07:27:00,1,255,check-in,2026-02-10 12:11:03
474,23674,2026-02-02 07:28:26,1,255,check-in,2026-02-10 12:11:03
550203,23675,2026-02-02 07:28:35,15,255,check-in,2026-02-10 12:11:03
550220,23676,2026-02-02 07:28:50,1,255,check-in,2026-02-10 12:11:03
550082,23677,2026-02-02 07:29:13,1,255,check-in,2026-02-10 12:11:03
550193,23678,2026-02-02 07:29:36,1,255,check-in,2026-02-10 12:11:03
550202,23679,2026-02-02 07:34:19,1,255,check-in,2026-02-10 12:11:03
550042,23680,2026-02-02 07:35:27,1,255,check-in,2026-02-10 12:11:03
550210,23681,2026-02-02 07:35:39,1,255,check-in,2026-02-10 12:11:03
550205,23682,2026-02-02 07:36:41,1,255,check-in,2026-02-10 12:11:03
550182,23683,2026-02-02 07:37:08,15,255,check-in,2026-02-10 12:11:03
550182,23684,2026-02-02 07:37:11,1,255,check-in,2026-02-10 12:11:03
550049,23685,2026-02-02 07:38:16,1,255,check-in,2026-02-10 12:11:03
660106,23686,2026-02-02 07:38:31,1,255,check-in,2026-02-10 12:11:03
550207,23687,2026-02-02 07:40:32,1,255,check-in,2026-02-10 12:11:03
000487,23688,2026-02-02 07:42:00,1,255,check-in,2026-02-10 12:11:03
660038,23689,2026-02-02 08:02:24,1,255,check-in,2026-02-10 12:11:03
000444,23690,2026-02-02 11:57:16,1,255,check-in,2026-02-10 12:11:03
550179,23691,2026-02-02 15:15:38,15,255,check-in,2026-02-10 12:11:03
550179,23692,2026-02-02 15:15:41,15,255,check-in,2026-02-10 12:11:03
550232,23693,2026-02-02 17:29:43,1,255,check-in,2026-02-10 12:11:03
550082,23694,2026-02-02 17:29:48,1,255,check-in,2026-02-10 12:11:03
550241,23695,2026-02-02 17:29:52,1,255,check-in,2026-02-10 12:11:03
550049,23696,2026-02-02 17:29:57,1,255,check-in,2026-02-10 12:11:03
550199,23697,2026-02-02 17:30:00,1,255,check-in,2026-02-10 12:11:03
000444,23698,2026-02-02 17:30:04,1,255,check-in,2026-02-10 12:11:03
000447,23699,2026-02-02 17:30:07,1,255,check-in,2026-02-10 12:11:03
550205,23700,2026-02-02 17:30:30,1,255,check-in,2026-02-10 12:11:03
550185,23701,2026-02-02 17:30:35,15,255,check-in,2026-02-10 12:11:03
550207,23702,2026-02-02 17:30:37,1,255,check-in,2026-02-10 12:11:03
550185,23703,2026-02-02 17:30:39,15,255,check-in,2026-02-10 12:11:03
550185,23704,2026-02-02 17:30:41,15,255,check-in,2026-02-10 12:11:03
550042,23705,2026-02-02 17:30:55,15,255,check-in,2026-02-10 12:11:03
550193,23706,2026-02-02 17:31:02,1,255,check-in,2026-02-10 12:11:03
550182,23707,2026-02-02 17:31:06,1,255,check-in,2026-02-10 12:11:03
550153,23708,2026-02-02 17:31:09,1,255,check-in,2026-02-10 12:11:03
000446,23709,2026-02-02 17:31:18,1,255,check-in,2026-02-10 12:11:03
550196,23710,2026-02-02 17:31:22,1,255,check-in,2026-02-10 12:11:03
550210,23711,2026-02-02 17:31:25,1,255,check-in,2026-02-10 12:11:03
550194,23712,2026-02-02 17:31:28,1,255,check-in,2026-02-10 12:11:03
550044,23713,2026-02-02 17:31:41,1,255,check-in,2026-02-10 12:11:03
660106,23714,2026-02-02 17:31:45,1,255,check-in,2026-02-10 12:11:03
474,23715,2026-02-02 17:31:51,1,255,check-in,2026-02-10 12:11:03
550203,23716,2026-02-02 17:33:09,15,255,check-in,2026-02-10 12:11:03
550226,23717,2026-02-02 17:33:29,1,255,check-in,2026-02-10 12:11:03
550202,23718,2026-02-02 17:33:35,1,255,check-in,2026-02-10 12:11:03
550220,23719,2026-02-02 17:35:07,1,255,check-in,2026-02-10 12:11:03
000487,23720,2026-02-02 17:53:38,1,255,check-in,2026-02-10 12:11:03
660038,23721,2026-02-02 18:18:57,15,255,check-in,2026-02-10 12:11:03
660038,23722,2026-02-02 18:19:00,15,255,check-in,2026-02-10 12:11:03
550204,23723,2026-02-02 18:31:05,1,255,check-in,2026-02-10 12:11:03
550038,23724,2026-02-02 18:58:31,1,255,check-in,2026-02-10 12:11:03
550209,23725,2026-02-02 19:13:12,1,255,check-in,2026-02-10 12:11:03
000447,23726,2026-02-03 00:45:25,1,255,check-in,2026-02-10 12:11:03
000447,23727,2026-02-03 00:45:27,15,255,check-in,2026-02-10 12:11:03
550209,23728,2026-02-03 06:27:51,1,255,check-in,2026-02-10 12:11:03
550204,23729,2026-02-03 06:39:04,1,255,check-in,2026-02-10 12:11:03
550241,23730,2026-02-03 07:00:43,1,255,check-in,2026-02-10 12:11:03
550185,23731,2026-02-03 07:13:09,15,255,check-in,2026-02-10 12:11:03
550232,23732,2026-02-03 07:14:35,1,255,check-in,2026-02-10 12:11:03
550232,23733,2026-02-03 07:14:37,15,255,check-in,2026-02-10 12:11:03
550044,23734,2026-02-03 07:18:48,1,255,check-in,2026-02-10 12:11:03
550203,23735,2026-02-03 07:19:46,1,255,check-in,2026-02-10 12:11:03
000447,23736,2026-02-03 07:23:19,1,255,check-in,2026-02-10 12:11:03
000446,23737,2026-02-03 07:24:22,1,255,check-in,2026-02-10 12:11:03
550205,23738,2026-02-03 07:25:00,1,255,check-in,2026-02-10 12:11:03
000444,23739,2026-02-03 07:27:28,1,255,check-in,2026-02-10 12:11:03
550082,23740,2026-02-03 07:27:31,1,255,check-in,2026-02-10 12:11:03
550038,23741,2026-02-03 07:27:35,1,255,check-in,2026-02-10 12:11:03
550210,23742,2026-02-03 07:29:08,1,255,check-in,2026-02-10 12:11:03
474,23743,2026-02-03 07:29:23,1,255,check-in,2026-02-10 12:11:03
550196,23744,2026-02-03 07:30:20,1,255,check-in,2026-02-10 12:11:03
550220,23745,2026-02-03 07:30:47,1,255,check-in,2026-02-10 12:11:03
550049,23746,2026-02-03 07:32:04,1,255,check-in,2026-02-10 12:11:03
550193,23747,2026-02-03 07:33:18,1,255,check-in,2026-02-10 12:11:03
550160,23748,2026-02-03 07:33:52,1,255,check-in,2026-02-10 12:11:03
550202,23749,2026-02-03 07:33:57,1,255,check-in,2026-02-10 12:11:03
660106,23750,2026-02-03 07:35:54,1,255,check-in,2026-02-10 12:11:03
000487,23751,2026-02-03 07:36:27,1,255,check-in,2026-02-10 12:11:03
550199,23752,2026-02-03 07:39:02,1,255,check-in,2026-02-10 12:11:03
550207,23753,2026-02-03 07:39:56,1,255,check-in,2026-02-10 12:11:03
550182,23754,2026-02-03 07:40:02,1,255,check-in,2026-02-10 12:11:03
660038,23755,2026-02-03 08:13:19,1,255,check-in,2026-02-10 12:11:03
550042,23756,2026-02-03 08:26:02,1,255,check-in,2026-02-10 12:11:03
550207,23757,2026-02-03 15:37:08,1,255,check-in,2026-02-10 12:11:03
550082,23758,2026-02-03 17:29:23,1,255,check-in,2026-02-10 12:11:03
550199,23759,2026-02-03 17:29:27,1,255,check-in,2026-02-10 12:11:03
550049,23760,2026-02-03 17:29:33,1,255,check-in,2026-02-10 12:11:03
550044,23761,2026-02-03 17:29:37,1,255,check-in,2026-02-10 12:11:03
550232,23762,2026-02-03 17:29:45,15,255,check-in,2026-02-10 12:11:03
550232,23763,2026-02-03 17:29:47,1,255,check-in,2026-02-10 12:11:03
550205,23764,2026-02-03 17:29:51,1,255,check-in,2026-02-10 12:11:03
550042,23765,2026-02-03 17:30:00,1,255,check-in,2026-02-10 12:11:03
000444,23766,2026-02-03 17:30:03,1,255,check-in,2026-02-10 12:11:03
000446,23767,2026-02-03 17:30:16,1,255,check-in,2026-02-10 12:11:03
550210,23768,2026-02-03 17:30:21,1,255,check-in,2026-02-10 12:11:03
550182,23769,2026-02-03 17:30:25,1,255,check-in,2026-02-10 12:11:03
474,23770,2026-02-03 17:30:32,1,255,check-in,2026-02-10 12:11:03
550196,23771,2026-02-03 17:30:35,1,255,check-in,2026-02-10 12:11:03
550153,23772,2026-02-03 17:31:24,1,255,check-in,2026-02-10 12:11:03
660106,23773,2026-02-03 17:31:29,1,255,check-in,2026-02-10 12:11:03
550202,23774,2026-02-03 17:34:05,15,255,check-in,2026-02-10 12:11:03
550193,23775,2026-02-03 17:35:48,1,255,check-in,2026-02-10 12:11:03
550220,23776,2026-02-03 17:35:54,1,255,check-in,2026-02-10 12:11:03
550160,23777,2026-02-03 17:36:34,1,255,check-in,2026-02-10 12:11:03
550203,23778,2026-02-03 17:37:45,15,255,check-in,2026-02-10 12:11:03
550203,23779,2026-02-03 17:37:46,1,255,check-in,2026-02-10 12:11:03
550204,23780,2026-02-03 17:38:04,1,255,check-in,2026-02-10 12:11:03
000487,23781,2026-02-03 17:42:38,1,255,check-in,2026-02-10 12:11:03
550209,23782,2026-02-03 18:01:09,1,255,check-in,2026-02-10 12:11:03
660038,23783,2026-02-03 18:19:55,1,255,check-in,2026-02-10 12:11:03
550241,23784,2026-02-03 18:38:11,1,255,check-in,2026-02-10 12:11:03
550185,23785,2026-02-03 18:56:35,15,255,check-in,2026-02-10 12:11:03
550038,23786,2026-02-03 20:47:24,1,255,check-in,2026-02-10 12:11:03
550204,23787,2026-02-05 06:43:20,1,255,check-in,2026-02-10 12:11:03
550241,23788,2026-02-05 06:49:38,1,255,check-in,2026-02-10 12:11:03
550044,23789,2026-02-05 07:13:15,1,255,check-in,2026-02-10 12:11:03
000446,23790,2026-02-05 07:15:30,1,255,check-in,2026-02-10 12:11:03
550153,23791,2026-02-05 07:15:52,1,255,check-in,2026-02-10 12:11:03
550226,23792,2026-02-05 07:17:37,1,255,check-in,2026-02-10 12:11:03
000447,23793,2026-02-05 07:21:18,1,255,check-in,2026-02-10 12:11:03
550185,23794,2026-02-05 07:21:40,15,255,check-in,2026-02-10 12:11:03
550038,23795,2026-02-05 07:24:10,1,255,check-in,2026-02-10 12:11:03
550194,23796,2026-02-05 07:24:16,1,255,check-in,2026-02-10 12:11:03
550193,23797,2026-02-05 07:25:45,1,255,check-in,2026-02-10 12:11:03
550203,23798,2026-02-05 07:26:43,15,255,check-in,2026-02-10 12:11:03
550203,23799,2026-02-05 07:26:45,1,255,check-in,2026-02-10 12:11:03
550082,23800,2026-02-05 07:27:07,1,255,check-in,2026-02-10 12:11:03
000444,23801,2026-02-05 07:27:50,1,255,check-in,2026-02-10 12:11:03
000487,23802,2026-02-05 07:32:16,1,255,check-in,2026-02-10 12:11:03
550199,23803,2026-02-05 07:32:21,1,255,check-in,2026-02-10 12:11:03
550049,23804,2026-02-05 07:33:28,1,255,check-in,2026-02-10 12:11:03
660106,23805,2026-02-05 07:34:13,1,255,check-in,2026-02-10 12:11:03
550042,23806,2026-02-05 07:35:40,15,255,check-in,2026-02-10 12:11:03
550042,23807,2026-02-05 07:35:42,1,255,check-in,2026-02-10 12:11:03
550160,23808,2026-02-05 07:36:10,1,255,check-in,2026-02-10 12:11:03
550210,23809,2026-02-05 07:36:26,1,255,check-in,2026-02-10 12:11:03
550179,23810,2026-02-05 07:38:40,15,255,check-in,2026-02-10 12:11:03
550179,23811,2026-02-05 07:38:41,1,255,check-in,2026-02-10 12:11:03
550220,23812,2026-02-05 07:44:27,1,255,check-in,2026-02-10 12:11:03
474,23813,2026-02-05 07:52:11,1,255,check-in,2026-02-10 12:11:03
660038,23814,2026-02-05 07:55:53,1,255,check-in,2026-02-10 12:11:03
550202,23815,2026-02-05 09:03:07,1,255,check-in,2026-02-10 12:11:03
550209,23816,2026-02-05 09:33:56,1,255,check-in,2026-02-10 12:11:03
550049,23817,2026-02-05 17:30:05,1,255,check-in,2026-02-10 12:11:03
550082,23818,2026-02-05 17:30:11,1,255,check-in,2026-02-10 12:11:03
550199,23819,2026-02-05 17:30:37,1,255,check-in,2026-02-10 12:11:03
000444,23820,2026-02-05 17:30:45,1,255,check-in,2026-02-10 12:11:03
550042,23821,2026-02-05 17:30:59,1,255,check-in,2026-02-10 12:11:03
000447,23822,2026-02-05 17:31:03,1,255,check-in,2026-02-10 12:11:03
660038,23823,2026-02-05 17:31:11,1,255,check-in,2026-02-10 12:11:03
550044,23824,2026-02-05 17:31:17,1,255,check-in,2026-02-10 12:11:03
550193,23825,2026-02-05 17:31:20,1,255,check-in,2026-02-10 12:11:03
550194,23826,2026-02-05 17:31:24,1,255,check-in,2026-02-10 12:11:03
000446,23827,2026-02-05 17:31:27,1,255,check-in,2026-02-10 12:11:03
660106,23828,2026-02-05 17:31:35,1,255,check-in,2026-02-10 12:11:03
550153,23829,2026-02-05 17:31:40,15,255,check-in,2026-02-10 12:11:03
474,23830,2026-02-05 17:31:49,1,255,check-in,2026-02-10 12:11:03
660106,23831,2026-02-05 17:31:53,1,255,check-in,2026-02-10 12:11:03
550210,23832,2026-02-05 17:32:01,1,255,check-in,2026-02-10 12:11:03
550203,23833,2026-02-05 17:32:05,1,255,check-in,2026-02-10 12:11:03
550204,23834,2026-02-05 17:32:43,1,255,check-in,2026-02-10 12:11:03
550226,23835,2026-02-05 17:32:49,1,255,check-in,2026-02-10 12:11:03
550220,23836,2026-02-05 17:33:06,1,255,check-in,2026-02-10 12:11:03
550204,23837,2026-02-05 17:33:26,1,255,check-in,2026-02-10 12:11:03
550202,23838,2026-02-05 17:35:22,1,255,check-in,2026-02-10 12:11:03
550179,23839,2026-02-05 17:36:33,1,255,check-in,2026-02-10 12:11:03
550160,23840,2026-02-05 17:37:41,1,255,check-in,2026-02-10 12:11:03
000487,23841,2026-02-05 17:44:45,1,255,check-in,2026-02-10 12:11:03
550185,23842,2026-02-05 18:02:40,1,255,check-in,2026-02-10 12:11:03
550241,23843,2026-02-05 18:02:51,1,255,check-in,2026-02-10 12:11:03
550209,23844,2026-02-05 19:32:07,1,255,check-in,2026-02-10 12:11:03
550241,23845,2026-02-06 06:51:06,1,255,check-in,2026-02-10 12:11:03
550204,23846,2026-02-06 07:00:57,1,255,check-in,2026-02-10 12:11:03
550044,23847,2026-02-06 07:09:18,1,255,check-in,2026-02-10 12:11:03
550209,23848,2026-02-06 07:16:06,1,255,check-in,2026-02-10 12:11:03
550232,23849,2026-02-06 07:16:16,1,255,check-in,2026-02-10 12:11:03
550153,23850,2026-02-06 07:16:49,1,255,check-in,2026-02-10 12:11:03
550226,23851,2026-02-06 07:16:58,1,255,check-in,2026-02-10 12:11:03
000447,23852,2026-02-06 07:17:42,1,255,check-in,2026-02-10 12:11:03
000447,23853,2026-02-06 07:17:44,15,255,check-in,2026-02-10 12:11:03
550185,23854,2026-02-06 07:18:35,1,255,check-in,2026-02-10 12:11:03
550205,23855,2026-02-06 07:19:02,1,255,check-in,2026-02-10 12:11:03
550038,23856,2026-02-06 07:19:13,1,255,check-in,2026-02-10 12:11:03
550203,23857,2026-02-06 07:20:37,1,255,check-in,2026-02-10 12:11:03
000446,23858,2026-02-06 07:22:36,1,255,check-in,2026-02-10 12:11:03
550082,23859,2026-02-06 07:24:30,1,255,check-in,2026-02-10 12:11:03
550179,23860,2026-02-06 07:27:32,1,255,check-in,2026-02-10 12:11:03
550194,23861,2026-02-06 07:27:38,1,255,check-in,2026-02-10 12:11:03
550199,23862,2026-02-06 07:30:15,1,255,check-in,2026-02-10 12:11:03
000444,23863,2026-02-06 07:30:35,1,255,check-in,2026-02-10 12:11:03
550210,23864,2026-02-06 07:30:50,1,255,check-in,2026-02-10 12:11:03
660106,23865,2026-02-06 07:31:22,1,255,check-in,2026-02-10 12:11:03
550196,23866,2026-02-06 07:31:28,1,255,check-in,2026-02-10 12:11:03
550220,23867,2026-02-06 07:32:00,1,255,check-in,2026-02-10 12:11:03
550193,23868,2026-02-06 07:33:06,1,255,check-in,2026-02-10 12:11:03
550207,23869,2026-02-06 07:35:08,1,255,check-in,2026-02-10 12:11:03
550182,23870,2026-02-06 07:35:37,1,255,check-in,2026-02-10 12:11:03
000487,23871,2026-02-06 07:44:37,1,255,check-in,2026-02-10 12:11:03
474,23872,2026-02-06 07:52:32,1,255,check-in,2026-02-10 12:11:03
660038,23873,2026-02-06 08:11:12,1,255,check-in,2026-02-10 12:11:03
550160,23874,2026-02-06 08:12:37,1,255,check-in,2026-02-10 12:11:03
550042,23875,2026-02-06 09:28:21,1,255,check-in,2026-02-10 12:11:03
000446,23876,2026-02-06 12:09:34,1,255,check-in,2026-02-10 12:11:03
550209,23877,2026-02-06 16:17:55,1,255,check-in,2026-02-10 12:11:03
550082,23878,2026-02-06 17:30:50,1,255,check-in,2026-02-10 12:11:03
550196,23879,2026-02-06 17:31:07,1,255,check-in,2026-02-10 12:11:03
550207,23880,2026-02-06 17:31:11,1,255,check-in,2026-02-10 12:11:03
550226,23881,2026-02-06 17:31:52,1,255,check-in,2026-02-10 12:11:03
550205,23882,2026-02-06 17:31:56,1,255,check-in,2026-02-10 12:11:03
550049,23883,2026-02-06 17:31:58,1,255,check-in,2026-02-10 12:11:03
474,23884,2026-02-06 17:32:03,1,255,check-in,2026-02-10 12:11:03
550160,23885,2026-02-06 17:32:05,1,255,check-in,2026-02-10 12:11:03
550194,23886,2026-02-06 17:32:22,1,255,check-in,2026-02-10 12:11:03
550153,23887,2026-02-06 17:32:25,1,255,check-in,2026-02-10 12:11:03
550182,23888,2026-02-06 17:32:29,1,255,check-in,2026-02-10 12:11:03
550182,23889,2026-02-06 17:32:30,15,255,check-in,2026-02-10 12:11:03
550210,23890,2026-02-06 17:32:35,1,255,check-in,2026-02-10 12:11:03
550042,23891,2026-02-06 17:32:39,1,255,check-in,2026-02-10 12:11:03
660038,23892,2026-02-06 17:32:45,1,255,check-in,2026-02-10 12:11:03
550044,23893,2026-02-06 17:32:53,1,255,check-in,2026-02-10 12:11:03
660106,23894,2026-02-06 17:33:00,1,255,check-in,2026-02-10 12:11:03
550193,23895,2026-02-06 17:34:43,1,255,check-in,2026-02-10 12:11:03
550220,23896,2026-02-06 17:34:48,1,255,check-in,2026-02-10 12:11:03
550203,23897,2026-02-06 17:35:38,1,255,check-in,2026-02-10 12:11:03
000444,23898,2026-02-06 17:35:42,1,255,check-in,2026-02-10 12:11:03
550179,23899,2026-02-06 17:36:40,1,255,check-in,2026-02-10 12:11:03
550204,23900,2026-02-06 17:39:18,1,255,check-in,2026-02-10 12:11:03
000487,23901,2026-02-06 17:46:42,1,255,check-in,2026-02-10 12:11:03
550199,23902,2026-02-06 18:15:49,1,255,check-in,2026-02-10 12:11:03
550241,23903,2026-02-06 19:06:32,1,255,check-in,2026-02-10 12:11:03
550185,23904,2026-02-06 19:07:52,1,255,check-in,2026-02-10 12:11:03
550038,23905,2026-02-06 20:57:25,1,255,check-in,2026-02-10 12:11:03
550241,23906,2026-02-07 06:59:34,1,255,check-in,2026-02-10 12:11:03
000447,23907,2026-02-07 07:05:05,1,255,check-in,2026-02-10 12:11:03
550241,23908,2026-02-07 07:05:15,1,255,check-in,2026-02-10 12:11:03
000487,23909,2026-02-07 07:39:51,1,255,check-in,2026-02-10 12:11:03
550194,23910,2026-02-07 07:44:34,1,255,check-in,2026-02-10 12:11:03
550049,23911,2026-02-07 07:46:42,1,255,check-in,2026-02-10 12:11:03
550204,23912,2026-02-07 08:04:22,1,255,check-in,2026-02-10 12:11:03
550038,23913,2026-02-07 08:06:46,1,255,check-in,2026-02-10 12:11:03
660038,23914,2026-02-07 08:32:34,1,255,check-in,2026-02-10 12:11:03
550049,23915,2026-02-07 17:02:18,1,255,check-in,2026-02-10 12:11:03
550038,23916,2026-02-07 17:02:56,1,255,check-in,2026-02-10 12:11:03
550194,23917,2026-02-07 17:04:35,1,255,check-in,2026-02-10 12:11:03
550204,23918,2026-02-07 17:11:38,1,255,check-in,2026-02-10 12:11:03
000487,23919,2026-02-07 17:16:09,1,255,check-in,2026-02-10 12:11:03
550241,23920,2026-02-07 19:24:37,1,255,check-in,2026-02-10 12:11:03
550241,23921,2026-02-08 07:20:39,1,255,check-in,2026-02-10 12:11:03
550194,23922,2026-02-08 07:47:05,1,255,check-in,2026-02-10 12:11:03
550049,23923,2026-02-08 07:56:39,1,255,check-in,2026-02-10 12:11:03
550194,23924,2026-02-08 18:46:50,1,255,check-in,2026-02-10 12:11:03
550241,23925,2026-02-08 18:54:26,1,255,check-in,2026-02-10 12:11:03
550204,23926,2026-02-09 06:56:37,1,255,check-in,2026-02-10 12:11:03
550241,23927,2026-02-09 07:03:08,1,255,check-in,2026-02-10 12:11:03
000446,23928,2026-02-09 07:12:22,1,255,check-in,2026-02-10 12:11:03
550226,23929,2026-02-09 07:12:26,1,255,check-in,2026-02-10 12:11:03
550232,23930,2026-02-09 07:15:59,1,255,check-in,2026-02-10 12:11:03
550232,23931,2026-02-09 07:16:01,15,255,check-in,2026-02-10 12:11:03
550153,23932,2026-02-09 07:16:43,15,255,check-in,2026-02-10 12:11:03
550153,23933,2026-02-09 07:16:45,1,255,check-in,2026-02-10 12:11:03
550185,23934,2026-02-09 07:16:52,1,255,check-in,2026-02-10 12:11:03
550194,23935,2026-02-09 07:19:02,1,255,check-in,2026-02-10 12:11:03
000447,23936,2026-02-09 07:19:10,1,255,check-in,2026-02-10 12:11:03
550182,23937,2026-02-09 07:25:39,1,255,check-in,2026-02-10 12:11:03
550203,23938,2026-02-09 07:26:09,15,255,check-in,2026-02-10 12:11:03
550203,23939,2026-02-09 07:26:11,1,255,check-in,2026-02-10 12:11:03
550205,23940,2026-02-09 07:27:34,1,255,check-in,2026-02-10 12:11:03
550196,23941,2026-02-09 07:27:53,1,255,check-in,2026-02-10 12:11:03
550179,23942,2026-02-09 07:29:13,1,255,check-in,2026-02-10 12:11:03
550220,23943,2026-02-09 07:29:19,1,255,check-in,2026-02-10 12:11:03
550193,23944,2026-02-09 07:29:28,1,255,check-in,2026-02-10 12:11:03
550082,23945,2026-02-09 07:29:51,1,255,check-in,2026-02-10 12:11:03
550038,23946,2026-02-09 07:30:07,1,255,check-in,2026-02-10 12:11:03
550199,23947,2026-02-09 07:31:14,1,255,check-in,2026-02-10 12:11:03
550160,23948,2026-02-09 07:31:36,1,255,check-in,2026-02-10 12:11:03
000487,23949,2026-02-09 07:32:11,1,255,check-in,2026-02-10 12:11:03
550049,23950,2026-02-09 07:33:19,1,255,check-in,2026-02-10 12:11:03
660106,23951,2026-02-09 07:37:10,1,255,check-in,2026-02-10 12:11:03
550207,23952,2026-02-09 07:38:22,1,255,check-in,2026-02-10 12:11:03
474,23953,2026-02-09 07:45:46,1,255,check-in,2026-02-10 12:11:03
550209,23954,2026-02-09 07:50:47,1,255,check-in,2026-02-10 12:11:03
660038,23955,2026-02-09 07:54:11,1,255,check-in,2026-02-10 12:11:03
550202,23956,2026-02-09 09:03:46,15,255,check-in,2026-02-10 12:11:03
550044,23957,2026-02-09 09:37:04,1,255,check-in,2026-02-10 12:11:03
1111,23958,2026-02-09 10:34:12,3,255,check-in,2026-02-10 12:11:03
550210,23959,2026-02-09 11:41:17,1,255,check-in,2026-02-10 12:11:03
000444,23960,2026-02-09 11:46:50,1,255,check-in,2026-02-10 12:11:03
550226,23961,2026-02-09 13:07:04,1,255,check-in,2026-02-10 12:11:03
550082,23962,2026-02-09 17:30:14,1,255,check-in,2026-02-10 12:11:03
550082,23963,2026-02-09 17:30:16,15,255,check-in,2026-02-10 12:11:03
000444,23964,2026-02-09 17:30:17,1,255,check-in,2026-02-10 12:11:03
550207,23965,2026-02-09 17:30:52,1,255,check-in,2026-02-10 12:11:03
550194,23966,2026-02-09 17:31:17,1,255,check-in,2026-02-10 12:11:03
474,23967,2026-02-09 17:31:24,1,255,check-in,2026-02-10 12:11:03
550199,23968,2026-02-09 17:32:47,1,255,check-in,2026-02-10 12:11:03
550205,23969,2026-02-09 17:34:05,1,255,check-in,2026-02-10 12:11:03
550210,23970,2026-02-09 17:34:10,1,255,check-in,2026-02-10 12:11:03
550044,23971,2026-02-09 17:34:14,1,255,check-in,2026-02-10 12:11:03
660106,23972,2026-02-09 17:34:18,1,255,check-in,2026-02-10 12:11:03
660038,23973,2026-02-09 17:34:26,1,255,check-in,2026-02-10 12:11:03
550182,23974,2026-02-09 17:34:30,1,255,check-in,2026-02-10 12:11:03
550182,23975,2026-02-09 17:34:32,15,255,check-in,2026-02-10 12:11:03
550232,23976,2026-02-09 17:34:40,1,255,check-in,2026-02-10 12:11:03
550232,23977,2026-02-09 17:34:42,15,255,check-in,2026-02-10 12:11:03
550203,23978,2026-02-09 17:34:48,1,255,check-in,2026-02-10 12:11:03
550179,23979,2026-02-09 17:35:31,1,255,check-in,2026-02-10 12:11:03
550204,23980,2026-02-09 17:36:12,1,255,check-in,2026-02-10 12:11:03
550220,23981,2026-02-09 17:37:12,1,255,check-in,2026-02-10 12:11:03
550193,23982,2026-02-09 17:38:17,1,255,check-in,2026-02-10 12:11:03
550202,23983,2026-02-09 17:38:37,1,255,check-in,2026-02-10 12:11:03
550160,23984,2026-02-09 17:40:00,1,255,check-in,2026-02-10 12:11:03
000487,23985,2026-02-09 17:40:45,1,255,check-in,2026-02-10 12:11:03
550196,23986,2026-02-09 18:01:33,1,255,check-in,2026-02-10 12:11:03
550153,23987,2026-02-09 19:00:12,1,255,check-in,2026-02-10 12:11:03
550049,23988,2026-02-09 19:38:27,1,255,check-in,2026-02-10 12:11:03
000446,23989,2026-02-09 20:03:28,1,255,check-in,2026-02-10 12:11:03
550241,23990,2026-02-09 20:05:48,1,255,check-in,2026-02-10 12:11:03
550185,23991,2026-02-09 20:06:43,1,255,check-in,2026-02-10 12:11:03
550209,23992,2026-02-09 20:31:50,1,255,check-in,2026-02-10 12:11:03
550038,23993,2026-02-09 21:06:26,1,255,check-in,2026-02-10 12:11:03
000447,23994,2026-02-10 04:16:25,1,255,check-in,2026-02-10 12:11:03
550204,23995,2026-02-10 06:42:10,1,255,check-in,2026-02-10 12:11:03
550241,23996,2026-02-10 07:02:01,1,255,check-in,2026-02-10 12:11:03
550044,23997,2026-02-10 07:14:07,1,255,check-in,2026-02-10 12:11:03
550185,23998,2026-02-10 07:14:26,1,255,check-in,2026-02-10 12:11:03
550194,23999,2026-02-10 07:14:59,1,255,check-in,2026-02-10 12:11:03
000446,24000,2026-02-10 07:15:03,1,255,check-in,2026-02-10 12:11:03
550209,24001,2026-02-10 07:15:20,1,255,check-in,2026-02-10 12:11:03
550199,24002,2026-02-10 07:19:47,1,255,check-in,2026-02-10 12:11:03
550179,24003,2026-02-10 07:20:03,1,255,check-in,2026-02-10 12:11:03
550038,24004,2026-02-10 07:21:14,1,255,check-in,2026-02-10 12:11:03
550220,24005,2026-02-10 07:29:37,1,255,check-in,2026-02-10 12:11:03
000444,24006,2026-02-10 07:29:42,1,255,check-in,2026-02-10 12:11:03
550042,24007,2026-02-10 07:29:55,1,255,check-in,2026-02-10 12:11:03
660106,24008,2026-02-10 07:30:00,1,255,check-in,2026-02-10 12:11:03
550210,24009,2026-02-10 07:30:10,1,255,check-in,2026-02-10 12:11:03
550182,24010,2026-02-10 07:30:49,1,255,check-in,2026-02-10 12:11:03
550193,24011,2026-02-10 07:32:16,1,255,check-in,2026-02-10 12:11:03
550202,24012,2026-02-10 07:35:39,1,255,check-in,2026-02-10 12:11:03
000487,24013,2026-02-10 07:43:05,1,255,check-in,2026-02-10 12:11:03
660038,24014,2026-02-10 07:51:51,1,255,check-in,2026-02-10 12:11:03
660038,24015,2026-02-10 07:52:00,1,255,check-in,2026-02-10 12:11:03
550196,24016,2026-02-10 08:02:15,1,255,check-in,2026-02-10 12:11:03
550203,24017,2026-02-10 08:12:58,1,255,check-in,2026-02-10 12:11:03
550153,24018,2026-02-10 09:21:34,1,255,check-in,2026-02-10 12:11:03
550049,24019,2026-02-10 09:25:18,1,255,check-in,2026-02-10 12:11:03
000447,24020,2026-02-10 10:04:25,1,255,check-in,2026-02-10 12:11:03
550160,24021,2026-02-10 11:59:03,1,255,check-in,2026-02-10 12:11:03
550082,24022,2026-02-10 12:17:21,1,255,check-in,2026-02-10 14:57:58
